PuzzleId,FEN,Moves,Rating,RatingDeviation,Popularity,NbPlays,Themes,GameUrl,OpeningTags
00QOp,4r3/pp2rkp1/2p5/P2p2pP/R4bP1/2NQ4/1PP2P2/3Kq2R w - - 3 25,h1e1 e7e1,425,90,100,294,mate mateIn1 middlegame oneMove pillsburysMate,https://lichess.org/7puRAwZg#49,
01HvT,r1b1k2r/pp3ppp/2p1pn2/4P1B1/Pbp5/2N1P3/1P3PPP/3RKB1R b Kkq - 0 10,f6e4 d1d8,432,99,100,317,mate mateIn1 middlegame oneMove operaMate,https://lichess.org/mOSK58xR/black#20,Slav_Defense Slav_Defense_Soultanbeieff_Variation
00eiu,r5k1/1b1pn1p1/1p5p/pq1PN2B/4P3/P6Q/6PP/R4r1K w - - 0 26,a1f1 b5f1,455,92,100,175,kingsideAttack mate mateIn1 middlegame oneMove,https://lichess.org/FN8YasJv#51,
008Nz,6k1/2p2ppp/pnp5/B7/2P3PP/1P1bPPR1/r6r/3R2K1 b - - 1 29,d3e2 d1d8,473,99,85,893,backRankMate mate mateIn1 middlegame oneMove,https://lichess.org/HNU4zavC/black#58,
00FHX,2r3k1/5p1p/4pP2/3p3P/8/5P2/p1b3P1/2R3K1 b - - 0 30,c2b1 c1c8,473,96,85,851,endgame hangingPiece mate mateIn1 oneMove,https://lichess.org/rztVgThB/black#60,
00CFp,rn1q3k/pp4pp/1b2B3/4N3/5r2/2p5/PP4PP/RN3Q1K w - - 0 16,f1f4 d8d1 f4f1 d1f1,477,90,88,444,kingsideAttack mate mateIn2 middlegame short,https://lichess.org/6VajuPk6#31,Kings_Gambit_Accepted Kings_Gambit_Accepted_Kings_Knights_Gambit
019Z4,r1b2rk1/p2n2bp/4pqp1/2pp4/5PPP/2N1B3/PPPQ4/2KR1B1R w - - 0 16,c3d5 f6b2,485,90,100,241,mate mateIn1 middlegame oneMove queensideAttack,https://lichess.org/Z6qRFYhT#31,Sicilian_Defense Sicilian_Defense_Dragon_Variation
0119E,5R1k/4q2p/3Np1bP/4P3/3P2P1/2n5/8/5QK1 b - - 6 45,e7f8 f1f8,492,95,86,1350,endgame hangingPiece mate mateIn1 oneMove,https://lichess.org/krqkZh3J/black#90,
00uHj,r5k1/p4p1p/1p3ppB/8/1npP4/4QP1q/P1P2P2/4R1K1 b - - 2 21,b4c2 e3e8 a8e8 e1e8,494,92,87,165,endgame mate mateIn2 pillsburysMate sacrifice short,https://lichess.org/N48YPLL7/black#42,
00Dlt,r3kb1r/p4pp1/b1p4p/n3p3/4N3/2Nq1Q2/PP1P1PPP/R1B2RK1 w kq - 0 14,f3f5 d3f1,510,95,82,200,kingsideAttack mate mateIn1 oneMove opening,https://lichess.org/fDwnUxIU#27,Italian_Game Italian_Game_Two_Knights_Defense
00pcf,1k1r3r/ppqn2p1/2p1p1p1/8/1B1PQ3/2P5/PP3PPP/R3K2R w KQ - 1 18,e1g1 c7h2,511,87,100,298,kingsideAttack mate mateIn1 middlegame oneMove,https://lichess.org/3LNGH65c#35,Caro-Kann_Defense Caro-Kann_Defense_Classical_Variation
00GoO,r1b2rk1/ppb5/2p4p/2Ppqpp1/1P6/2N1P3/P3BPPP/2RQ1RK1 w - - 0 16,e2d3 e5h2,524,89,100,294,kingsideAttack mate mateIn1 middlegame oneMove,https://lichess.org/sf8dREp6#31,Dutch_Defense Dutch_Defense_Normal_Variation
00all,6k1/5ppp/4p1b1/1N1pP3/1P1n4/r7/5PPP/2R2BK1 b - - 0 25,d4b5 c1c8,535,99,96,339,backRankMate endgame mate mateIn1 oneMove,https://lichess.org/84IXBueE/black#50,
007HB,rn2q1k1/pp3ppp/2pb4/3p1B2/2Pn4/1Q3N2/PP3PPP/R1B4K w - - 0 15,f3d4 e8e1,538,92,86,185,mate mateIn1 middlegame oneMove,https://lichess.org/prYQo0BK#29,Petrovs_Defense Petrovs_Defense_Classical_Attack
00bSy,1kr1r3/1pp4p/p2b2p1/3N1p2/P7/3P1Q1P/2R2PP1/2R1q1K1 w - - 7 27,c1e1 e8e1,544,95,83,372,kingsideAttack master mate mateIn1 middlegame oneMove pillsburysMate,https://lichess.org/s7Pa0Pux#53,
00HAM,R2q1r1k/1p3Qpp/1n6/3P2pP/2PP2P1/1P6/2K5/5R2 b - - 0 29,d8a8 f7f8 a8f8 f1f8,545,79,100,102,backRankMate endgame mate mateIn2 short,https://lichess.org/BgVpYpY8/black#58,
00teH,r1b2r1k/1pp1b1pp/p1np2q1/3Qp3/1PB1P3/P3BN1P/2P2PP1/R2R3K b - - 6 17,f8f3 d5g8,553,91,100,226,mate mateIn1 middlegame oneMove,https://lichess.org/1YS5PpCk/black#34,Italian_Game Italian_Game_Rousseau_Gambit
01749,2r3k1/5ppp/4p3/3n4/2QB4/1r4P1/5PKP/R2q4 b - - 1 32,c8c4 a1a8 b3b8 a8b8 c4c8 b8c8,553,97,90,1178,endgame long mate mateIn3,https://lichess.org/OVh3Rgxm/black#64,
0071N,6k1/p4pp1/1p5p/4b3/4B3/4P1P1/PpR2PKP/3r4 b - - 1 30,b2b1q c2c8 d1d8 c8d8,554,93,93,283,endgame mate mateIn2 pillsburysMate short,https://lichess.org/HRlw71ON/black#60,
00Xn1,3r2k1/5pp1/2p3np/2b5/1p2P1b1/1BN3B1/1PP3PP/4KR2 w - - 0 21,c3a4 d8d1,556,84,100,351,master mate mateIn1 middlegame oneMove operaMate pillsburysMate,https://lichess.org/GK88IOTY#41,
00xiD,r4rk1/4qppp/b3p3/pp1pP3/3P4/3Q4/PPB2PPP/R4RK1 b - - 1 17,b5b4 d3h7,559,91,100,297,kingsideAttack mate mateIn1 middlegame oneMove,https://lichess.org/JiOcabu9/black#34,Queens_Gambit_Declined Queens_Gambit_Declined_Other_variations
00Cfq,6k1/ppR2pp1/4p1p1/4P1N1/3r2P1/1P4K1/P6r/8 b - - 5 30,h2e2 c7c8 d4d8 c8d8,562,86,100,522,endgame mate mateIn2 short,https://lichess.org/Mtebd1Gr/black#60,
014Sm,7k/6p1/4R2p/3r4/6nP/4B3/5PP1/6K1 w - - 3 44,e3f4 d5d1 e6e1 d1e1,562,82,100,140,endgame mate mateIn2 short,https://lichess.org/vOOr8GTX#87,
001KR,6Qk/p1p3pp/4N3/1p6/2q1r1n1/2B5/PP4PP/3R1R1K b - - 0 28,h8g8 f1f8,563,81,100,185,mate mateIn1 middlegame oneMove,https://lichess.org/TaT1Zl7z/black#56,
00EXP,2n3k1/p4ppp/2p1p3/P1NrP3/1n1r4/3N4/5PPP/1R1R2K1 w - - 0 29,d3b4 d4d1 b1d1 d5d1,564,95,100,128,backRankMate mate mateIn2 middlegame short,https://lichess.org/YsjTBKuB#57,
00465,3r1Q1k/pp4pp/2p5/6q1/5R2/2P5/P1P2PPP/3rR1K1 b - - 8 27,d8f8 f4f8,571,92,91,376,backRankMate endgame mate mateIn1 oneMove queenRookEndgame,https://lichess.org/h21VtqGG/black#54,
007fJ,8/1P3ppp/8/8/8/2pk3P/3p2P1/3K4 w - - 0 52,b7b8q c3c2,571,100,89,686,advancedPawn endgame mate mateIn1 oneMove queenEndgame,https://lichess.org/34ezZi7R#103,
00UkB,8/8/n1R4p/P5p1/r4p1k/7P/5PK1/8 b - - 5 50,a4a5 c6h6,572,97,96,198,endgame mate mateIn1 oneMove,https://lichess.org/A2DzkmFy/black#100,
00WiZ,3r1rk1/p3R2p/bp1P2p1/2P5/7Q/P2q1P1P/6P1/2R3K1 b - - 5 34,b6c5 h4h7,573,79,100,221,mate mateIn1 middlegame oneMove,https://lichess.org/tGch7j6L/black#68,
00NR5,R5k1/3r2pp/3N4/1nP5/6P1/1P3P2/P2K2n1/8 b - - 1 30,d7d8 a8d8,575,84,100,230,endgame hangingPiece mate mateIn1 oneMove,https://lichess.org/nRo0kQGD/black#60,
002vV,8/6k1/2R4p/5p1P/5P1K/6P1/8/r7 w - - 2 58,c6b6 a1h1,576,88,100,619,endgame master mate mateIn1 oneMove rookEndgame,https://lichess.org/KB7FAntf#115,
009bn,2kr2r1/ppb2ppp/3qbn2/2Np2B1/P7/2P2Q1P/1PB2PP1/R4RK1 w - - 5 18,c5e6 d6h2,580,79,100,397,mate mateIn1 middlegame oneMove,https://lichess.org/Zw4AxPzS#35,Caro-Kann_Defense Caro-Kann_Defense_Exchange_Variation
00awK,r5k1/2p2Qpp/p7/4b3/8/8/1PP1KR2/2q5 b - - 0 24,g8h8 f7f8 a8f8 f2f8,586,82,100,426,backRankMate endgame mate mateIn2 sacrifice short,https://lichess.org/D9JaNyrl/black#48,
00OPi,5k2/5p1p/1p1P2p1/1B6/5P2/1P3KP1/n6P/8 w - - 0 38,f3e4 a2c3 e4d4 c3b5,586,93,97,638,advantage endgame fork master short,https://lichess.org/4K29qsm1#75,
00LdT,r5k1/pbp2ppp/6q1/2pp4/3B3r/2P1R1P1/PP2QP1P/R5K1 b - - 1 20,c5d4 e3e8 a8e8 e2e8,587,93,80,159,kingsideAttack mate mateIn2 middlegame short,https://lichess.org/MH7zaBHa/black#40,
011Ob,1B6/5kpp/8/pp1K4/8/3N4/6rP/8 b - - 0 37,g2g4 d3e5 f7f6 e5g4,595,85,84,240,advantage endgame fork short,https://lichess.org/Vx1Uvz3B/black#74,
00jUu,8/5ppk/p1Q4p/2R4P/1q2P3/5P2/1P4P1/1K1n4 w - - 2 45,c5c1 b4b2,617,82,100,334,endgame master mate mateIn1 oneMove,https://lichess.org/ZhzdgIpD#89,
00TU2,1k1r4/1p3Qp1/p2q3p/3N4/1b6/8/PP3PPP/2R3K1 w - - 4 22,d5b4 d6d1 c1d1 d8d1,623,99,89,1354,backRankMate endgame mate mateIn2 sacrifice short,https://lichess.org/p32396Rd#43,
009tE,6k1/6pp/p1N2p2/1pP2bP1/5P2/8/PPP5/3K4 b - - 1 28,f6g5 c6e7 g8f7 e7f5,624,91,89,856,crushing endgame fork short,https://lichess.org/fUV1iXBx/black#56,
00ad3,2kr3r/ppp2p2/2nb1n1p/4q1p1/Q7/N1P1B3/PP2NPPP/R4RK1 w - - 2 13,a3c4 e5h2,626,80,100,125,kingsideAttack mate mateIn1 middlegame oneMove,https://lichess.org/3V6Uwh23#25,Scandinavian_Defense Scandinavian_Defense_Portuguese_Gambit
00rIF,1r6/p7/1p3k1K/P2p2pR/2p5/2P3P1/2P3P1/1R6 w - - 3 36,h5g5 b8h8,627,95,88,619,endgame mate mateIn1 oneMove rookEndgame,https://lichess.org/aOqnitxA#71,
00CpR,4r1k1/B7/2p2pK1/3n3p/8/1Q3PP1/P6r/8 b - - 0 31,e8e5 b3b8 e5e8 b8e8,629,89,85,320,endgame mate mateIn2 short,https://lichess.org/tX2xyrPX/black#62,
01GkW,5b1k/pQ6/5BBp/5P2/3q2p1/7P/6PK/8 b - - 0 36,d4f6 b7h7,629,100,95,290,endgame mate mateIn1 oneMove,https://lichess.org/i07nEgsG/black#72,
00ax2,r1b2q1k/1pp3p1/1b1p3p/1p5Q/P1P1Bp2/3P4/6PP/5R1K b - - 1 23,f8f6 h5e8 f6f8 e8f8,634,80,100,218,kingsideAttack mate mateIn2 middlegame short,https://lichess.org/zZGnME4m/black#46,
00zxV,rn3k1r/pp2p2p/2p2np1/8/2B5/4q3/PQP3PP/RN3K1R b - - 3 14,f6e4 b2h8,636,87,83,222,hangingPiece mate mateIn1 middlegame oneMove,https://lichess.org/sGDfLqiU/black#28,Caro-Kann_Defense Caro-Kann_Defense_Maroczy_Variation
00fK0,r2q1r2/pp3pk1/2np1Np1/2pN1b2/2B4Q/3P4/PPP3PP/R5K1 b - - 1 17,f5e6 h4h7,639,95,95,324,mate mateIn1 middlegame oneMove,https://lichess.org/PSCBXZwl/black#34,Sicilian_Defense Sicilian_Defense_Closed
00mLm,4Q1nk/p5bp/3P2p1/4p3/4Pq2/1B5P/6P1/7K b - - 2 35,g7h6 e8g8,640,80,100,133,endgame mate mateIn1 oneMove,https://lichess.org/dfm56Es7/black#70,
00Flp,r2q1rk1/ppp2ppp/2n5/3p2N1/3P4/1B5P/P1Q1bPP1/R1B2RK1 b - - 2 16,e2f1 c2h7,643,81,100,267,kingsideAttack mate mateIn1 middlegame oneMove,https://lichess.org/SXoBpAj9/black#32,Italian_Game Italian_Game_Classical_Variation
00f0m,7k/5r2/3p2p1/3Nb1qp/4P3/1P3Q1P/r5P1/5R1K w - - 0 37,f3f7 g5g2,644,78,100,104,endgame mate mateIn1 oneMove,https://lichess.org/oc2S1Yze#73,
019i4,6rk/1R6/6Pp/p1p5/6K1/7r/3b4/8 b - - 5 43,h3h1 b7h7,645,78,100,229,endgame mate mateIn1 oneMove,https://lichess.org/JHLHa5FF/black#86,
007mr,5k2/p2r3p/1p4pP/3r1q2/3Rp3/2P5/PP3PQ1/K3R3 w - - 0 33,d4e4 d5d1 e1d1 d7d1,646,77,100,202,backRankMate endgame mate mateIn2 short,https://lichess.org/J12UnEgz#65,
007AH,3r1n2/1bp1bkpp/p1q2n2/1p6/3P4/P1N3B1/1PP2PPP/R2QR1K1 w - - 5 18,d1e2 c6g2,649,83,100,168,kingsideAttack master mate mateIn1 middlegame oneMove,https://lichess.org/MCM1Gmz4#35,Scandinavian_Defense Scandinavian_Defense_Valencian_Variation
00dYE,7R/pp1n1p2/1kp1p3/3p4/5P2/2N1q3/PPP4Q/2K5 w - - 6 28,c1b1 e3e1 c3d1 e1d1,650,92,100,241,endgame mate mateIn2 short,https://lichess.org/4IFRxlwK#55,
00vZg,5rk1/1b4pp/4B3/2Qp4/2r1p3/6P1/4qP1P/2B2RK1 b - - 3 30,g8h8 c5f8,653,79,100,173,hangingPiece master mate mateIn1 middlegame oneMove,https://lichess.org/r2vtT4Gi/black#60,
00uEf,7k/1R5p/4Nnp1/8/1pr5/5PP1/7P/7K b - - 1 34,f6d5 b7b8 c4c8 b8c8,657,78,100,143,endgame mate mateIn2 short,https://lichess.org/Z4qC2LvJ/black#68,
004yJ,r4rk1/1bp2ppp/p1q1pn2/2P5/8/3B1N2/P1P1QPPP/R4RK1 w - - 0 16,f3e5 c6g2,658,80,83,117,kingsideAttack mate mateIn1 middlegame oneMove,https://lichess.org/8N3Hfj05#31,French_Defense French_Defense_Exchange_Variation
01HgC,rn1q1rkn/pbppbppp/1p2p2B/4P2P/3P2Q1/3B1N2/PPP2PP1/RN2K2R b KQ - 2 9,f7f5 g4g7,661,90,100,147,kingsideAttack mate mateIn1 oneMove opening,https://lichess.org/0KY2Dkpf/black#18,Owen_Defense Owen_Defense_Other_variations
000rZ,2kr1b1r/p1p2pp1/2pqb3/7p/3N2n1/2NPB3/PPP2PPP/R2Q1RK1 w - - 2 13,d4e6 d6h2,662,90,100,636,kingsideAttack mate mateIn1 oneMove opening,https://lichess.org/seIMDWkD#25,Scandinavian_Defense Scandinavian_Defense_Modern_Variation
00656,7r/ppp2kp1/2nb1pp1/3p3r/3P2q1/2PQB2P/PP3PP1/R3R1K1 w - - 0 18,h3g4 h5h1,665,89,97,206,mate mateIn1 middlegame oneMove,https://lichess.org/V9os02rv#35,Scandinavian_Defense Scandinavian_Defense_Modern_Variation
00DAs,r5nr/ppp3p1/3bBk1p/4nP2/3p4/8/PPPN1P1P/R1B1K2R b KQ - 1 15,g8e7 d2e4,665,79,100,273,mate mateIn1 middlegame oneMove,https://lichess.org/FKD6drCM/black#30,Scotch_Game Scotch_Game_Other_variations
00Lvv,2k2br1/1pprn3/p4p2/4p2Q/4P2P/2NqB3/PP4PK/3R4 b - - 1 22,d3e3 h5e8 d7d8 d1d8,670,76,100,194,mate mateIn2 middlegame queensideAttack short,https://lichess.org/PdJPXqW6/black#44,
01EfV,rn2k2r/ppq2p2/2p1pp2/8/2BN2p1/3P4/PPPB1P2/R2Q1RbK w kq - 4 16,h1g1 c7h2,672,100,98,1050,mate mateIn1 middlegame oneMove,https://lichess.org/YkITVZm0#31,Scandinavian_Defense Scandinavian_Defense_Main_Line
01496,1k6/p3r3/1pK5/2n4R/4p3/8/8/8 b - - 8 52,e4e3 h5h8 e7e8 h8e8,674,80,83,139,endgame mate mateIn2 short,https://lichess.org/uK9cK0oT/black#104,
00zVd,3rkbnr/1pp3pp/p4p2/4N3/4b3/8/PPP2PPP/RNB1R1K1 w k - 0 11,e1e4 d8d1 e4e1 d1e1,676,97,86,988,backRankMate fork mate mateIn2 middlegame short,https://lichess.org/i2LOkagE#21,Ruy_Lopez Ruy_Lopez_Steinitz_Defense
00A9Q,2rq1rk1/1p3p1p/p1pn2p1/P2p4/1P1PnP2/3NP3/5PBP/R1Q3RK w - - 2 22,d3c5 e4f2,679,82,100,509,kingsideAttack master mate mateIn1 middlegame oneMove smotheredMate,https://lichess.org/Eek8XUCN#43,
00xnu,2R5/p2r4/knQ3p1/4B3/pq1Pb3/8/5PPP/R5K1 w - - 4 40,a1a4 b4a4 c6a4 b6a4,682,82,100,174,advantage middlegame short,https://lichess.org/Sqk5J29I#79,
00Ui0,r5k1/5pp1/2p5/P1N4p/2Pp1n2/1P3P2/5P1P/3R2K1 w - - 1 26,d1d4 f4e2 g1f1 e2d4,694,96,91,1941,crushing endgame fork short,https://lichess.org/R2pJ0rIG#51,
00eAX,6k1/ppprN1pp/8/8/2r5/2P5/P5PP/3R1RK1 b - - 5 26,d7e7 d1d8 e7e8 d8e8,696,96,98,894,endgame mate mateIn2 rookEndgame short,https://lichess.org/MrdsMkpV/black#52,
008P4,8/4k3/1p1p4/rP2p1p1/P2nP1P1/3BK3/8/R7 w - - 0 35,e3d2 d4b3 d2c3 b3a1,703,93,95,1716,crushing endgame fork short,https://lichess.org/3GoHPRp3#69,
00Hfa,6k1/5ppp/5Bq1/8/p3R3/P6P/2r2QB1/R5K1 b - - 0 29,c2f2 e4e8,704,78,100,159,endgame mate mateIn1 oneMove,https://lichess.org/FXBTZRsW/black#58,
011To,r2qkbnr/pp1np2p/2p2pp1/3p1N2/3P1B2/4P3/PPPN1PPP/R2QKB1R b KQkq - 0 7,g6f5 d1h5,704,97,93,166,mate mateIn1 oneMove opening,https://lichess.org/2g2LOz4f/black#14,Queens_Pawn_Game Queens_Pawn_Game_Other_variations
00NiV,rn2qrk1/ppp2N1p/3pPpB1/3n4/6b1/8/P1QN1PPP/R4RK1 b - - 0 18,h7g6 c2g6,705,86,98,544,kingsideAttack mate mateIn1 middlegame oneMove,https://lichess.org/NvBz7kYS/black#36,Italian_Game Italian_Game_Evans_Gambit
01HU7,2R3k1/8/1p2pBq1/3bP2p/8/5P2/5KP1/8 b - - 1 45,g8h7 c8h8,705,97,100,146,endgame mate mateIn1 oneMove,https://lichess.org/I0FSgmDV/black#90,
005x9,r1b1kb1Q/ppp4p/6pB/3P4/2pn4/8/PPP1qPPP/RN1K3R w q - 2 13,d1c1 e2c2,707,77,100,311,mate mateIn1 middlegame oneMove queensideAttack,https://lichess.org/TiwHxq8n#25,Italian_Game Italian_Game_Rousseau_Gambit
005Ep,5kr1/ppR3p1/3R3p/8/1r1n4/8/1P3PPP/2K5 b - - 4 31,d4b5 d6d8,708,79,100,420,endgame mate mateIn1 oneMove,https://lichess.org/ttFEoJfQ/black#62,
00CYP,3rk2r/p1p2pp1/1p6/2pQ1b2/2Pn1P2/8/PP1P1KBq/R1B1R3 b - - 3 25,e8f8 d5d8,709,77,100,328,hangingPiece mate mateIn1 middlegame oneMove,https://lichess.org/LywFPEls/black#50,
01E8U,r3k2r/p2n1ppp/q1pBp3/3p2Q1/1PpPb3/5NP1/1P2PPBP/5RK1 b kq - 3 18,h8g8 g5e7,709,78,100,134,mate mateIn1 middlegame oneMove,https://lichess.org/G5FKTq2v/black#36,Kings_Indian_Attack Kings_Indian_Attack_Yugoslav_Variation
00ghH,5r1k/6p1/1Q2pq1p/P4r2/3P4/2P1R3/6PP/4R1K1 w - - 1 39,d4d5 f5f1 e1f1 f6f1,710,76,100,1082,endgame mate mateIn2 short,https://lichess.org/ycQ7nVZM#77,
00NAM,r5k1/pp3ppp/8/3p4/3P4/4R2P/q1P1QPPK/8 b - - 1 21,a2c4 e3e8 a8e8 e2e8,715,80,97,448,endgame mate mateIn2 short,https://lichess.org/be70QtoL/black#42,
00TAb,6k1/5pp1/p1N1b3/1n5p/1B4P1/P4P1P/2K5/8 b - - 2 42,e6d5 c6e7 g8h7 e7d5,715,94,95,388,advantage endgame fork master short,https://lichess.org/vPUJ0Lkg/black#84,
00bnX,4rr1k/ppp3pp/3b1p2/7Q/5q2/1PBB3P/P1P3P1/5RK1 b - - 13 26,f4g5 h5h7,722,77,100,122,kingsideAttack mate mateIn1 middlegame oneMove,https://lichess.org/cOFXbSU6/black#52,
00Bot,8/5p2/p3kP2/8/5r2/R1P5/4P3/4K3 b - - 2 52,f4f6 a3a6 e6e5 a6f6,723,79,100,242,crushing endgame rookEndgame short,https://lichess.org/FWA12ElZ/black#104,
016Im,3r2k1/ppp5/1b6/5Npp/6p1/1P1p2P1/PB1Pn1KP/4R3 b - - 3 29,d8d5 f5e7 g8f7 e7d5,731,78,100,256,advantage endgame fork short,https://lichess.org/0r15kPZY/black#58,
00qyT,2rq1rk1/pb2bppp/np2p3/3pP3/3Pn3/P1NQB3/1P1N1PPP/1BR2RK1 b - - 2 16,e4c3 d3h7,732,82,83,234,kingsideAttack mate mateIn1 oneMove opening,https://lichess.org/njE9tv9D/black#32,Sicilian_Defense Sicilian_Defense_Delayed_Alapin_Variation
00pCr,6nk/pRQ4p/6p1/5p2/4p3/2b2nP1/q4PKP/5B2 b - - 3 31,c3d4 c7h7,735,76,100,373,master mate mateIn1 middlegame oneMove,https://lichess.org/NGOQ1yu4/black#62,
01BKZ,2kr1bnr/ppp2ppp/8/8/8/q4N2/bPPBPPPP/2KR1B1R w - - 0 11,b2a3 f8a3,735,96,95,979,mate mateIn1 middlegame oneMove queensideAttack,https://lichess.org/MLJUlMpw#21,Englund_Gambit Englund_Gambit_Other_variations
00BQD,4r3/3R1pkp/6p1/1P6/1b6/5B2/1P1p1PPP/3R2K1 w - - 0 36,d1d2 e8e1,740,100,97,344,backRankMate endgame mate mateIn1 oneMove,https://lichess.org/ckr8Ti7I#71,
00luA,r2q1rk1/1b3pp1/p3p3/3n2b1/1pnN1P2/3Q4/PPP1NB2/1K1R1B1R b - - 2 20,d5f4 d3h7,745,81,89,149,master mate mateIn1 middlegame oneMove,https://lichess.org/hCM9r8D2/black#40,
00s8j,3r4/ppk5/2r5/5Q2/4p3/P7/5PPP/3R2K1 w - - 1 35,d1d8 c6c1 d8d1 c1d1,745,82,100,130,backRankMate endgame mate mateIn2 queenRookEndgame short,https://lichess.org/o149kmbP#69,
0135c,8/3n1k2/p3p1p1/3p2P1/2pP2N1/PrP1KP2/1P4R1/8 w - - 4 41,e3d2 b3b2 d2e1 b2g2,745,81,97,602,crushing endgame short skewer,https://lichess.org/cKkSaaA1#81,
009fH,rn2kb1r/pp2pppp/2p2n2/8/3q2b1/1Q6/PPP2PPP/RNB1KBNR w KQkq - 0 7,b3b7 d4d1,750,85,91,168,mate mateIn1 oneMove opening,https://lichess.org/bFNxjeFg#13,Caro-Kann_Defense Caro-Kann_Defense_Other_variations
012tD,1Q6/5ppk/7p/2pr4/4p3/4P3/2p2PPP/R5K1 w - - 1 36,b8b2 d5d1 a1d1 c2d1q,764,82,97,434,advancedPawn backRankMate endgame mate mateIn2 promotion queenRookEndgame short,https://lichess.org/j9DjK4AK#71,
00DPQ,2k4r/pp3pp1/4pn2/2np2p1/8/1B1P1Pq1/PPPN1R2/R2Q3K w - - 6 20,f2h2 g3h2,765,97,84,116,kingsideAttack mate mateIn1 middlegame oneMove,https://lichess.org/AKiNfVd0#39,
015Ft,8/1k6/p7/2Q4P/p2K1P2/1q6/8/8 w - - 4 55,c5d5 b3d5 d4d5 a4a3 h5h6 a3a2,768,84,98,472,advancedPawn crushing endgame long queenEndgame,https://lichess.org/xgqA6jLW#109,
00aU5,8/8/8/p3k2p/P1K4P/8/8/8 b - - 5 47,e5f4 c4b5 f4e5 b5a5,773,80,100,147,crushing endgame master pawnEndgame short,https://lichess.org/ScOVYXve/black#94,
00eCY,8/6p1/5p1p/R5kP/2b3P1/1r3PK1/8/8 b - - 4 61,c4d5 a5d5 f6f5 d5f5,774,84,88,497,endgame hangingPiece mate mateIn2 short,https://lichess.org/LXHmo9rD/black#122,
00EDa,r1bk3r/ppp1np1p/3p2pP/1N2P1q1/2BP1n2/8/PPP3P1/R1BQ2KR w - - 1 14,e5d6 g5g2,774,80,98,639,kingsideAttack mate mateIn1 oneMove opening,https://lichess.org/dTj38zoQ#27,Three_Knights_Opening Three_Knights_Opening_Other_variations
013gO,2r5/p3b1k1/8/4pp1K/2Pp2p1/6P1/P1P1Rq1P/R2Q4 w - - 4 29,e2f2 c8h8,777,84,100,451,endgame mate mateIn1 oneMove pillsburysMate,https://lichess.org/tTkDD3Pb#57,
00HIV,8/8/1p1k1n1p/4p3/1PP2pp1/3K4/3N1PPP/8 b - - 3 37,h6h5 d2e4 f6e4 d3e4,782,84,98,885,crushing endgame knightEndgame master short,https://lichess.org/1mef1VFJ/black#74,
00KgR,5r1k/1pq3p1/2p2P1p/3pPQ2/1p1P4/7P/1rB4K/5R2 b - - 1 35,f8f6 f5h7,782,79,99,631,endgame mate mateIn1 oneMove,https://lichess.org/8f0kmTFT/black#70,
00mvr,7r/ppp1Nk1p/2n5/8/8/2P2pP1/P6P/R1Br1BK1 b - - 0 20,f7e7 c1g5 e7e6 a1d1,789,86,99,1398,crushing discoveredAttack endgame master short,https://lichess.org/R3FdESiy/black#40,
011ON,2k5/1n3ppp/p7/3P4/4n3/8/P4PPP/1R3K2 w - - 0 30,f1e2 e4c3 e2d3 c3b1,792,92,93,191,crushing endgame fork short,https://lichess.org/MB8FzkNO#59,
00aZP,r1b1k2r/p1p2ppp/1pN2n2/2n1b3/2B1P3/P1N5/1PP2PPP/R1BR2K1 b kq - 0 13,e5c3 d1d8,797,87,96,502,mate mateIn1 oneMove opening,https://lichess.org/7lR4XDLK/black#26,Italian_Game Italian_Game_Other_variations
00H8a,5bk1/2R4p/6p1/8/2b1NP1P/4P1K1/r7/8 b - - 2 45,c4d3 e4f6 g8h8 c7h7,798,83,89,336,arabianMate endgame mate mateIn2 short,https://lichess.org/7UUQgJDC/black#90,
00jOm,1r6/3Pkppp/4p3/3p4/8/8/P4PPP/2R3K1 w - - 0 29,c1c8 b8b1 c8c1 b1c1,798,81,89,353,backRankMate endgame mate mateIn2 rookEndgame short,https://lichess.org/AptD0dS5#57,
00TOX,b7/p1k1pp2/1pn2qp1/8/4B3/1PNR4/P1P2PP1/5K2 b - - 1 26,a7a6 c3d5 c7b8 d5f6,802,76,86,209,crushing endgame fork short,https://lichess.org/bAOdaE0p/black#52,
00qqD,r3k2r/ppp2Bp1/2n5/2p1p2p/4P1n1/3P1N1q/PPP2P1N/R3QRK1 b kq - 0 14,e8f7 f3g5 f7g8 g5h3,804,99,93,2130,crushing fork middlegame short,https://lichess.org/SJ9o4Klb/black#28,Italian_Game Italian_Game_Giuoco_Piano
00f1D,r1bq2kr/1p2b1pp/p2pN3/4p3/2B1P3/5Q2/PP3PPP/2RR2K1 b - - 0 17,c8e6 c4e6,805,95,91,218,kingsideAttack mate mateIn1 middlegame oneMove,https://lichess.org/cl0wv5xF/black#34,Sicilian_Defense Sicilian_Defense_Smith-Morra_Gambit
00HnR,q5kr/p4p2/3Bb1p1/4p2p/5n2/2P5/P1Q2PPP/3R1RK1 w - - 4 21,d6e5 a8g2,805,78,97,643,master mate mateIn1 middlegame oneMove,https://lichess.org/Iva57KFW#41,
00MS3,rn1qr1k1/1p2bppp/2p2B2/p2p4/3P4/2N2N2/PPP1QPPP/2KRR3 b - - 0 12,e7f6 e2e8 d8e8 e1e8,807,84,83,128,backRankMate mate mateIn2 middlegame short,https://lichess.org/Eia6KIcR/black#24,French_Defense French_Defense_Exchange_Variation
01H4V,r5k1/6p1/2N3pp/3p4/P2P4/1P5n/6PP/5RqK w - - 7 34,f1g1 h3f2,810,76,100,571,endgame mate mateIn1 oneMove smotheredMate,https://lichess.org/ekvxZJSu#67,
00cSF,r1b3k1/pp3p1p/6q1/2pp1r2/8/P1P1PQ1P/1P3PP1/RN3R1K w - - 7 19,f3g3 g6g3 f2g3 f5f1,811,87,86,153,crushing kingsideAttack middlegame short,https://lichess.org/57UdP92X#37,
00HEh,3R1rk1/pp3ppp/2p3b1/2n3P1/2B2q1P/5N2/PPP1QP2/4R1K1 b - - 0 23,f8d8 e2e8 d8e8 e1e8,812,88,90,467,kingsideAttack mate mateIn2 middlegame sacrifice short,https://lichess.org/ekEf00kl/black#46,
00pHb,r5rk/4qp1p/p4N1Q/1p2p3/3pP3/1P1P3P/1PP3P1/5RK1 b - - 2 23,g8g6 h6h7,812,77,100,925,endgame kingsideAttack master mate mateIn1 oneMove,https://lichess.org/Iot7eUOB/black#46,
00ERL,1r2R1k1/2Q4p/pp6/2p2n2/P2P1P1q/2P4P/2PB2b1/4R1K1 b - - 0 29,b8e8 e1e8,813,77,100,231,mate mateIn1 middlegame oneMove,https://lichess.org/Da4ZV4Yw/black#58,
01CA6,2Rr1q1k/pp1P2pp/5p2/8/8/7P/P4P1K/2R5 b - - 8 29,h8g8 c8d8 f8d8 c1c8 g8f8 c8d8,813,100,93,163,endgame,https://lichess.org/RndsMTnV/black#58,
01DXj,8/pR6/8/P7/2Pb1rk1/1P1K4/8/8 b - - 0 39,d4g1 b7g7 g4f5 g7g1,815,83,97,197,advantage endgame master short skewer,https://lichess.org/kyzVQnHB/black#78,
006yP,6R1/8/Kpk1p3/1p1pP3/6P1/PPP1r3/8/8 b - - 3 40,e3c3 g8c8 c6d7 c8c3,819,89,80,153,crushing endgame master rookEndgame short skewer,https://lichess.org/vf9MOLH1/black#80,
00nl3,6R1/1p4p1/p1k4p/3p4/PP2p1P1/2b1P3/6K1/8 b - - 2 37,b7b5 g8c8 c6b7 c8c3,820,79,89,274,advantage endgame master short skewer,https://lichess.org/WVBshO34/black#74,
00baZ,r7/8/p1k5/1p1p1pn1/3R3p/2P1P2P/5P2/R5K1 w - - 0 31,d4h4 g5f3 g1g2 f3h4,821,88,88,401,crushing endgame fork short,https://lichess.org/tNXaI1nN#61,
00TTm,r4b1r/pppqpkpp/6B1/7Q/2PP4/2N1P2P/PP4P1/R5K1 b - - 0 15,f7g8 g6f7,821,76,100,484,mate mateIn1 middlegame oneMove,https://lichess.org/KVkwZhJj/black#30,Scandinavian_Defense Scandinavian_Defense_Modern_Variation
0109V,r5k1/pp3ppp/2pq1n2/3b4/3P2N1/2PQ4/PPB2PPP/4R1K1 b - - 0 22,f6g4 d3h7 g8f8 h7h8,822,77,91,131,kingsideAttack mate mateIn2 middlegame short,https://lichess.org/uYXxLb8F/black#44,
00Ec4,2rq1r1k/p5pp/8/1p1BpPb1/2Pp2Q1/P2P2R1/6PP/R5K1 b - - 3 25,c8c7 g4g5 d8g5 g3g5,823,97,85,346,crushing middlegame short,https://lichess.org/HUFGdjKK/black#50,
00HLP,r4rk1/3nqpp1/4p2p/1p2P3/2pn1Q2/P2B3N/1P3PPP/3R1RK1 w - - 0 24,d3b1 d4e2 g1h1 e2f4,824,79,100,111,crushing fork middlegame short,https://lichess.org/KFAwEaua#47,
008cl,r3k2r/ppp2p1p/2n1pp2/7q/2PN2b1/2BP1Pb1/PP2B1P1/R2Q1RK1 w kq - 1 16,f3g4 h5h2,828,78,100,495,mate mateIn1 middlegame oneMove,https://lichess.org/K27KSt2D#31,Scandinavian_Defense Scandinavian_Defense_Mieses-Kotroc_Variation
00LWX,2r4k/5p2/4pNp1/6Pp/q6P/7r/2PQ4/1RKN4 w - - 2 37,d2b4 c8c2,828,77,100,508,epauletteMate mate mateIn1 middlegame oneMove,https://lichess.org/xNp6E0CA#73,
00Enl,2kr4/1pp5/p1b2R1n/2PpP3/3B2p1/2P1Q1Pp/PPq4P/5RK1 w - - 3 27,f6h6 c2g2,831,77,87,158,mate mateIn1 middlegame oneMove,https://lichess.org/2XZ7QI0F#53,
00Elq,rn3q1r/4pk1p/2pp1np1/p5Q1/1p1PPNP1/5P2/PPP5/R4KNR b - - 0 17,h7h6 g5g6,832,93,100,205,mate mateIn1 middlegame oneMove,https://lichess.org/uNIyIYur/black#34,Pirc_Defense Pirc_Defense_Other_variations
01FjT,r3k1nr/pp2B3/2p1p3/3q3p/4N1p1/3P2P1/PPP2P1P/R3Q1K1 b kq - 0 18,g8e7 e4f6 e8f7 f6d5,833,92,100,136,advantage fork middlegame short,https://lichess.org/ypELDUnH/black#36,Scandinavian_Defense Scandinavian_Defense_Valencian_Variation
01AYq,r1b4r/p1B1ppbp/2p2np1/kp6/N2RP3/8/PPP2PPP/2K2B1R b - - 1 13,a5a6 a4c5,835,85,92,150,mate mateIn1 middlegame oneMove,https://lichess.org/aIGFaJ1u/black#26,Modern_Defense Modern_Defense_Modern_Pterodactyl
00F1l,8/2k1b3/5p2/RBpK1Pp1/Pp1p2P1/3P4/2r5/8 b - - 2 45,b4b3 a5a7 c7b8 a7e7,836,80,80,189,crushing endgame master short skewer,https://lichess.org/By9yxCU0/black#90,
00t3g,r2q1rk1/pp1n3p/2p3pQ/5Nb1/2P1p3/1P2P1P1/PB3PBP/R2R2K1 b - - 0 19,g5h6 f5h6,839,90,93,144,kingsideAttack master mate mateIn1 middlegame oneMove,https://lichess.org/cnDFUHV0/black#38,
001pC,r4rk1/pp3ppp/3b4/2p1pPB1/7N/2PP3n/PP4PP/R2Q1RqK w - - 5 18,f1g1 h3f2,848,77,91,437,mate mateIn1 middlegame oneMove smotheredMate,https://lichess.org/d04UP3XD#35,Sicilian_Defense Sicilian_Defense_McDonnell_Attack
00X1l,5r1k/Q6p/1pb3p1/4q3/4p3/1BP2p1P/PP4P1/5RK1 b - - 0 30,f3g2 f1f8,848,100,83,371,endgame hangingPiece mate mateIn1 oneMove,https://lichess.org/IPGWdtue/black#60,
00Hk4,5rk1/p4ppp/4p3/1Q6/1P1BN1b1/8/Pq3PPP/R1r1KB1R w KQ - 2 18,a1c1 b2c1,851,86,98,600,mate mateIn1 middlegame oneMove,https://lichess.org/gpoTbULY#35,Scandinavian_Defense Scandinavian_Defense_Modern_Variation
00R2A,2kr1b1R/p5p1/8/3P1p2/8/4B3/PPPK1P2/8 w - - 1 25,c2c4 f8b4 d2d3 d8h8,856,75,99,1641,crushing discoveredAttack endgame short,https://lichess.org/ZjzT3REI#49,
00Rcs,3k4/ppp2p1r/4p2P/5n2/3Pp1N1/2P2K2/P1P3P1/7R w - - 0 30,f3e4 f5g3 e4f4 g3h1,856,89,95,2256,crushing endgame fork short,https://lichess.org/6z8dEdCK#59,
00dzT,6k1/1Q4p1/p1p4p/3pP3/P3bq2/2N4P/1P4PK/5B2 w - - 1 26,h2h1 f4f1 h1h2 f1g2,857,76,100,533,endgame hangingPiece mate mateIn2 short,https://lichess.org/Kxd5ijdt#51,
00Zx9,r1b1k1nr/ppp2ppp/3p2q1/4R1B1/2B2P2/7P/P5P1/1N1Q2K1 b kq - 0 14,d6e5 d1d8,859,90,96,536,mate mateIn1 middlegame oneMove,https://lichess.org/s1lQFfLx/black#28,Scotch_Game Scotch_Game_Haxo_Gambit
00LWa,2r3k1/5ppp/2P5/8/5P2/P5Pn/6BP/R3R1qK w - - 6 32,e1g1 h3f2,860,76,100,229,endgame mate mateIn1 oneMove smotheredMate,https://lichess.org/5KscxHkF#63,
015fL,8/R7/p1p4P/1p6/1P6/2kP4/3N3r/1K6 w - - 0 50,b1c1 h2h1 d2f1 h1f1,862,77,100,368,endgame mate mateIn2 short,https://lichess.org/jrrGqPUC#99,
00GBX,r6k/pp2n1pp/2nN4/4p1Br/1PB5/2P4b/P3Nb1P/R2R3K b - - 1 22,h5g5 d6f7 h8g8 f7g5,864,83,97,843,advantage discoveredAttack discoveredCheck fork middlegame short,https://lichess.org/1YLxwOt0/black#44,
00ZN7,3q2k1/8/Q2p2p1/3P1p1p/1p2P1nP/1Pp5/2P3P1/5R1K w - - 0 36,e4f5 d8h4 h1g1 h4h2,864,84,98,857,endgame mate mateIn2 short,https://lichess.org/U0LXbVT4#71,
00Ozz,3kRr2/3n1B1p/2pP4/p1n5/Ppp5/8/1P3PPP/4R1K1 b - - 8 32,f8e8 e1e8,865,100,84,197,endgame mate mateIn1 oneMove operaMate,https://lichess.org/gO3w1uZJ/black#64,
004WZ,r6k/1b3pp1/p1q1pn1p/2p5/P1B5/1PN4Q/2P1RP1P/R4Kr1 w - - 2 26,f1g1 c6h1,866,100,94,138,mate mateIn1 middlegame oneMove,https://lichess.org/BQIdXPOM#51,
013NZ,8/pp1r1q1k/2p1p1np/4Q1p1/P3P1N1/1P3P1P/1BP2P1K/8 b - - 2 27,f7f4 e5f4 g6f4 g4f6,867,79,100,148,crushing endgame master short,https://lichess.org/6Ro1Jjgo/black#54,
0100g,8/8/5k2/R7/2P1K2r/8/P7/8 w - - 1 43,e4d5 h4h5 d5d6 h5a5,873,76,90,312,crushing endgame rookEndgame short skewer,https://lichess.org/PPDNNe1y#85,
00ooZ,8/p4ppp/1ppk4/5P2/1PR3PP/3K1n2/P7/8 w - - 1 38,h4h5 f3e5 d3c3 e5c4,875,80,91,202,advantage endgame fork short,https://lichess.org/PY0JeECx#75,
00A5v,4r1k1/pp1qr1p1/7p/2pPR3/2P2p2/1PQ2P2/P5PP/4R1K1 w - - 3 33,c3d2 e7e5 e1e5 e8e5,876,100,84,674,crushing endgame short,https://lichess.org/1WXk6Mn2#65,
00Gvp,8/2kn1p2/8/3P4/R7/2P1N3/1r2K3/8 w - - 13 70,e2d3 d7c5 d3d4 c5a4,877,76,100,387,advantage endgame fork short,https://lichess.org/CIq1kOGh#139,
00ogc,1r4k1/5p2/4p1pp/3p4/3P4/q1P3P1/PrRQRP1P/6K1 b - - 11 27,a3a2 c2b2 b8b2 d2b2,880,89,95,1013,crushing endgame short,https://lichess.org/rlxeM6QT/black#54,
0082f,r4rk1/2q2ppp/3pp3/4Pb1N/pp6/1B4Q1/PPP3PP/1K1RR3 b - - 0 21,a4b3 g3g7,882,78,100,556,kingsideAttack mate mateIn1 middlegame oneMove,https://lichess.org/fHfmODEz/black#42,
00Keu,R7/1p3kp1/2pK3p/3p1PP1/1r1B2nP/8/1P6/8 b - - 2 39,b4d4 g5g6 f7f6 a8f8,882,94,94,1405,endgame mate mateIn2 short,https://lichess.org/hCWa2OUn/black#78,
01HXY,8/8/1p1P1k1K/1p6/pP6/P7/8/8 w - - 0 42,h6h5 f6e6 d6d7 e6d7,884,80,99,608,crushing endgame master pawnEndgame short,https://lichess.org/THUPRnRv#83,
018KD,k6r/1b5p/6p1/1P6/3Q1P2/PP2R3/3K3P/6q1 b - - 4 31,g1h2 e3e2 h2e2 d2e2,892,78,100,116,crushing defensiveMove endgame short,https://lichess.org/nG74b9qI/black#62,
00H9n,7k/6p1/8/4p3/Pp1b4/1P3b1q/3Q2P1/5RK1 w - - 0 45,d2d4 h3g2,893,81,90,311,endgame master mate mateIn1 oneMove,https://lichess.org/MaGCLflH#89,
00aBq,r2r2k1/pp3ppp/1qn2b2/3R4/4QB2/1P3N2/P4PPP/4R1K1 b - - 0 18,d8d5 e4e8 a8e8 e1e8,894,89,88,329,backRankMate mate mateIn2 middlegame sacrifice short,https://lichess.org/0AybhVJm/black#36,Queens_Pawn_Game Queens_Pawn_Game_London_System
00yTd,6k1/5p2/2p1q3/3p2Q1/p1nB4/5P1P/6PK/8 b - - 5 50,e6g6 g5d8 g8h7 d8h8,894,93,95,470,endgame mate mateIn2 short,https://lichess.org/6VYqBISA/black#100,
004nd,3q2k1/2r5/pp3p1Q/2b1n3/P3N3/2P5/1P4PP/R6K b - - 0 24,c7d7 e4f6 d8f6 h6f6,898,75,83,209,crushing fork middlegame short,https://lichess.org/IajkZZBp/black#48,
00b58,4k2r/1bq2pb1/4p3/1p4p1/2pn4/R4N2/1P2BPPP/3Q1RK1 w k - 2 17,f3d4 c7h2,899,87,95,215,kingsideAttack mate mateIn1 middlegame oneMove,https://lichess.org/DvqCBvCz#33,Queens_Gambit_Declined Queens_Gambit_Declined_Three_Knights
00SMl,r4rk1/ppp2pn1/2np4/q2N4/3PP3/5P2/PPP5/1K1R1B1R b - - 2 18,c6b4 d5f6,899,98,94,1026,mate mateIn1 middlegame oneMove,https://lichess.org/vYCG7ony/black#36,Kings_Gambit_Accepted Kings_Gambit_Accepted_Cunningham_Defense
00cJo,2r3k1/5ppp/8/8/1P2p3/3bQpP1/1q1P1K1P/R1R5 b - - 1 30,c8c1 a1a8 c1c8 a8c8,901,79,100,330,backRankMate endgame mate mateIn2 short,https://lichess.org/al1h6dlT/black#60,
00sO1,1k1r4/pp3pp1/2p1p3/4b3/P3n1P1/8/KPP2PN1/3rBR1R b - - 2 31,b8c7 e1a5 b7b6 f1d1,901,93,85,387,advantage discoveredAttack master middlegame short,https://lichess.org/vsfFkG0s/black#62,
00EWi,8/8/1R3pkp/1pP5/1P3PKP/r7/8/8 w - - 2 48,b6b5 f6f5,903,82,94,487,endgame mate mateIn1 oneMove rookEndgame,https://lichess.org/RxrVCbwq#95,
00fpk,rq2kb1r/1b1p1pp1/p3pn2/1p5p/4P1n1/1NN1BB2/PPP1QPPP/R4RK1 w kq - 2 14,h2h3 b8h2,903,80,92,175,mate mateIn1 middlegame oneMove,https://lichess.org/jWy4FrZ0#27,Sicilian_Defense Sicilian_Defense_Taimanov_Variation
00Oqz,5r2/7r/2kpqB1P/p1p1p2Q/P3P3/2PP4/5P1K/6R1 w - - 0 40,g1g6 f8f6 g6f6 e6f6,904,92,94,439,crushing endgame master short,https://lichess.org/OxaRmufB#79,
00QHM,6k1/pp3rpp/4Nb2/4p3/1B1r4/6PK/PP5P/2R5 b - - 0 28,d4b4 c1c8 f6d8 c8d8 f7f8 d8f8,904,99,95,232,endgame long mate mateIn3,https://lichess.org/VyUHT6ng/black#56,
00YCP,2k3nr/1ppr2pp/p3pp2/2b5/5P2/1N2nN2/PP4PP/1RB1R1K1 b - - 3 15,c5a7 c1e3 a7e3 e1e3,904,81,89,343,advantage middlegame short,https://lichess.org/UMVnTZ8x/black#30,Englund_Gambit Englund_Gambit_Other_variations
014KA,r4rk1/5ppp/p3b3/1p2P3/3n1PP1/N6P/PP6/R1B1R1K1 w - - 0 19,c1e3 d4f3 g1f2 f3e1,904,80,89,562,advantage fork middlegame short,https://lichess.org/rYPgnIhY#37,Kings_Knight_Opening Kings_Knight_Opening_Other_variations
002p5,r1bqr1k1/pp1nbpp1/2p2n2/6P1/2BP4/P7/1PQNNPP1/R3K2R b KQ - 0 13,f6d5 c2h7 g8f8 h7h8,908,79,84,182,kingsideAttack mate mateIn2 middlegame short,https://lichess.org/meSoQkhU/black#26,French_Defense French_Defense_Exchange_Variation
00f9v,5rk1/2p3p1/1p1p4/3Pp2p/1PP1N1q1/3Qr2N/6PP/6K1 w - - 0 29,d3e3 g4d1 e3e1 d1e1,908,76,100,357,endgame mate mateIn2 short,https://lichess.org/WHRVbLDr#57,
00eNe,4r1k1/p1p2ppp/2p1r3/3q4/P2b4/1P1PB3/2Q2PPP/2R1R1K1 w - - 0 21,e3d4 e6e1 c1e1 e8e1,910,78,100,375,kingsideAttack mate mateIn2 middlegame short,https://lichess.org/uH5mJi23#41,
00FH6,r6r/1q2bpk1/7p/p1p1pPpn/Pp2P1nP/1P1B1N2/2P3P1/2BRR1QK w - - 7 30,c1b2 h5g3,910,77,100,749,mate mateIn1 middlegame oneMove,https://lichess.org/ckigRGV8#59,
00HEx,b7/5pk1/R3pn1p/8/3NP3/5P2/6PP/2rB2K1 w - - 1 31,a6a8 c1d1 g1f2 d1d4,911,93,93,1220,crushing endgame fork hangingPiece master short,https://lichess.org/Kl5pBLfs#61,
008rw,rn2kb1r/pp2pppp/2p2n2/4q3/8/2N4Q/PPPPBPPP/R1B1K2R b KQkq - 2 8,g7g6 h3c8,912,75,100,507,mate mateIn1 oneMove opening,https://lichess.org/t8GAyoIk/black#16,Scandinavian_Defense Scandinavian_Defense_Main_Line
00jhH,r7/2p1kp2/3p1np1/1p2p1N1/4P3/2PP2P1/1P2Q1PK/8 w - - 4 29,e2f2 f6g4 h2g1 g4f2,913,77,100,256,crushing endgame fork short,https://lichess.org/AXtraot9#57,
00gNl,6k1/5R2/pp4p1/2p4p/7P/1P1r4/P3r1PK/5R2 b - - 0 38,d3d2 f7f8 g8h7 f1f7 h7h6 f8h8,914,81,97,1539,endgame exposedKing long mate mateIn3 rookEndgame,https://lichess.org/JhG6365X/black#76,
00Vv9,5r1k/pp4pp/5r2/4Q3/3P4/4NpN1/Pq5P/2R2R1K w - - 0 29,e3d5 b2g2,914,75,100,180,mate mateIn1 middlegame oneMove,https://lichess.org/xX3emLRb#57,
009lk,1R6/6pk/2p4p/3bP2r/5B1P/2P2qP1/P4P1Q/4R1K1 w - - 2 40,e1e3 f3d1 e3e1 d1e1,915,94,96,907,mate mateIn2 middlegame short,https://lichess.org/gLNPef4f#79,
00MGA,r3r1k1/6b1/p2Nn2p/1P1Qp3/6nq/2P5/1PB2PP1/R1B1R1K1 w - - 1 30,g2g3 h4h2 g1f1 h2f2,915,92,91,887,kingsideAttack mate mateIn2 middlegame short,https://lichess.org/dsGjft94#59,
00hbV,8/pk1r1bR1/1p6/8/2P2N2/1P6/1K6/8 b - - 21 60,f7e6 f4e6 d7g7 e6g7,919,79,96,1759,crushing endgame hangingPiece master short,https://lichess.org/DL4VBFov/black#120,
017xQ,2b5/7k/1P6/5N2/6p1/6Kp/8/8 b - - 0 53,h7g6 f5e7 g6g5 e7c8,920,77,100,128,crushing endgame fork short,https://lichess.org/2fZ7FynM/black#106,
00ITc,3r1rk1/3b1pp1/7p/8/N2Qp1n1/1P6/PB1q1PP1/R5K1 b - - 1 25,d7a4 d4g7,921,81,88,124,mate mateIn1 middlegame oneMove,https://lichess.org/tGroDLV4/black#50,
009eX,2r3k1/7p/6q1/p1Np4/Qp2pr2/P4P2/1PR2P1K/5R2 w - - 0 36,f1g1 f4h4,922,77,98,302,mate mateIn1 middlegame oneMove,https://lichess.org/BlIww047#71,
00I8g,4rk2/3Rnrp1/8/4Q1p1/7P/6K1/8/8 w - - 0 50,h4g5 e7f5 e5f5 f7f5,923,75,100,468,crushing endgame short,https://lichess.org/5U3wSf5r#99,
00IaZ,4R3/1k2R3/3K2p1/1P6/1P6/2rp3r/8/8 b - - 3 45,b7b6 e8b8,923,86,83,430,endgame master mate mateIn1 oneMove rookEndgame,https://lichess.org/MA0bo8dV/black#90,
00sMF,r1bqr1k1/p4pPp/2p1p3/2bpn2Q/8/2NB4/PPP3PP/R1B2R1K b - - 2 15,e5d3 h5f7,923,77,97,955,kingsideAttack mate mateIn1 oneMove opening,https://lichess.org/A0iotLWB/black#30,Sicilian_Defense Sicilian_Defense_Closed
00AfZ,2r3kR/Q7/5q2/1brpN3/5Pp1/4P1P1/6K1/1B6 b - - 2 43,f6h8 a7f7,925,77,100,564,master mate mateIn1 middlegame oneMove,https://lichess.org/xSsuq2RP/black#86,
00s7Y,5rk1/5Rpp/1q1p4/2pB4/6Q1/2b4P/Pr4P1/6K1 b - - 0 29,f8f7 g4c8 b6d8 c8d8,926,76,100,421,endgame mate mateIn2 pin short,https://lichess.org/c3f9OVrO/black#58,
002Mm,rn1qr1k1/ppp3pQ/3p1pP1/3Pp3/2P1P3/8/PP3PP1/R1B1K3 b Q - 2 16,g8f8 h7h8 f8e7 h8g7,927,82,97,248,deflection mate mateIn2 middlegame short,https://lichess.org/wAkPv4uG/black#32,Three_Knights_Opening Three_Knights_Opening_Other_variations
00i7t,4r2k/p4r1p/2pp1Q2/2p5/3b1P2/3P2R1/PqPB2PP/4RK2 b - - 0 21,d4f6 e1e8 f7f8 e8f8,927,90,84,147,hangingPiece kingsideAttack mate mateIn2 middlegame short,https://lichess.org/fBWee6U4/black#42,
00fDM,3rrbk1/2p3R1/1p2q2Q/3p4/1P6/2B4P/6P1/3R2K1 b - - 0 33,f8g7 h6g7,928,77,99,891,mate mateIn1 middlegame oneMove,https://lichess.org/sx01PyS8/black#66,
01Cds,8/p4k2/b2P4/3N2p1/4p3/2K4P/8/8 b - - 1 45,a6b7 d6d7 b7d5 d7d8q,928,75,89,232,advancedPawn crushing endgame promotion short,https://lichess.org/pKBfo6hS/black#90,
01HV2,3rk2r/p3nppp/1pp5/q7/1B2QRP1/4P2P/P7/4KR2 b k - 11 30,a5d5 e4e7,928,78,84,191,mate mateIn1 middlegame oneMove,https://lichess.org/wYnJuODv/black#60,
01EKU,rn1q2k1/p1pp2pB/1p2pb2/6NQ/3P4/2P5/PP3P2/R3K2b b Q - 5 20,g8f8 h5f7,929,75,91,375,mate mateIn1 middlegame oneMove,https://lichess.org/zhb0rnDg/black#40,
00C8Y,rnb2rk1/pp3p1p/3p2Pb/4p1q1/3pQ3/8/PPP1PPP1/RN2KBNR w KQ - 1 12,g1f3 g5c1,930,81,96,263,mate mateIn1 middlegame oneMove,https://lichess.org/hTQm3Cc6#23,Indian_Defense Indian_Defense_Other_variations
00MWz,8/8/2B5/4pK2/3k1pPp/5n1P/8/8 b - - 3 57,f3g1 g4g5 g1e2 g5g6,933,84,98,2441,crushing endgame quietMove short,https://lichess.org/1sHbVvW6/black#114,
01ESO,1r3n2/p3p1kp/3p1n1N/1p3P1R/2r3P1/3B1P2/PPP5/1K1R4 w - - 1 27,g4g5 f6h5 d3c4 b5c4,935,79,85,489,advantage master middlegame short,https://lichess.org/0uV7SRFm#53,
00fSz,rn1qk2r/ppp2ppp/3p2b1/2bP4/2P1n1P1/P1N1pP1P/1P2P1B1/R1BQK1NR w KQkq - 1 10,f3e4 d8h4 e1f1 h4f2,936,77,100,171,mate mateIn2 opening short,https://lichess.org/eA8X6sp6#19,Englund_Gambit_Declined Englund_Gambit_Declined_Other_variations
00jQ7,8/7p/1p3Qpk/1Pp5/2Pp4/5PP1/2q3KP/8 w - - 1 41,g2h3 c2f5 f6f5 g6f5,936,78,98,387,crushing endgame master queenEndgame short,https://lichess.org/B5l9Wp7O#81,
00dEJ,1br2rk1/ppqn2pp/4p3/1P6/P3B3/8/1B3PPP/R2Q1RK1 w - - 1 18,a1c1 c7h2,937,78,100,349,kingsideAttack mate mateIn1 middlegame oneMove,https://lichess.org/LD5Lwa2j#35,Polish_Opening Polish_Opening_Other_variations
00HZa,6k1/6pp/1p6/p1n5/4qp2/1P2PN2/P4PPP/3Q2K1 b - - 0 28,f4e3 d1d8 g8f7 f3g5 f7g6 g5e4,937,87,87,342,crushing endgame fork long master,https://lichess.org/WRMbDs53/black#56,
00yHW,8/1p4r1/PR6/6pk/8/6PP/6K1/8 b - - 0 40,b7a6 g3g4 h5h4 b6h6,937,80,96,1139,endgame mate mateIn2 rookEndgame short,https://lichess.org/jJ4ZSQGJ/black#80,
00F6y,2k3r1/ppp2prp/1q2b3/8/Q7/2P1R1P1/P4P1P/4R1K1 b - - 3 23,e6d7 e3e8 d7e8 e1e8 g8e8 a4e8,938,97,92,830,long mate mateIn3 middlegame queensideAttack sacrifice,https://lichess.org/Hii0fRVd/black#46,
00YqR,5k2/p1p4p/1pPpBp2/2qP3b/8/2PQ4/P6P/7K w - - 0 33,d3h7 h5f3,938,86,92,599,endgame master mate mateIn1 oneMove,https://lichess.org/5b6k1W51#65,
01DVo,3q2k1/1p2brp1/1nn1p2p/p1p1P2N/P1Pp3P/1P1P2Q1/1B3P2/4RBK1 w - - 7 31,f1h3 e7h4 h3e6 h4g3,939,77,100,251,advantage middlegame short,https://lichess.org/Mm3OAzt5#61,
00hgt,r6k/pp1b2p1/3p2rp/6q1/2Q2p2/1P3P1P/PBP1R1P1/4R1K1 b - - 1 24,d7h3 e2e8 a8e8 e1e8 h8h7 c4g8,940,96,98,341,kingsideAttack long mate mateIn3 middlegame,https://lichess.org/V4t9VxQd/black#48,
00nlD,1r2r3/pp3pk1/2pp2p1/1P2p2p/2P1N1nq/3PP3/P2Q1PB1/1R3RK1 w - - 0 23,e4g3 h4h2,940,99,92,459,master mate mateIn1 middlegame oneMove,https://lichess.org/gFXDvLri#45,
00cl7,r5k1/ppp1p1b1/4N1Q1/3pq1Bp/7P/8/PPPN1rP1/2KR4 w - - 1 17,d2f3 e5b2,941,78,100,651,mate mateIn1 middlegame oneMove queensideAttack,https://lichess.org/xfdgilVH#33,Pirc_Defense Pirc_Defense_Other_variations
015RS,5r1k/7P/pp6/q1p5/3pPrb1/1P1B3Q/2P1K1R1/7R w - - 0 46,g2g4 f4f2 e2d1 a5a1,942,81,90,478,mate mateIn2 middlegame short,https://lichess.org/zPu2pktU#91,
0198M,6rk/p1N2R1p/1n1Q4/2p1p3/8/7P/PPP3P1/4q2K w - - 1 33,h1h2 e1g3 h2g1 g3g2,942,95,97,1428,endgame mate mateIn2 short,https://lichess.org/ldvaocEE#65,
00KMV,1r3k2/1p1q1p2/p2p1np1/2pP2bp/2P1P1n1/1PQ3P1/P3N1K1/3N1R1R b - - 11 28,f6e4 c3h8 f8e7 h8b8,943,85,93,2641,crushing middlegame short skewer,https://lichess.org/zMA7YEmv/black#56,
00Xdc,r1br1N1k/ppp2BbQ/2n2n1p/q7/3P4/2N5/PPP2PPP/R1B2RK1 b - - 6 15,f6h7 f8g6,943,82,87,294,mate mateIn1 oneMove opening,https://lichess.org/31CwrbPF/black#30,Scandinavian_Defense Scandinavian_Defense_Main_Line
00lap,8/8/2k3P1/R7/P2p2rp/3K4/8/8 b - - 0 45,g4g6 a5a6 c6d7 a6g6,945,86,96,289,crushing endgame master rookEndgame short skewer,https://lichess.org/vMSyus5U/black#90,
00Rk3,8/1p2rppk/5q1p/Q4R2/2P5/PP5P/5PP1/5rK1 w - - 0 32,g1f1 f6a1 a5e1 e7e1,946,76,100,419,endgame mate mateIn2 short,https://lichess.org/9ceeRcuK#63,
01FzV,8/8/6k1/5p2/2R4P/3K1n2/2p5/8 w - - 2 49,c4c2 f3e1 d3c4 e1c2,946,90,94,223,crushing endgame fork short,https://lichess.org/M4hQwWy8#97,
00pmn,8/P6p/6p1/1k6/3pq3/1PP5/6PP/3Q2K1 w - - 0 35,d1d4 e4e1,947,82,95,1773,endgame mate mateIn1 oneMove queenEndgame,https://lichess.org/KY5B8aXb#69,
00ybx,6k1/p7/2p1r1bp/3p2p1/8/1PP3BP/P4P2/3R1K2 w - - 0 35,d1e1 g6d3 f1g2 e6e1,947,77,100,196,crushing deflection endgame master short,https://lichess.org/PfEadzZz#69,
00Yfi,1Q6/5p1k/4b1pp/4RB2/3p2KP/6P1/P3q3/5r2 w - - 2 45,e5e2 e6f5,947,87,94,132,endgame mate mateIn1 morphysMate oneMove,https://lichess.org/V9WbzUqF#89,
00Zh6,r1bqkn1r/ppb1n1pp/2p1pB2/4N3/3PN3/3B4/PPPQ1PPP/R3K2R b KQkq - 0 12,g7f6 e4f6,950,80,89,133,mate mateIn1 middlegame oneMove,https://lichess.org/SWXElkIy/black#24,French_Defense French_Defense_Normal_Variation
00Htd,rnbqk2r/1p3ppp/p4b2/2Pp4/8/2N2N2/PP2PPPP/R2QKB1R w KQkq - 0 9,d1d5 f6c3 b2c3 d8d5,952,91,94,1203,crushing intermezzo opening short,https://lichess.org/ZWQwqa9S#17,Tarrasch_Defense Tarrasch_Defense_Two_Knights_Variation
00DPI,3r2k1/1B3p1p/6p1/3N4/3p2P1/6r1/5KP1/3R4 b - - 5 35,g3g4 d5f6 g8g7 f6g4,953,81,92,806,advantage endgame fork short,https://lichess.org/Wjj7mxD9/black#70,
00Upm,r5r1/1p5k/p2b1Pn1/2p1p1P1/P1PpP3/2P5/1P3KB1/R4R2 b - - 2 29,a8f8 f1h1 g6h4 h1h4,953,77,83,330,advantage middlegame short,https://lichess.org/6s5P4SQT/black#58,
0115S,r4r1k/1p4pp/1p6/2pQ4/4n1qP/PP3Pp1/1BP1P1K1/1R4R1 w - - 1 23,f3g4 f8f2 g2h3 f2h2,953,82,97,196,mate mateIn2 middlegame short,https://lichess.org/PJQnMRfy#45,
002Q2,7k/p4R1p/3p3r/2pN1n2/2PbBBb1/3P2P1/P3r3/5R1K w - - 1 28,f4h6 f5g3,956,79,100,454,cornerMate mate mateIn1 middlegame oneMove,https://lichess.org/yqAJ1jMv#55,
00FON,1k6/8/8/6p1/1pp5/p4PP1/N1P4P/7K w - - 0 38,h2h4 b4b3 c2b3 c4b3,956,86,91,1772,crushing endgame knightEndgame short,https://lichess.org/D9f2JIE8#75,
00uQY,1r5r/3b4/pk2P3/1p2Q1Np/4BP2/1P5n/P5PP/R5qK w - - 5 36,a1g1 h3f2,957,86,92,139,master mate mateIn1 middlegame oneMove smotheredMate,https://lichess.org/Nu5xv7qV#71,
000o3,8/2p1k3/6p1/1p1P1p2/1P3P2/3K2Pp/7P/8 b - - 1 43,e7d6 d3d4 g6g5 f4g5,959,78,87,190,crushing endgame pawnEndgame short zugzwang,https://lichess.org/BAY91mF3/black#86,
00cud,8/5p2/6p1/1p1N1k2/1PbK4/2P3P1/8/8 b - - 0 48,c4f1 d5e3 f5e6 e3f1,959,80,97,2035,crushing endgame fork master short,https://lichess.org/XdT6vR6T/black#96,
00ocD,8/8/8/4p3/4Nk1p/1R3P1P/6PK/r3b3 w - - 14 48,b3b8 e1g3 e4g3 h4g3,959,88,96,179,endgame mate mateIn2 short,https://lichess.org/VSRjvXv3#95,
01F7L,r3kb1r/ppp2ppp/8/2p1Pb2/3Pn2q/3B1P2/PPP3PP/RNBQK2R w KQkq - 1 9,e1e2 h4f2,959,77,86,243,mate mateIn1 oneMove opening swallowstailMate,https://lichess.org/bHxdc27g#17,Russian_Game Russian_Game_Stafford_Gambit
00ems,2r1r1k1/1bpn1ppp/p4n2/1p6/1P4q1/P3PN2/1BB1QPPP/3R1RK1 w - - 6 18,f3d4 g4g2,960,81,96,1438,kingsideAttack mate mateIn1 middlegame oneMove,https://lichess.org/mQNb8OeH#35,Horwitz_Defense Horwitz_Defense_Other_variations
00Lnf,r4knb/1bpp4/p1n1pq2/1p4NQ/3PP3/2N5/PPP2PP1/2KR1B2 b - - 3 15,f6h6 h5f7,960,77,100,180,master mate mateIn1 middlegame oneMove,https://lichess.org/OtbWtwR2/black#30,Modern_Defense Modern_Defense_Standard_Line
003jb,r3kb1r/p4ppp/b1p1p3/3q4/3Q4/4BN2/PPP2PPP/R3K2R b KQkq - 0 11,c6c5 d4a4 a6b5 a4b5,962,77,95,2687,crushing fork master middlegame short,https://lichess.org/960EzUS0/black#22,French_Defense French_Defense_Classical_Variation
017Ut,3r3r/pp3pp1/5k2/2pbq3/3N4/Q4PP1/PPP1N2p/R3R2K w - - 1 22,a3c5 d5f3 d4f3 e5c5,962,78,97,349,advantage discoveredAttack middlegame short,https://lichess.org/Q8jg89Uy#43,
00Au2,r5r1/pp2kp2/2p5/3pQ3/3P4/2NB4/PPP2q2/1K6 b - - 1 28,e7d7 d3f5 f2f5 e5f5,964,83,88,252,advantage endgame short,https://lichess.org/kAtvQDbU/black#56,
01EuL,3Q4/5pk1/5P2/4K2p/P2P4/2q1p3/5r2/8 b - - 0 52,g7g6 d8g8 g6h6 g8g7,966,89,95,316,endgame mate mateIn2 short,https://lichess.org/RG5h38pt/black#104,
01GKn,2r2rk1/pbb1qp1p/1pn1p1p1/8/1P1PN3/P2BP2R/2Q1N1PP/5RK1 b - - 3 20,c6b8 e4f6 e7f6 f1f6,966,88,90,611,crushing kingsideAttack middlegame short,https://lichess.org/uBkKtvl9/black#40,
00CtS,Q5k1/5q2/p2p4/b1p1pr2/P7/6P1/4KP1R/8 b - - 3 38,g8g7 a8h8 g7g6 h8h6,967,78,96,3149,endgame mate mateIn2 short swallowstailMate,https://lichess.org/yKolw9vl/black#76,
00xGN,r2q1rk1/ppp1nppp/3b4/1B6/3QP3/2N2b2/PPP2PPP/R1B2RK1 w - - 0 10,g2f3 d6h2 g1h2 d8d4,967,88,95,424,advantage discoveredAttack kingsideAttack opening short,https://lichess.org/g17XFBDp#19,Nimzowitsch_Defense Nimzowitsch_Defense_Kennedy_Variation
00PrK,r7/7R/P3k3/4p2p/3b2p1/3K4/8/5R2 b - - 7 55,a8a6 h7h6 e6d5 h6a6,968,81,91,185,crushing endgame short skewer,https://lichess.org/N9FWAV9a/black#110,
00E29,r1bq1rk1/4bppp/p1n5/3P4/Pp6/3B1N2/1B3PPP/R2Q1RK1 b - - 0 17,d8d5 d3h7 g8h7 d1d5,969,80,86,352,crushing discoveredAttack kingsideAttack middlegame short,https://lichess.org/tWRCApub/black#34,Sicilian_Defense Sicilian_Defense_Old_Sicilian
007hv,6k1/5p1p/1p4p1/p1bN1p2/2Pq1P2/1P5P/1P1Q2P1/7K w - - 1 32,d2c3 d4g1,971,76,100,247,endgame master mate mateIn1 oneMove,https://lichess.org/i64FoDh8#63,
00JfN,r6r/1bpnk3/1p1pB3/pP1P3q/P3PQP1/2b2N1P/2P2P2/R3R1K1 b - - 0 24,h5h3 f4f7 e7d8 f7d7,971,78,92,306,mate mateIn2 middlegame short,https://lichess.org/Srytn3TD/black#48,
00pDE,r3k2r/pp3p2/1qN1p2p/3p4/P7/8/1PP2bPP/R2QKB1R w KQkq - 0 17,e1d2 b6e3,971,76,100,501,mate mateIn1 middlegame oneMove,https://lichess.org/LDpVXolr#33,Queens_Pawn_Game Queens_Pawn_Game_Veresov_Attack
00rTX,3r2k1/pp3ppp/4p3/2N5/7q/1Q3P2/PP1r2PP/3RR2K w - - 3 24,d1d2 h4e1,971,89,89,789,backRankMate endgame hangingPiece mate mateIn1 oneMove,https://lichess.org/MCnmXb6q#47,
01Ag5,2k2r1r/p2n1Q1p/1pqbp3/8/3P4/2P2N2/P2B1PPP/R4RK1 w - - 1 19,f7e6 d6h2 f3h2 c6e6,971,82,96,268,crushing discoveredAttack master middlegame short,https://lichess.org/glZlOfOd#37,Sicilian_Defense Sicilian_Defense_Alapin_Variation
00beo,r4rk1/pb1p2pp/1p2p1q1/2b5/2P5/P1N1B2P/1P2BPP1/R2Q1RK1 w - - 5 18,d1d7 g6g2,972,83,93,484,kingsideAttack mate mateIn1 middlegame oneMove,https://lichess.org/9trsyHbZ#35,English_Opening English_Opening_Mikenas-Carls
00Tmr,2r2rQk/6pp/p6N/1p1p4/2pq4/P6P/1P3PP1/4R1K1 b - - 9 36,f8g8 h6f7,972,83,94,345,endgame mate mateIn1 oneMove smotheredMate,https://lichess.org/d74dVX2e/black#72,
010hY,4r1k1/4rp2/2p4p/p2bNQp1/4P3/2P5/Pq3PPP/R3R1K1 w - - 1 26,e4d5 e7e5 f5e5 e8e5,972,90,94,340,crushing middlegame short,https://lichess.org/Mk8l4jxb#51,
00Yfr,5k2/1R4p1/p2bpr1p/3rN3/3P4/8/P1R2pPP/5K2 b - - 1 34,d6e5 c2c8 d5d8 c8d8,973,75,100,166,endgame mate mateIn2 short,https://lichess.org/XhVkXtku/black#68,
00eB8,4rb2/2p1q2k/p1Pp2p1/1p1Q3p/7P/2P2R2/PP4P1/1K6 b - - 1 34,f8h6 f3f7 h6g7 f7e7,974,84,96,2769,advantage endgame fork short,https://lichess.org/KYL3UuaC/black#68,
013fd,8/8/1P4p1/3B3p/R3P3/5PkP/1q4P1/R6K w - - 1 46,b6b7 b2g2,974,78,92,649,endgame mate mateIn1 oneMove,https://lichess.org/BPn9r0Ab#91,
00QW1,8/3r1ppp/4p3/k3P3/pR2R2P/2P5/2Kr1PP1/8 w - - 4 31,c2c1 d2d1 c1b2 d7d2 b2a3 d1a1,975,81,96,301,endgame exposedKing long mate mateIn3 rookEndgame,https://lichess.org/I3LnvYRW#61,
00yxD,3r2rk/1b3p1Q/p1q2Pp1/1p6/6P1/P2BR3/1PP2R1P/6K1 b - - 0 28,h8h7 e3h3,975,90,95,304,master mate mateIn1 middlegame oneMove,https://lichess.org/oxu2DM5K/black#56,
00l3p,3q4/1p6/p4N2/5QPk/4Pn2/2P4r/1P3K2/8 b - - 4 40,h5h4 f5f4,977,76,95,298,endgame hangingPiece mate mateIn1 oneMove,https://lichess.org/Lttk18Li/black#80,
00VSe,6nr/1pN2ppp/p2Qbk2/2B1p3/3nq3/8/PP2BPPP/5K1R w - - 8 19,c5d4 e4b1 e2d1 b1d1,978,79,95,571,mate mateIn2 middlegame short,https://lichess.org/xBVkshTD#37,Sicilian_Defense Sicilian_Defense_Lowenthal_Variation
00WiX,1Q6/5kpp/1p2p3/p1p1r3/2Pn4/6P1/P4P1P/6K1 w - - 0 32,b8e5 d4f3 g1f1 f3e5,978,76,98,454,crushing endgame fork short,https://lichess.org/8Rt0e7k1#63,
01BDV,4r3/2p2p1k/3p3p/3PqP2/1p5P/1P1R4/r1P3Q1/1K4R1 w - - 0 29,b1a2 e8a8 a2b1 e5a1,979,76,83,109,endgame mate mateIn2 short,https://lichess.org/VfhRAYDX#57,
01BDz,6k1/pp6/6p1/5pN1/b1r5/7P/3R2P1/7K b - - 1 37,c4c7 d2d8 g8g7 g5e6 g7f6 e6c7,982,91,95,725,advantage endgame exposedKing fork long,https://lichess.org/NoSKLr2U/black#74,
00O9a,1k3r2/q5r1/2Qp3p/N2Bp3/4P1p1/P7/1PP2PPP/R5K1 w - - 12 35,a5c4 a7f2 g1h1 f2f1 a1f1 f8f1,985,88,91,729,backRankMate long mate mateIn3 middlegame sacrifice,https://lichess.org/t6wbqTty#69,
001wr,r4rk1/p3ppbp/Pp1q1np1/3PpbB1/2B5/2N5/1PPQ1PPP/3RR1K1 w - - 4 18,f2f3 d6c5 g1h1 c5c4,989,75,97,2532,advantage fork master masterVsMaster middlegame short,https://lichess.org/KnJ2mojX#35,Pirc_Defense Pirc_Defense_Classical_Variation
00fZM,5rk1/1q3r1p/3p2RQ/3p4/3B4/2P2P2/P5PP/6K1 b - - 0 30,h7g6 h6h8,989,81,96,2552,endgame mate mateIn1 oneMove,https://lichess.org/F6b275RM/black#60,
00zUZ,r1q2rk1/1p1b1pbp/p2p2n1/2p2N2/P3PR2/2NP2QP/1PP3BK/R7 b - - 4 20,g6f4 g3g7,989,79,84,237,kingsideAttack mate mateIn1 middlegame oneMove,https://lichess.org/z7BskeaK/black#40,
01D1x,r3q2k/7p/p3p1BQ/1p2P3/P7/2p2b2/1P3P1K/6R1 b - - 0 31,e8f8 h6h7,990,85,95,268,endgame mate mateIn1 oneMove,https://lichess.org/c7vivmqC/black#62,
0092z,2r3k1/2qR1ppp/p7/2p2Q2/P7/7P/5PP1/6K1 b - - 3 26,c7c6 f5f7 g8h8 f7g7,991,91,94,443,endgame mate mateIn2 short,https://lichess.org/fjaha7q0/black#52,
00xa4,2r1k3/2p1rpp1/1p1p1b1p/p2P1P1P/P1P5/3KB3/5PR1/6R1 w - - 1 30,e3h6 g7h6 g2g8 e8d7 g8c8 d7c8,991,76,90,472,advantage endgame hangingPiece long,https://lichess.org/H3LZtXxl#59,
015Qo,r3k2r/1p2ppb1/2p3p1/p1N5/2qPP3/B1n3Pp/2Q2P1P/RR4KB w kq - 0 25,a3b2 c3e2 c2e2 c4e2,992,79,83,100,advantage kingsideAttack middlegame short,https://lichess.org/PSbrZihY#49,
003Jb,6k1/3bqr1p/2rpp1pR/p7/Pp1QP3/1B3P2/1PP3P1/2KR4 w - - 6 22,d4a7 e7g5 c1b1 g5h6,993,81,90,392,advantage fork master middlegame short,https://lichess.org/8RvK0idj#43,
00b3n,7R/1P3pk1/5rpp/8/8/4P1PK/4qPQP/8 w - - 7 41,b7b8q e2h5,993,76,100,395,endgame mate mateIn1 oneMove,https://lichess.org/hrUTLnEO#81,
00d8a,r1b1k2r/1p3p2/p1pqp3/2b2Ppp/4P1n1/2NB3P/PPP3P1/R2QBR1K w kq - 1 15,d1f3 d6h2,994,85,90,436,master mate mateIn1 middlegame oneMove,https://lichess.org/nWjnzIeC#29,Sicilian_Defense Sicilian_Defense_Kan_Variation
00XCT,6Q1/7K/2k5/3r4/8/8/8/8 w - - 5 82,h7h8 d5h5 g8h7 h5h7,996,77,100,475,endgame equality queenRookEndgame short,https://lichess.org/I94rnuWS#163,
00XL2,2kr3r/ppp3pp/6q1/3Pnp2/1PP1p3/7P/P2QNPP1/R4RK1 w - - 1 17,d2d4 e5f3 g1h1 f3d4,998,77,100,653,crushing middlegame pin short,https://lichess.org/WEWuNMx5#33,Scandinavian_Defense Scandinavian_Defense_Modern_Variation
00xmm,r6r/ppk3pp/2pN4/4P3/1b6/6PQ/PP3PKP/R1Bq4 b - - 2 24,b4d6 e5d6 d1d6 c1f4 d6f4 g3f4,999,88,93,442,advantage long middlegame pin,https://lichess.org/Pci9z8kp/black#48,
003o0,r1bqk2r/pp1nbppp/3p4/1B1p4/3P1B2/8/PPP2PPP/R2QK1NR w KQkq - 2 9,g1f3 d8a5 d1d2 a5b5,1001,86,90,684,advantage fork master opening short,https://lichess.org/Ae0t9V1Z#17,Czech_Defense Czech_Defense_Other_variations
00WAp,r5k1/4p2p/p5p1/1p1b2Q1/2p5/P4qN1/1P3P2/R2R2Kr w - - 2 28,g3h1 f3h1,1004,77,100,540,mate mateIn1 middlegame oneMove,https://lichess.org/dTOmcRL9#55,
003jv,1R6/1p2k2p/p2n2p1/4K3/8/6P1/P6P/8 w - - 10 37,b8h8 d6f7 e5e4 f7h8,1006,85,89,343,crushing endgame fork short,https://lichess.org/n0UvwK36#73,
00woo,8/r7/pkq1p1r1/R2pPp2/RPpP1Qp1/2P3Pp/4KP1P/8 w - - 1 44,b4b5 a6b5 a5a7 b5a4,1006,78,95,1648,advantage endgame short,https://lichess.org/0RoBTQw1#87,
00fN2,r2qkb1r/pp2nppp/4p3/1N1pP3/8/4BQ1P/PP3PP1/R4RK1 b kq - 4 14,a7a6 b5d6 d8d6 e5d6,1007,77,89,237,advantage middlegame short,https://lichess.org/cdN4TcuY/black#28,Caro-Kann_Defense Caro-Kann_Defense_Advance_Variation
002O7,r3qrk1/2p2pp1/p2bpn1p/2ppNb2/3P1P2/1PP1P1B1/P2N2PP/R2Q1RK1 b - - 0 14,f5g4 e5g4 f6g4 d1g4,1008,97,91,357,crushing middlegame short,https://lichess.org/dFEPPiEc/black#28,Queens_Pawn_Game Queens_Pawn_Game_Accelerated_London_System
00Gv1,8/1pp1r1kp/4r1p1/p1P5/5Q2/P4PPq/1P1R3P/3R2K1 w - - 2 32,d2d8 e6e1 d1e1 e7e1 g1f2 h3f1,1008,76,100,189,endgame long mate mateIn3,https://lichess.org/cF0zaKHB#63,
00Nej,6k1/1p3pp1/pB2qb1p/2P5/1P6/6QP/4r1P1/3R3K b - - 4 33,f6e5 d1d8 g8h7 g3d3 e6g6 d3e2,1008,96,91,3132,crushing endgame fork long,https://lichess.org/P5XLEtLV/black#66,
00Sz9,1r4k1/p4ppp/4p3/p5n1/4P3/1P1N1PPq/QB3b1P/R5K1 w - - 0 30,d3f2 g5f3 g1h1 h3h2,1008,82,90,819,kingsideAttack mate mateIn2 middlegame short,https://lichess.org/mJ2prRw1#59,
01A3W,4r3/pp5p/5k2/2p1r3/3p4/PP1P4/3KR2P/5R2 b - - 1 31,f6e6 e2e5 e6e5 f1e1 e5d6 e1e8,1009,83,89,733,attraction crushing endgame exposedKing long rookEndgame skewer,https://lichess.org/vvUxsteN/black#62,
0104L,6k1/pQ3pp1/7p/8/3P4/6Pb/PPr2r1P/2R3K1 w - - 0 25,c1c2 f2f1,1010,76,99,983,endgame mate mateIn1 oneMove operaMate,https://lichess.org/3aGTwTFn#49,
01FCo,1k2r2r/1Pp2pb1/1n1p3p/3Pq1p1/1Q1NP3/2P2P2/P4R1P/R3K3 b Q - 0 22,g7f6 d4c6 b8b7 c6e5,1013,78,96,2251,crushing fork middlegame short,https://lichess.org/ppE9yTN1/black#44,
003AX,2r2rk1/5ppp/bq2p3/p1ppP1N1/Pb1P2P1/1P2P2P/2QN4/2R1K2R b K - 1 18,c5d4 c2h7,1014,77,94,677,kingsideAttack mate mateIn1 middlegame oneMove,https://lichess.org/kRgejRSt/black#36,French_Defense French_Defense_Advance_Variation
00Aae,1R6/1P6/4pkp1/5p2/3P3p/3KP3/8/1r6 b - - 0 43,h4h3 b8f8 f6e7 b7b8q b1b8 f8b8,1015,80,88,347,advancedPawn clearance crushing endgame long promotion rookEndgame,https://lichess.org/mLIjph1r/black#86,
00RoG,2kr2nr/pp2nppp/2pp4/2b2PP1/4NPq1/3B1R2/PPP4P/R2QB2K w - - 5 18,h2h3 g4g1,1015,96,94,705,mate mateIn1 oneMove opening,https://lichess.org/rOjlXCXv#35,Scotch_Game Scotch_Game_Other_variations
001om,5r1k/pp4pp/5p2/1BbQp1r1/6K1/7P/1PP3P1/3R3R w - - 2 26,g4h4 c5f2 g2g3 f2g3,1018,80,89,227,mate mateIn2 middlegame morphysMate short,https://lichess.org/VWOIWtIh#51,
01G6T,5rk1/1p1b3p/p2pN2q/2pP2p1/2P3nP/1P4P1/P5B1/4QR1K b - - 1 30,g5h4 f1f8 h6f8 e6f8,1018,78,86,510,crushing kingsideAttack middlegame short,https://lichess.org/d4XkLc0L/black#60,
00bWA,2r1r1k1/3qbppp/pB6/3ppP2/2p1Q3/P6P/BPP3P1/R4RK1 w - - 0 22,e4e5 e7c5 e5d4 c5d4,1021,85,90,368,crushing middlegame short,https://lichess.org/JvdmqrAX#43,
01Dsa,8/7Q/2kp4/4p3/5r1P/3P2K1/6P1/6b1 w - - 5 46,h4h5 g1f2 g3h3 f4h4,1023,77,88,233,endgame mate mateIn2 operaMate short,https://lichess.org/bgWBphZU#91,
009bR,4r2k/3q2r1/1p4pQ/p1pP4/2P4P/1N4p1/PP3RK1/8 b - - 1 37,g7h7 f2f8 e8f8 h6f8,1024,77,82,154,endgame mate mateIn2 short,https://lichess.org/rvHGlZar/black#74,
00BNd,1rr3k1/3bppbp/3p1np1/1B1N4/P2BP3/5P2/P2R2PP/R5K1 b - - 0 21,d7b5 d5e7 g8f8 e7c8,1026,80,100,589,advantage fork middlegame short,https://lichess.org/52dQ8pN2/black#42,
00M92,3q1r1k/p3r1pp/1p1b1p2/2p1n3/3pR2N/1QPP2P1/PP1B1P1P/R5K1 b - - 3 21,e5d3 h4g6 h7g6 e4h4,1026,77,96,366,clearance kingsideAttack mate mateIn2 middlegame sacrifice short,https://lichess.org/Sa0qih4O/black#42,
00k6k,r2q1rk1/p1p1bpp1/2p1bn1p/8/2Pp3B/1PNBPP2/P5PP/R2Q1RK1 w - - 0 14,e3d4 d8d4 h4f2 d4c3,1028,79,84,199,advantage fork opening short,https://lichess.org/JsKisVgT#27,English_Opening English_Opening_Kings_English_Variation
00uN7,1n6/3rk3/p2p2p1/N2Bp1P1/1p2PnQ1/1P3P2/P1P4q/1K1R4 w - - 2 33,a5c6 b8c6 d5c6 d7c7,1028,92,94,440,crushing middlegame short,https://lichess.org/zQEDLHBB#65,
00RYH,1k5r/ppp1R2p/3r1p2/5Q2/3p4/2qP4/2P2PPP/2K1R3 b - - 5 26,d6a6 e7e8 h8e8 e1e8,1029,83,89,122,backRankMate endgame mate mateIn2 short,https://lichess.org/qGI2u50w/black#52,
00XqB,2Q5/pp3p1k/3q1P1p/6p1/P2p2K1/1P1P3P/2P3P1/8 w - - 5 37,c8b7 d6f4 g4h5 f4h4,1029,81,84,137,endgame mate mateIn2 queenEndgame short,https://lichess.org/ZgeDRTNM#73,
00TFd,1R6/8/p1P3k1/6pp/1P6/6PK/r6P/8 w - - 1 40,c6c7 g5g4 h3h4 a2h2,1031,82,94,182,deflection endgame mate mateIn2 rookEndgame short,https://lichess.org/olkVoMlg#79,
00xWX,5Q2/7p/6pk/8/8/1Pq3pP/6P1/7K b - - 1 45,h6h5 f8f3 c3f3 g2f3,1033,75,100,399,crushing endgame queenEndgame short,https://lichess.org/zkGVEaQz/black#90,
001w5,1rb2rk1/q5P1/4p2p/3p3p/3P1P2/2P5/2QK3P/3R2R1 b - - 0 29,f8f7 c2h7 g8h7 g7g8q,1034,83,85,220,advancedPawn attraction mate mateIn2 middlegame promotion short,https://lichess.org/0e1vxAEn/black#58,
00Qo8,8/8/RP4p1/1r1N1pkp/P1n1p3/6P1/6P1/4K3 b - - 0 49,b5d5 b6b7 d5d8 a6a8,1037,81,94,275,endgame,https://lichess.org/Sxlq7BKB/black#98,
00rzv,2k3rr/1pp1n3/p2qp1Bp/3p3Q/8/2N1P2P/PPPP2Rb/R1B2K2 w - - 0 24,g6f7 g8g2 f1g2 d6g3,1038,76,87,634,advantage attraction middlegame short,https://lichess.org/3uLKPpMH#47,
01GQI,8/5p2/1kbB2p1/4Pp1p/p2P1P2/1pR3P1/1Kn4P/8 b - - 13 58,c2d4 d6c5 b6c7 c5d4,1038,77,88,216,crushing endgame fork short,https://lichess.org/URyEHRKp/black#116,
00rYm,2r3k1/R4pp1/1p2p2p/1q2P3/3Pp3/1p2P2P/5QP1/6K1 b - - 1 34,b3b2 f2f7 g8h8 f7g7,1039,76,87,211,endgame mate mateIn2 short,https://lichess.org/qW5kfHMk/black#68,
00rYo,8/p1p4p/6p1/2p2k2/2Pb4/1P3P1K/P2RN2P/6r1 b - - 9 35,g1f1 e2g3 f5f4 g3f1,1039,93,94,3209,crushing endgame fork master masterVsMaster short,https://lichess.org/vcRYB6lg/black#70,
00T85,8/8/8/8/8/4K3/1k3Q2/1q6 b - - 5 53,b2c1 f2d2,1039,92,93,1530,endgame master mate mateIn1 oneMove queenEndgame,https://lichess.org/j3dOR5SJ/black#106,
00QCD,3r1rk1/1Q3ppp/1q2pb2/8/1P1N4/4P1P1/3B1PBP/R5K1 b - - 0 23,b6b7 g2b7 f6d4 e3d4,1041,79,94,243,advantage middlegame short,https://lichess.org/AFf6cmqa/black#46,
00Tdk,r6r/4kppp/2pNpnq1/p1P1n3/8/B3P3/PP2QPPP/3R1RK1 w - - 7 20,e2d2 e5f3 g1h1 f3d2,1041,92,94,1820,crushing middlegame pin short,https://lichess.org/UgDWX5rx#39,
00oYS,4K3/4P1k1/8/8/8/8/2p1R3/2r5 w - - 10 59,e8d7 c1d1 d7e6 c2c1q,1043,78,95,789,advancedPawn clearance crushing endgame master promotion rookEndgame short,https://lichess.org/poyLvn1d#117,
00Ycz,5k2/5r1p/pp2pQ2/8/8/1P6/P1q2PPP/4R1K1 w - - 1 32,f6e6 c2f2 g1h1 f2f1 e1f1 f7f1,1043,77,100,270,backRankMate endgame long mate mateIn3 sacrifice,https://lichess.org/9BdeH5eE#63,
00WG3,8/pk1r1Rp1/1p2p2p/4P1bP/3rN3/8/PP6/1K3R2 b - - 4 33,d4d1 f1d1 d7f7 e4d6 b7c7 d6f7,1044,77,89,226,crushing endgame fork long pin,https://lichess.org/Pwj0MKtJ/black#66,
00eNa,rnb1k2r/p1p2ppp/1p3n2/2b1N1B1/3qP3/3P4/PPP3PP/RN1QKB1R w KQkq - 1 8,e5f3 d4f2,1045,80,93,618,mate mateIn1 oneMove opening,https://lichess.org/P6b1EEqI#15,Kings_Pawn_Game Kings_Pawn_Game_Leonardis_Variation
00QY3,2k3r1/pp5p/4p3/2p2p2/2P5/P4P1q/1PQ1RR1b/7K w - - 0 32,f2h2 h3f1,1048,76,88,285,endgame master mate mateIn1 oneMove,https://lichess.org/Ip4qQXo1#63,
00Yy4,r7/pp4kp/6p1/2P2q1n/1PBb1p2/P4P2/3B2PP/2Q1R1K1 w - - 1 28,g1h1 h5g3 h2g3 f5h5,1049,78,90,310,clearance kingsideAttack mate mateIn2 middlegame sacrifice short,https://lichess.org/7Q7JGp9o#55,
00mnZ,8/p5k1/1pp2pp1/4Pp1p/5P1P/2P3P1/PP4K1/8 b - - 0 35,f6e5 f4e5 g7f7 g2f3 f7e6 f3f4,1050,77,90,399,advantage endgame long pawnEndgame,https://lichess.org/IcNWHIbW/black#70,
00WNb,8/8/1KpB4/Pb6/1P5p/5k2/8/8 b - - 3 55,f3g2 a5a6 g2f3 a6a7,1051,78,83,241,advancedPawn bishopEndgame crushing endgame master short,https://lichess.org/y1pq4fXt/black#110,
0192c,2r3k1/1Q3ppp/2pB4/2Pp1b1n/3p3K/P4P2/4q1PP/R3R3 b - - 3 24,e2g2 b7c8 f5c8 e1e8,1051,75,100,381,backRankMate mate mateIn2 middlegame sacrifice short,https://lichess.org/VGL6kiN0/black#48,
01Dq7,2k5/ppp3q1/4p1r1/4P3/3P4/1PP2RPp/P3Q1nP/5K2 b - - 2 30,g7h7 f3f8 c8d7 e2b5 c7c6 b5b7,1051,80,94,996,endgame long mate mateIn3 queensideAttack,https://lichess.org/4SXAZbeY/black#60,
00Gt0,R7/4k3/5p2/3p2p1/4b2p/2K1P2P/5PP1/8 w - - 2 47,f2f3 d5d4 c3d4 e4a8,1052,79,83,108,crushing discoveredAttack endgame master short,https://lichess.org/5OO7Wczb#93,
00nZE,r1b1r1k1/pp1p1p1Q/2n2Bp1/2p1qp2/2B1P3/3P1R2/PPP3PP/R5K1 b - - 0 16,g8h7 f3h3 h7g8 h3h8,1052,80,93,2348,mate mateIn2 middlegame operaMate short,https://lichess.org/E33kjLxE/black#32,Sicilian_Defense Sicilian_Defense_Grand_Prix_Attack
01Bmi,rn1qk2r/ppp2ppp/5b2/3P4/4P3/5b1P/PPP1QPP1/RN2KB1R w KQkq - 0 10,e2f3 f6b2 f3b3 b2a1,1052,85,91,955,advantage middlegame short trappedPiece,https://lichess.org/cUrVP72f#19,Elephant_Gambit Elephant_Gambit_Paulsen_Countergambit
01CgO,5rk1/pp5b/4p2B/1P1p3Q/3P4/2q4P/P4PP1/6K1 b - - 0 29,f8f7 h5g5 h7g6 g5g6,1052,77,87,155,crushing endgame short,https://lichess.org/ZU8eARhP/black#58,
008Y3,r5k1/1p1rqpp1/p3pnp1/2PN4/8/1Q5P/PP3PP1/3RR1K1 b - - 0 24,e7c5 d5f6 g7f6 d1d7,1054,89,93,666,advantage discoveredAttack kingsideAttack master middlegame short,https://lichess.org/jAILX5BH/black#48,
00yIS,3r3k/p5p1/5q1p/8/P1b5/4Q1RP/6BK/8 b - - 6 42,d8d3 e3e8 c4g8 g3d3,1055,76,100,833,advantage deflection discoveredAttack endgame master short,https://lichess.org/fIQfIXST/black#84,
00cZ4,8/2R5/6pk/p3p2p/4Nq2/5n1P/P2R2P1/7K w - - 0 41,d2f2 f4h2,1056,80,87,207,endgame master mate mateIn1 oneMove,https://lichess.org/uEKnkWhW#81,
00vjg,2r3k1/5ppp/p3nb2/2Bq4/1Q6/P6P/2R2PP1/2R3K1 w - - 3 30,c5e3 c8c2 c1c2 d5d1 g1h2 d1c2,1056,85,91,284,advantage attraction fork long middlegame,https://lichess.org/QOaRlqny#59,
00ZSZ,3r4/6pp/pNnNpk2/1p6/3pR3/8/PPP2PPK/8 w - - 4 32,e4f4 f6e5 d6f7 e5f4 f7d8 c6d8,1057,83,95,1119,advantage defensiveMove endgame long,https://lichess.org/66DBsV70#63,
00Evs,5qk1/pQ3pp1/7p/b2N1b2/P3r3/5K2/7P/R4B2 b - - 1 24,g7g5 d5f6 g8h8 f6e4,1058,85,92,1020,advantage fork middlegame short,https://lichess.org/ZuufvD5S/black#48,
00VFK,8/6pk/7p/Q7/6P1/3q3K/1P5P/8 w - - 1 45,h3h4 g7g5 a5g5 h6g5,1058,98,93,998,crushing endgame master queenEndgame short,https://lichess.org/cuisbvqQ#89,
0112g,7R/8/8/8/3k4/4p3/r7/4K3 b - - 1 57,a2a4 h8h4 d4c3 h4a4,1061,75,84,185,crushing endgame rookEndgame short skewer,https://lichess.org/OT4wj1GG/black#114,
00d1o,r2qk1nr/pbpp1pbp/1p2p1p1/3Pn3/2P1P3/3B1N2/PP3PPP/RNBQ1RK1 w kq - 0 8,c1g5 e5f3 d1f3 d8g5,1062,80,86,821,crushing kingsideAttack opening short,https://lichess.org/Twrqm0Jp#15,English_Defense English_Defense_Other_variations
016Oz,k7/1p3q1r/pP1Qp3/3p1p1p/7P/5KP1/5P2/8 b - - 1 46,f7d7 d6f8 d7c8 f8c8,1063,75,80,199,endgame mate mateIn2 short,https://lichess.org/Nwf1qBB4/black#92,
01BI2,3R4/2p1k3/4p1p1/1p2P2p/1P6/8/4rr2/3R2K1 b - - 7 41,e7f7 d1d7,1063,87,94,167,endgame mate mateIn1 oneMove rookEndgame,https://lichess.org/FFtkhBNX/black#82,
00vl5,5r2/p1k2qpp/2n5/2N1p3/2b5/2P1B3/PP1Q2PP/4R1K1 w - - 5 24,b2b3 f7f1 e1f1 f8f1,1066,87,93,596,mate mateIn2 middlegame operaMate sacrifice short,https://lichess.org/FkJvHJjC#47,
01BTT,8/7p/6pP/pp1k1p2/3P1P2/PP2K3/8/8 b - - 0 49,b5b4 a3b4 a5b4 e3d3 d5e6 d3c4,1066,81,90,171,crushing endgame long pawnEndgame zugzwang,https://lichess.org/T48vjGVD/black#98,
00SfT,r4rk1/pb2ppb1/1q6/6PQ/8/2NP1N2/PPnK1PP1/R6R b - - 1 16,c2a1 h5h7,1068,86,93,968,mate mateIn1 middlegame oneMove,https://lichess.org/5y0Ha2gI/black#32,Scandinavian_Defense Scandinavian_Defense_Modern_Variation
00yPS,5k2/p3pp2/7p/2Qp1P2/6B1/6q1/2K5/8 b - - 2 43,g3g4 c5c8 f8g7 f5f6 g7f6 c8g4,1069,90,94,791,crushing discoveredAttack endgame long queenEndgame,https://lichess.org/pyTEOQI7/black#86,
00UHZ,3n2k1/6p1/pp3p1p/8/2r1NR1P/6P1/1PP5/1K6 b - - 1 32,d8e6 e4f6 g7f6 f4c4,1071,79,89,3457,advantage discoveredAttack endgame short,https://lichess.org/bQ4MdAO1/black#64,
00eLW,8/8/3q3k/5Q2/4p3/4P2P/5pK1/8 w - - 0 42,f5f4 d6f4 e3f4 e4e3,1073,80,88,1251,crushing endgame queenEndgame short,https://lichess.org/jhaADLF2#83,
00LNB,kr6/1pR4p/p4R2/n2r4/P3p3/4B3/6PP/6K1 b - - 0 38,d5d3 f6a6 b7a6 c7a7,1074,80,98,3165,endgame mate mateIn2 operaMate sacrifice short,https://lichess.org/MQYDGoEM/black#76,
00piA,r3r1k1/pp3pp1/2p2q1p/3pP3/P3bP2/2P1N1P1/1P1Q1K1P/R3R3 b - - 0 23,e8e5 e3g4 f6f5 g4e5,1074,85,100,583,advantage fork middlegame short,https://lichess.org/1B30ZVJt/black#46,
014pk,2r4k/qpr2p2/2nBpNpP/p2pP3/3n1Q2/5N2/5P1P/1R3RK1 w - - 0 31,f6g4 d4e2 g1h1 e2f4,1075,92,94,565,advantage fork middlegame short,https://lichess.org/zoGZCDOk#61,
009Wc,1r3rk1/1pq2pbp/p1p1pnp1/2N1N3/3P4/1QP5/PP3PPP/3RR1K1 w - - 2 19,e5d7 f6d7 c5d7 c7d7,1076,76,95,1548,crushing middlegame short,https://lichess.org/WnthPrdl#37,Caro-Kann_Defense Caro-Kann_Defense_Classical_Variation
00YJz,8/ppp3p1/2nb1kB1/3r3R/4Q3/4PPq1/PP3K2/R1B5 w - - 3 24,f2f1 d5d1 f1e2 g3e1,1076,79,88,305,mate mateIn2 middlegame short,https://lichess.org/e8K57VIG#47,
00Pw1,5r1k/2p3Rp/3p4/p2Pn3/1p2B3/1P6/PKP2r1P/6R1 b - - 1 28,f2e2 g7h7,1077,77,98,1599,endgame master mate mateIn1 oneMove operaMate,https://lichess.org/WAkWH6IK/black#56,
013JE,6k1/ppp3pp/2nbrqr1/4p3/3PRp2/2B2N1b/PPPQ1PPP/4RBK1 b - - 0 19,g6g2 f1g2 f6g6 f3h4,1077,92,94,5720,crushing middlegame short,https://lichess.org/mVDHR9TG/black#38,Russian_Game Russian_Game_Other_variations
0122y,r3r1k1/ppp2ppp/1b1p4/6q1/1PN1Pn2/P4P1b/1BP1BP1P/R2QR2K w - - 7 17,e1g1 h3g2 g1g2 g5g2,1079,76,84,385,kingsideAttack mate mateIn2 middlegame short,https://lichess.org/X05JZ3HQ#33,Center_Game Center_Game_Normal_Variation
00JaW,8/r7/Pk5p/3R2p1/4p1P1/4P3/3K4/8 b - - 0 48,a7a6 d5d6 b6a5 d6a6 a5a6 d2c3 a6b7 c3d4,1080,80,88,204,crushing endgame exposedKing rookEndgame veryLong,https://lichess.org/K2MPI0zt/black#96,
01BRf,8/p7/1p3Nnp/1B4p1/1P4P1/P3p1bP/2k1K3/8 b - - 1 42,g3f4 b5d3 c2b3 d3g6,1080,83,95,1223,advantage endgame fork short,https://lichess.org/3av5uIrJ/black#84,
009uB,3br2r/5k1p/4p1pQ/P5P1/1B5P/P6q/5R2/6K1 b - - 1 35,f7g8 f2f8 e8f8 h6f8,1081,90,95,314,mate mateIn2 middlegame short,https://lichess.org/1llcQdqK/black#70,
00PGi,3r1q1k/pppb2pp/2np4/6N1/5B2/1Q4P1/PP4PP/4R2K b - - 11 24,b7b6 g5f7 f8f7 b3f7,1081,91,93,1099,crushing fork middlegame short,https://lichess.org/qzZ4hC7X/black#48,
0009B,r2qr1k1/b1p2ppp/pp4n1/P1P1p3/4P1n1/B2P2Pb/3NBP1P/RN1QR1K1 b - - 1 16,b6c5 e2g4 h3g4 d1g4,1084,74,88,611,advantage middlegame short,https://lichess.org/4MWQCxQ6/black#32,Kings_Pawn_Game Kings_Pawn_Game_Leonardis_Variation
00w6f,rnb1r1k1/pp1p1ppp/1q2pn2/1N6/4P3/B1P2P2/P1P3PP/R2QKB1R w KQ - 5 10,b5d6 b6e3 f1e2 e3c3,1085,78,87,152,advantage opening short,https://lichess.org/1P7Nda81#19,Sicilian_Defense Sicilian_Defense_Pin_Variation
00lio,r3k3/1p4R1/3pQ3/pP2p3/4q3/4Pr2/8/7K b - - 4 38,e8f8 e6g8,1086,76,95,672,endgame mate mateIn1 oneMove,https://lichess.org/e6khkz6u/black#76,
00sCv,8/8/1p5p/p1k5/P3K3/1P5P/8/8 w - - 1 49,e4f5 c5b4 f5g6 b4b3 g6h6 b3a4,1086,86,86,361,crushing endgame long pawnEndgame,https://lichess.org/aUCW3BUV#97,
00BJm,r2q1rk1/1Q2bppp/p1N1p3/1p6/2pP1n2/2P5/PP3PPP/R4RK1 b - - 1 18,d8d5 c6e7 g8h8 e7d5,1088,75,97,1122,advantage fork hangingPiece middlegame short,https://lichess.org/Umzi5RNZ/black#36,Queens_Pawn_Game Queens_Pawn_Game_Colle_System
003jH,rn3rk1/p5pp/3N4/4np1q/5Q2/1P3K2/PB1P2P1/2R4R w - - 0 25,f3f2 e5d3 f2e3 d3f4 h1h5 f4h5,1089,92,89,344,crushing fork long middlegame,https://lichess.org/3CQGofXT#49,
00RiT,8/pp1k1p2/4p3/2ppPr1r/5PpP/2P3P1/P1P5/2K1RR2 b - f3 0 22,g4f3 g3g4 f5e5 g4h5,1089,77,100,118,advantage endgame fork rookEndgame short,https://lichess.org/u5bDliJE/black#44,
00d5g,2b2rk1/pp4p1/2p5/4r3/2B5/1P6/P4pK1/5R2 b - - 4 32,g8h8 f1h1 c8h3 h1h3 e5h5 h3h5,1090,84,85,618,endgame long mate mateIn3 pillsburysMate,https://lichess.org/Vf4zaDk5/black#64,
012ee,rb4k1/2q3pp/P3pp2/3pN3/1Q1P4/4P3/2P2PPP/R5K1 w - - 2 26,e5d3 c7h2 g1f1 h2h1 f1e2 h1a1,1090,76,86,1078,advantage endgame kingsideAttack long skewer,https://lichess.org/zrmGJ1qH#51,
00DEc,8/p5pk/1p3b1p/3r3P/6P1/3nBN2/P4PK1/4R3 w - - 3 30,e1d1 d3f4 e3f4 d5d1,1091,77,87,171,crushing discoveredAttack endgame short,https://lichess.org/T0mRW37D#59,
00hNb,5k2/pp3ppp/4p3/3p4/1Pn2q2/2P3P1/P3Qn1P/R2R3K w - - 1 30,h1g2 c4e3 e2e3 f4e3,1091,89,92,557,crushing endgame fork short,https://lichess.org/n7QzfFtZ#59,
00tsE,2rq1k2/5ppp/p7/1p6/5Q2/2P5/P1P2PPP/4RK2 b - - 7 22,c8c3 f4b4 f8g8 b4c3,1092,79,90,1269,crushing endgame fork short,https://lichess.org/I2FQvxn0/black#44,
00QkV,5k1r/p3Rpbp/3N2p1/4nbB1/2P5/3rP3/q4PPP/3Q1RK1 b - - 2 16,f7f6 e7e8,1094,75,100,887,mate mateIn1 middlegame oneMove,https://lichess.org/R69epPjY/black#32,Grunfeld_Defense Grunfeld_Defense_Three_Knights_Variation
00bTs,2r4k/6bP/8/3p4/pp1qn3/3N1Q2/PPP3R1/1K5R w - - 5 35,g2g7 e4d2 b1a1 d2f3,1096,88,94,1009,advantage fork master middlegame short,https://lichess.org/PDAfQk7l#69,
00z3O,r2qr1k1/pp3pp1/2p2n1p/3bR3/3P4/3Q1N1P/PPB2PP1/4R1K1 b - - 11 23,d5f3 e5e8 d8e8 e1e8,1096,79,90,1379,advantage kingsideAttack middlegame short,https://lichess.org/TpSbqrpL/black#46,
00sd6,r2brk1Q/pp3pp1/1q1pb1n1/1Bp1p1P1/4P3/P1PPBN2/5P2/1R2K2R b K - 10 26,g6h8 h1h8 f8e7 h8e8,1097,81,94,500,mate mateIn2 middlegame operaMate short,https://lichess.org/970jZM32/black#52,
002bK,8/7p/2b1k3/p2p1pPB/1n1P3P/N1p1P3/4K3/8 b - - 1 42,c6b5 a3b5 c3c2 e2d2,1100,83,93,822,advantage endgame hangingPiece short,https://lichess.org/IFGj8W5s/black#84,
00MYL,1R6/3k1Q2/p2b1p2/2r1p3/3n4/P6P/5PP1/4qBK1 b - - 1 40,d7c6 f7b7,1100,84,94,628,mate mateIn1 middlegame oneMove,https://lichess.org/fwb6IEPk/black#80,
014gw,r2qkb1r/1p2pppp/p2p1n2/2p1N2b/P1B1P3/3P3P/1PPN1PP1/R1BQ1RK1 b kq - 0 9,h5d1 c4f7,1103,78,93,1835,attackingF2F7 mate mateIn1 middlegame oneMove,https://lichess.org/6ZOSpfpG/black#18,Sicilian_Defense Sicilian_Defense_Old_Sicilian
0164A,8/8/3p1k1p/3Pqpp1/2Q5/6PP/5P1K/8 w - - 3 34,h2g2 e5e4 c4e4 f5e4,1104,75,89,291,crushing endgame queenEndgame short,https://lichess.org/0Tp4aMQy#67,
01GXf,r3k2r/pR2bppp/4p3/3N4/8/8/P4PPP/4R1K1 b kq - 0 20,e7f6 d5c7 e8f8 c7a8,1105,82,95,2019,crushing endgame fork short,https://lichess.org/iduwCdmp/black#40,
00bZ2,4b1k1/1r2P2p/p1p3pP/6q1/3Q4/PB6/1PP3P1/1K6 b - - 0 36,b7b3 d4g7,1106,84,85,178,endgame mate mateIn1 oneMove,https://lichess.org/PL5NKKII/black#72,
00AB1,8/7Q/3p1kp1/1p6/2b5/2P4P/5PPK/4q3 b - - 8 36,e1c3 h7h8 f6e6 h8c3,1107,76,96,11426,crushing endgame short skewer,https://lichess.org/KQDr21Ph/black#72,
007tv,r3k1nr/1pp2ppp/1pnp2q1/4p1B1/2B1P3/3P1Q1P/PPP2PP1/R4RK1 b kq - 0 11,g6g5 f3f7 e8d8 f7f8 d8d7 f8a8,1108,81,90,1334,advantage attackingF2F7 long middlegame skewer,https://lichess.org/ky7qZNjk/black#22,Italian_Game Italian_Game_Giuoco_Pianissimo
00WZO,8/1R2B3/5p2/1k2bP1p/p6r/5K2/8/8 b - - 7 45,b5c4 b7b4 c4d5 b4h4,1108,75,100,834,crushing endgame short skewer,https://lichess.org/zw93HvDI/black#90,
005nD,3rk2r/2qn1pp1/p1Q1R3/3n3p/8/8/PP4PP/5R1K b k - 0 23,f7e6 c6e6 d5e7 e6f7,1111,75,96,1417,fork mate mateIn2 middlegame short,https://lichess.org/hlgaj6lV/black#46,
00Aas,3r1rk1/1p2q1pp/5p2/8/1P1n4/6Q1/PPbB1PPP/R2B1RK1 w - - 9 20,d1c2 d4e2 g1h1 e2g3 f2g3 d8d2,1111,75,96,8551,crushing fork long middlegame,https://lichess.org/wYjuq3zz#39,
00Pc8,rnb2r2/pp4k1/2p3pp/4Np2/2BP4/8/PP4PP/2KRR3 b - - 0 18,b8d7 e5d7 c8d7 e1e7 g7f6 e7d7,1111,75,100,538,advantage clearance fork long middlegame,https://lichess.org/2yTBJXpZ/black#36,Caro-Kann_Defense Caro-Kann_Defense_Hillbilly_Attack
00Tge,8/5k2/8/1p1p2pN/1PpP1nP1/2P1KP2/8/8 b - - 10 58,f4h5 g4h5 f7g7 f3f4,1111,96,95,2612,crushing endgame short,https://lichess.org/Jri9vZwO/black#116,
00Bm8,8/6kp/4b1q1/1p6/1PpPp2Q/2P1P3/r2N2P1/5RK1 w - - 7 34,d2e4 g6g2,1113,76,86,332,endgame master mate mateIn1 oneMove,https://lichess.org/ynNNLRgG#67,
00DBg,rn2kbnr/pp6/2p2p2/4P3/4P1pq/2N3N1/PPPB2B1/R2Q1RK1 w kq - 1 17,g1f2 f8c5 d2e3 c5e3 f2e3 h4g3,1114,78,88,476,advantage attraction exposedKing long middlegame,https://lichess.org/hXAo4Q2j#33,Pirc_Defense Pirc_Defense_Other_variations
002HE,1qr2rk1/1p1p1ppp/pB2p1n1/7n/2P1P3/1Q2NP1P/PP2B1Pb/3R1RK1 w - - 1 20,g1f2 b8g3,1116,77,94,509,master mate mateIn1 middlegame oneMove,https://lichess.org/U21EXYdv#39,
00glf,3r2k1/R4p1p/6p1/2p5/P2b1B2/7P/2r2PP1/5RK1 b - - 0 25,d4f2 f1f2 d8d1 f2f1 d1f1 g1f1,1116,76,100,424,advantage endgame long,https://lichess.org/A1ka0Yxc/black#50,
016Ny,r3k3/ppp3pp/8/3Bp3/3n2bq/3P4/PPP3PP/RNBQ2K1 w q - 1 16,d1f1 d4e2 f1e2 g4e2,1116,76,93,245,crushing kingsideAttack middlegame short,https://lichess.org/pHjrycLz#31,Italian_Game Italian_Game_Two_Knights_Defense
00yt1,r3rk2/pp3pbp/6pn/4N3/2Qp1P2/1P5P/6P1/3R2K1 b - - 0 25,h6f5 c4f7,1117,76,100,347,mate mateIn1 middlegame oneMove,https://lichess.org/biaYCFuX/black#50,
00hSr,r4rk1/5p2/1q2pnRP/p2p4/1ppP4/2P1P3/PPQN1P2/2K4R b - - 0 21,f7g6 c2g6 g8h8 g6g7,1119,96,94,5779,kingsideAttack mate mateIn2 middlegame short,https://lichess.org/FSHLYhgq/black#42,
00n3G,1k4r1/7p/1p4r1/pPp1qp2/P1Pp1R2/3Q2NP/2P4K/5R2 w - - 4 32,f1f3 g6g3 f3g3 e5f4,1120,79,93,1925,advantage deflection middlegame pin short,https://lichess.org/7me09or0#63,
00x3K,r2qk2r/ppp2pp1/2npbn1p/3Np3/2B1P3/P2P1N1P/1PPQ1PP1/R3K2R b KQkq - 0 10,f6d5 e4d5 e6d5 c4d5,1120,79,88,290,advantage fork middlegame short,https://lichess.org/n0BradwB/black#20,Four_Knights_Game Four_Knights_Game_Italian_Variation
0039T,1r5r/p3kp2/4p2p/4P3/3R1Pp1/6P1/P1P4P/4K2R w K - 1 25,d4a4 b8b1 e1f2 b1h1 a4a7 e7f8,1121,86,93,838,crushing defensiveMove endgame long rookEndgame skewer,https://lichess.org/BrtVeJlj#49,
00zNz,r1bqk2r/pp1np1bp/2p3p1/3pNB2/3P1B2/4P3/PPP2PPP/R2QK2R b KQkq - 0 10,g6f5 d1h5 e8f8 h5f7,1121,83,94,5557,mate mateIn2 opening short,https://lichess.org/kZTBqbqj/black#20,Queens_Pawn_Game Queens_Pawn_Game_Accelerated_London_System
00V0G,8/6P1/5k1K/8/8/3p4/PR6/6r1 w - - 1 49,b2d2 g1h1 d2h2 h1h2,1122,81,91,721,endgame mate mateIn2 rookEndgame short,https://lichess.org/UYjzL2st#97,
014vH,4k3/pp3p1Q/1q2pP2/3p4/3P4/bP3NN1/r1n3PP/5RK1 w - - 1 25,f3e5 b6d4 g1h1 d4e5,1122,76,97,1480,crushing fork middlegame short,https://lichess.org/bwKV9ixj#49,
00Ahb,1k4nr/pp1r1ppp/4p3/1Nb2q2/2Pp4/6P1/PP3P1P/R1BQR1K1 b - - 2 14,g8h6 c1f4 f5f4 g3f4,1123,81,83,246,crushing middlegame short,https://lichess.org/Cyj8Qkox/black#28,Sicilian_Defense Sicilian_Defense_Franco-Sicilian_Variation
00Mgf,2RQ4/p4pp1/4p1kp/8/6PP/q3PPK1/1r6/8 b - - 0 35,a3e3 h4h5 g6h7 d8g8,1124,89,90,254,endgame mate mateIn2 short,https://lichess.org/Phr30rbU/black#70,
00xgR,8/2B3k1/4p2p/2P3pQ/3P4/4p3/6PP/4qNK1 w - - 0 34,h5e8 e1f2 g1h1 f2f1,1124,84,91,186,deflection endgame mate mateIn2 short,https://lichess.org/tNw5mP5i#67,
00Hxb,1rbr1k2/p4ppp/2B5/2pR1NP1/2P5/P7/7P/4R1K1 b - - 0 27,d8d5 e1e8,1125,81,83,1196,endgame mate mateIn1 oneMove operaMate,https://lichess.org/FW9LwaHK/black#54,
00vKn,8/8/1R6/6k1/6P1/4r2P/r7/5R1K w - - 5 40,f1f6 e3e1 f6f1 e1f1,1128,85,94,104,endgame mate mateIn2 rookEndgame short,https://lichess.org/qsLWpNqw#79,
017c1,8/8/8/1p6/4k3/2p4P/rP2RK2/8 b - - 1 49,e4d4 b2c3 d4c3 e2a2,1129,100,92,1438,crushing discoveredAttack endgame rookEndgame short,https://lichess.org/xat94cnU/black#98,
003r5,r2qr1k1/ppp2ppp/4b3/3P4/1nP2Q2/2N2N1P/PP3KP1/R4R2 w - - 1 15,d5e6 b4d3 f2g1 d3f4,1130,78,88,862,crushing fork middlegame short,https://lichess.org/JPN97v7j#29,Kings_Gambit_Accepted Kings_Gambit_Accepted_Abbazia_Defense
00Q4m,5r2/1b3k2/1q4p1/p3Pp1p/2pn1P1P/4Q1P1/P6K/R1R2B2 w - - 2 34,f1g2 d4f3 e3f3 b7f3,1130,76,100,799,advantage middlegame short,https://lichess.org/LOKLTnN2#67,
0050w,5rk1/1p2p1rp/p2p4/2pPb2R/2P1P3/1P1BKP1R/8/8 b - - 4 30,g7g3 h3g3 e5g3 h5g5 g8f7 g5g3,1131,87,91,1518,crushing endgame fork long,https://lichess.org/QD8pUcTR/black#60,
0071K,3N1r2/6R1/kp6/p2pPp1Q/2pP2P1/2q5/2P5/2K5 w - - 0 38,g7a7 a6a7 h5h7 a7a6,1131,83,94,484,crushing defensiveMove endgame hangingPiece short,https://lichess.org/gY0ZkxR4#75,
00s16,rBbqk2r/1p3ppp/p3pn2/8/1b1P4/2N2N1P/PP3PP1/R2QKB1R b KQkq - 0 10,a8b8 d1a4 b7b5 a4b4,1131,81,92,901,crushing fork opening short,https://lichess.org/sflO7yGm/black#20,Caro-Kann_Defense Caro-Kann_Defense_Panov_Attack
014OS,8/p7/1b6/1Kp5/2P2pk1/1P6/5P1B/8 w - - 0 37,f2f3 g4f3 b3b4 c5b4,1131,94,87,472,bishopEndgame crushing endgame short,https://lichess.org/iqvWcZe5#73,
01BnQ,r1b1kb1r/pp1n1ppp/R3p3/1NppP1B1/3P4/3B1N2/1qP2PPP/3QK2R b Kkq - 0 11,b7a6 b5c7,1131,80,93,198,mate mateIn1 middlegame oneMove,https://lichess.org/Bb1uHbTP/black#22,Alekhine_Defense Alekhine_Defense_Scandinavian_Variation
00L76,5rk1/5pp1/4p3/7R/2P5/2n2N2/5r2/2K4R b - - 2 37,g7g6 h5h8 g8g7 h1h7 g7f6 h8f8,1132,76,100,196,crushing deflection endgame long,https://lichess.org/xBILTafH/black#74,
0088O,7Q/2p5/1p2prp1/p4k1p/P4p1P/8/6RK/3q4 b - - 2 37,d1a4 g2g5 f5e4 h8f6,1133,80,85,444,crushing deflection endgame short,https://lichess.org/GmH1DPx6/black#74,
013hi,2k5/bpp2B2/p1np4/4pR2/PP2P1q1/1NPP2P1/5RK1/8 b - - 6 30,a7f2 f7e6 c8d8 f5f8 d8e7 e6g4,1133,75,97,10770,crushing discoveredAttack endgame fork long,https://lichess.org/Ckj1gHe9/black#60,
00TiV,8/1kp5/4n3/3pN3/r2P3R/2K4P/8/8 w - - 5 48,e5f3 a4a3 c3c2 a3f3,1135,82,93,1205,crushing endgame short skewer,https://lichess.org/Wm6c0Vk6#95,
00O3h,5k2/R3Rp2/6p1/1p5p/1P5K/2nr4/7P/8 b - - 7 43,d3d4 h4g5 c3e4 g5h6,1136,81,91,2232,crushing defensiveMove endgame short,https://lichess.org/71bhLvdU/black#86,
00d9q,1r1q1r2/Q2k3p/2pp1npb/2p2P2/8/2N5/PP3PPP/4RRK1 b - - 0 19,d8c7 e1e7 d7e7 a7c7,1138,82,94,939,attraction crushing deflection master middlegame short,https://lichess.org/kbUk4cWh/black#38,
00J1Y,1q3r2/p5k1/1p2pbpp/2p2p2/2P1N3/2P2PQP/PP3P2/6RK b - - 2 29,f5e4 g3g6 g7h8 g6h6,1139,81,93,819,deflection endgame mate mateIn2 short,https://lichess.org/8onUzszE/black#58,
012uA,r4r2/p1p2k1R/6R1/3n1pB1/1q1Pb3/8/1P2Q1PP/6K1 b - - 2 35,f7g6 e2h5,1139,77,84,177,mate mateIn1 middlegame oneMove triangleMate,https://lichess.org/giEyOLMZ/black#70,
01GnH,1R6/P7/6p1/7p/8/7k/K7/2q5 b - - 1 43,c1c4 b8b3 h3g4 a7a8q,1139,79,95,527,advancedPawn advantage endgame promotion queenRookEndgame short,https://lichess.org/QXjY4nyw/black#86,
00L84,6k1/5pp1/7p/2p5/2P5/2rp2PP/PR3P2/5K2 w - - 0 37,b2b3 c3c1 f1g2 d3d2,1140,89,93,662,advancedPawn crushing endgame master rookEndgame short,https://lichess.org/ZX4yckwu#73,
016I9,8/1b2R1kp/p7/3p2P1/PP1n2KP/2r5/3N4/8 b - - 5 46,g7g6 h4h5,1140,80,93,1167,endgame mate mateIn1 oneMove,https://lichess.org/soXqrI59/black#92,
00byq,2r3k1/2r1bppp/3ppn2/qp6/3BP3/1Q4P1/PP3PBP/1RR3K1 w - - 5 21,d4e3 c7c1 b1c1 c8c1 e3c1 a5e1 g2f1 e1c1,1141,94,93,593,advantage fork middlegame pin veryLong,https://lichess.org/gofuvC2L#41,
00swU,3rkb1r/pppqp1pp/2n5/1Q3p2/4N3/1P2P3/PBP2PPP/R3KB1R w KQk - 0 12,e4c5 d7d2,1141,74,100,845,mate mateIn1 oneMove opening,https://lichess.org/JfA7i4yS#23,Zukertort_Opening Zukertort_Opening_Tennison_Gambit
01DHd,r1bq1rk1/pp1nb1pp/4pp2/3pP2Q/2pP4/2P1P3/PPBN2PP/R1B2RK1 b - - 1 12,g7g6 c2g6 h7g6 h5g6,1141,75,95,4315,crushing kingsideAttack opening short,https://lichess.org/tYOhhfGL/black#24,Queens_Pawn_Game Queens_Pawn_Game_Other_variations
00nji,3R2k1/5pp1/2b4p/2b5/p1P5/P4P1P/6P1/5K2 b - - 4 36,g8h7 d8c8 c5a3 c8c6,1142,80,91,1074,advantage endgame short,https://lichess.org/ZaRB691n/black#72,
00s9L,2r1r1k1/5pp1/Rb3q1p/1p2p3/3pP3/1N1P1PP1/3Q1P2/2R3K1 b - - 0 25,f6d8 c1c8 d8c8 a6b6,1142,78,87,878,advantage middlegame short,https://lichess.org/QuuF4iDz/black#50,
00tB9,1k1r3r/1bq1b1p1/p2p4/2nBp1P1/4P3/4BP2/1PPQN3/2KR3R w - - 3 24,d5b7 c5b3 c1b1 b3d2,1142,78,97,4885,advantage middlegame pin queensideAttack short,https://lichess.org/I1QFfgyS#47,
01B6x,6k1/1B2ppbp/p2p2p1/3P4/1P2P3/P3B3/4qPPP/1Q1b2K1 w - - 1 28,g2g3 e2e1 g1g2 d1f3 g2f3 e1b1,1143,76,94,107,crushing discoveredAttack endgame long,https://lichess.org/30lJXHnJ#55,
007QU,2rq1rk1/1b3p1p/p3p3/1p1pB1p1/2nP2N1/1RP1PP2/P1Q3PP/3R2K1 b - - 1 22,f7f5 g4h6,1144,77,87,218,mate mateIn1 middlegame oneMove,https://lichess.org/ZduvBU6U/black#44,
00iyx,2kr1b1r/pp3ppp/2p1pq2/6B1/2P3Q1/7P/P4PP1/1R3RK1 b - - 3 19,f6g6 g5d8 g6g4 h3g4,1145,77,95,3672,advantage middlegame short,https://lichess.org/vut9HU3T/black#38,Scandinavian_Defense Scandinavian_Defense_Main_Line
01DJq,4R3/6p1/5bk1/N6p/8/1P6/6PP/3r1K2 w - - 1 45,e8e1 d1e1 f1e1 f6c3 e1d1 c3a5,1146,83,95,1386,attraction crushing endgame fork long,https://lichess.org/OAuPLlZG#89,
00aCb,r2q1rk1/pp2bpp1/2p1b2p/3nP3/3PN3/1P1Q3P/P4BP1/1BR2RK1 b - - 4 25,d5f4 e4f6 g7f6 d3h7,1148,75,97,1083,clearance kingsideAttack mate mateIn2 middlegame sacrifice short,https://lichess.org/teDm3wIz/black#50,
00eQx,5r1k/R5bp/6p1/p2Bq3/p3P3/6PK/7P/4Q3 w - - 7 39,a7a5 e5h5 h3g2 h5f3,1148,79,95,1110,crushing endgame short,https://lichess.org/fhgCrd1k#77,
00gnK,2kr3r/1pq2pp1/p1pbb3/7p/Q2P2n1/5N2/PP1B1PPP/2R1RBK1 w - - 1 20,d2a5 d6h2 f3h2 c7h2,1148,76,85,241,kingsideAttack mate mateIn2 middlegame short,https://lichess.org/MSlXJIGv#39,
00xgi,rnbq1rk1/pp4pp/4p3/3pNp1Q/2pPn3/2PBP1P1/PP1N1PP1/R3K2R b KQ - 1 11,d8e8 h5h7,1148,78,93,328,kingsideAttack mate mateIn1 middlegame oneMove,https://lichess.org/eZNcY10G/black#22,Queens_Pawn_Game Queens_Pawn_Game_London_System
001wb,r3k2r/pb1p1ppp/1b4q1/1Q2P3/8/2NP1Pn1/PP4PP/R1B2R1K w kq - 1 17,h2g3 g6h5,1149,76,95,290,mate mateIn1 middlegame oneMove,https://lichess.org/hNzYRMWP#33,Ruy_Lopez Ruy_Lopez_Bird_Variation
009f8,8/1p4p1/pb2ppkp/3n4/3P4/P3BN1P/1P2KPP1/8 b - - 0 26,g6f5 f3h4 f5e4 f2f3,1149,79,94,200,endgame mate mateIn2 short,https://lichess.org/paDYagZM/black#52,
00Gvr,8/1b3pp1/1k4Pp/4K2P/4PP2/8/8/8 b - - 0 46,f7f6 e5e6 b7e4 e6f7,1149,77,89,2801,advantage bishopEndgame defensiveMove endgame master short,https://lichess.org/tHhRpYsL/black#92,
00OxK,3r2k1/1p3p2/p1n2P2/2P3P1/1P2p3/P2pP3/3B4/2R3K1 w - - 0 33,c1c4 c6e5 c4e4 e5f3 g1f2 f3d2,1149,75,91,167,advantage endgame exposedKing fork long,https://lichess.org/xZGqOSNB#65,
001wR,6nr/pp3p1p/k1p5/8/1QN5/2P1P3/4KPqP/8 b - - 5 26,b7b5 b4a5 a6b7 c4d6 b7b8 a5d8,1152,85,93,2632,endgame long mate mateIn3,https://lichess.org/ruvbd9JW/black#52,
0048h,4r3/p5k1/2p2R1p/2Pp4/1P1pr1P1/P6P/8/3R3K w - - 1 35,f6c6 e4e1 d1e1 e8e1 h1g2 d4d3,1152,75,98,1930,crushing endgame exposedKing long rookEndgame,https://lichess.org/dq15P00L#69,
00fwM,Qn1qk2r/p4ppp/2p5/2bn4/4pPb1/2N5/PPPP2PP/R1B1KBNR w KQk - 1 9,h2h3 d8h4 g2g3 h4g3,1152,76,94,4405,mate mateIn2 opening short,https://lichess.org/REHlrlvo#17,Kings_Gambit_Declined Kings_Gambit_Declined_Falkbeer_Countergambit
00GuD,1n5k/4r1p1/p2q1rPp/1ppB4/8/3P4/PPP1RPQ1/2K4R b - - 4 25,e7e2 h1h6 g7h6 g6g7 h8h7 g7g8q,1152,76,88,562,advancedPawn kingsideAttack long mate mateIn3 middlegame promotion sacrifice,https://lichess.org/zcHeWRaO/black#50,
017AB,8/5k2/7p/1R4p1/4P1K1/5P1P/1pr5/8 w - - 2 51,g4f5 c2c5 b5c5 b2b1q,1153,86,93,764,advancedPawn crushing deflection endgame promotion rookEndgame short,https://lichess.org/2zYITnbk#101,
00SsI,6R1/p4p1p/2p1pp1k/8/2N5/4b1R1/4K1PP/2q5 b - - 1 29,e3g5 g3h3 g5h4 h3h4,1154,77,94,819,endgame mate mateIn2 short,https://lichess.org/WfTPI1ZC/black#58,
003eP,8/r1b1q2k/2p3p1/2Pp4/1P2p1n1/2B1P3/NQ6/2K4R b - - 1 36,h7g8 h1h8 g8f7 h8h7 f7e8 h7e7,1156,79,88,1756,crushing exposedKing long middlegame skewer,https://lichess.org/n9vCFmKh/black#72,
00GY4,3k2r1/pR5R/3r4/4p1q1/7Q/3Pn1PP/PP5K/8 b - - 0 27,g5h4 b7b8,1156,78,94,1273,endgame mate mateIn1 oneMove,https://lichess.org/uDdpetkC/black#54,
00mvP,r1b2k1r/pppp2pp/5q2/4n3/2Bp4/8/PPP2PPP/RN1QR1K1 w - - 2 13,d1d4 e5f3 g2f3 f6d4,1156,76,83,345,advantage discoveredAttack middlegame short,https://lichess.org/yHPzjZSy#25,Italian_Game Italian_Game_Scotch_Gambit
00rva,r2qkb1r/pQpbpppp/2n2n2/1N6/2pP4/8/PP2PPPP/R1B1KBNR b KQkq - 2 7,a8b8 b5c7 d8c7 b7c7,1156,76,96,11982,crushing opening short,https://lichess.org/14QnOxb7/black#14,Queens_Gambit_Declined Queens_Gambit_Declined_Marshall_Defense
01Dsr,7k/rB2n1pp/5q2/1Q6/p6P/6P1/6PK/8 b - - 1 38,a4a3 b5e8 e7g8 b7d5 f6f7 d5f7 a7f7 e8f7,1158,76,98,384,crushing endgame veryLong,https://lichess.org/v4603EHf/black#76,
006HV,1r6/5k2/2p1pNp1/p5Pp/1pQ1P2P/2P4R/KP3P2/3q4 w - - 4 31,c4c6 b4b3 a2a3 d1a1,1159,87,93,1015,endgame mate mateIn2 short,https://lichess.org/ibb2c72C#61,
00jPw,r3r1k1/ppp2p2/1b5Q/3PP2n/2B3bq/2N5/PP4PP/R4R1K w - - 1 18,f1f7 h5g3,1159,77,95,2806,mate mateIn1 middlegame oneMove pin,https://lichess.org/rMGqxihy#35,Italian_Game Italian_Game_Classical_Variation
00Mke,6k1/p4p2/3P4/6pp/P2Q4/5qPP/r4P1K/3R4 w - - 1 42,d6d7 a2f2 d4f2 f3f2 h2h1 f2f3,1160,75,100,430,crushing endgame long,https://lichess.org/cweMVx20#83,
00Yqb,8/6k1/4p1pq/1p1pPp2/p2P1n2/2P1QN2/PP3PPP/5K2 w - - 4 39,g2g3 h6h3 f1e1 f4g2 e1d2 g2e3,1161,87,100,109,crushing endgame fork long,https://lichess.org/G6kGzZ13#77,
009IO,3rk3/5p1r/p2Np1p1/3bP3/P2n4/8/1P3RPP/5RK1 b - - 4 25,e8e7 f2f7 h7f7 f1f7,1162,83,87,547,hookMate mate mateIn2 middlegame short,https://lichess.org/LJBrm9Or/black#50,
00Hut,r4rk1/4p1bp/3p2p1/q1pP1P2/4QP2/4B3/1p5P/1BKR3R w - - 0 22,c1c2 a5c3,1162,75,94,3136,mate mateIn1 middlegame oneMove,https://lichess.org/wzUXW4h3#43,
019tx,4Qb1r/pp2R1k1/2pq1p2/8/3p4/1BP4P/PP1B2P1/6K1 b - - 0 32,f8e7 e8f7,1162,86,94,794,endgame mate mateIn1 oneMove,https://lichess.org/z4oFAOJD/black#64,
00f1Y,1r6/p2n1pkp/4p1p1/2Np4/1r6/1P1K1P1P/P3R1P1/2R5 b - - 5 36,b8c8 c5e6 f7e6 c1c8,1164,75,100,561,advantage discoveredAttack endgame short,https://lichess.org/5k1h2DTZ/black#72,
009oc,5Q2/pbp3np/1p1pB1pk/1P6/P3q2P/6K1/8/8 b - - 1 32,e4e6 f8f4 g6g5 f4g5,1165,78,89,770,endgame mate mateIn2 short,https://lichess.org/426eHXom/black#64,
00N3B,r2q1rk1/1bb2ppp/p1n1p3/4P3/Np1P4/1B2NP2/1P4PP/2RQ1RK1 b - - 0 20,d8d4 d1d4 c6d4 c1c7 d4b3 c7b7,1165,77,97,4175,crushing long middlegame,https://lichess.org/knYvxXRq/black#40,
00nQp,r5k1/pp1qrppp/2nb1n2/6N1/3P1p2/2P5/PPQN2PP/R1B2RK1 w - - 4 15,d2e4 f6e4 c2e4 e7e4,1166,82,93,16050,crushing middlegame short,https://lichess.org/M8VH9NaD#29,Kings_Gambit_Accepted Kings_Gambit_Accepted_Cunningham_Defense
01EDR,8/8/8/p4R1p/2p1k3/P4R1P/1P2q1P1/7K w - - 4 38,f5a5 e2e1 h1h2 e1a5,1166,77,95,648,endgame,https://lichess.org/W89MP6kG#75,
00Tya,r4rk1/6pp/1p1Bp3/p7/P1PP4/4nqP1/2QR3P/4R1K1 w - - 1 25,c2a2 f3f1 e1f1 f8f1,1167,76,96,2323,kingsideAttack mate mateIn2 middlegame sacrifice short,https://lichess.org/uhMJDCas#49,
0184P,1r6/3R2p1/p5kp/1p2p2N/2Pn2K1/1P6/P5PP/8 b - - 2 30,b5c4 d7g7,1167,77,97,4553,endgame mate mateIn1 oneMove,https://lichess.org/wgWQ1iov/black#60,
01Dm4,3r2k1/pp2pp2/3p2pq/5P2/4P3/2P2N2/P1PK1QnP/6R1 w - - 5 28,d2e2 g2f4 e2d1 f4h3,1169,76,87,1742,crushing endgame short,https://lichess.org/nQB6Phy7#55,
00QBx,rn1qk2r/pb3ppp/5n2/2b5/7N/2N1p1P1/PP1PPP1P/R1BQKB1R w KQkq - 0 9,h4g2 e3f2,1170,79,90,453,advancedPawn attackingF2F7 mate mateIn1 oneMove opening,https://lichess.org/85qqz7lO#17,English_Opening English_Opening_Kings_English_Variation
00Af3,8/8/2B2p1p/P4Pp1/3p1kP1/1b1Pb2P/8/4K3 b - - 0 50,f4g3 a5a6 b3c4 a6a7,1171,80,95,5703,advancedPawn bishopEndgame crushing endgame short,https://lichess.org/JBQDYKyD/black#100,
01Cjs,8/5p2/3pkPrp/1p1rp2R/1P6/2P2RP1/3K1P1P/8 w - - 1 34,d2e2 e5e4 h5h4 e4f3,1171,76,100,106,crushing endgame rookEndgame short,https://lichess.org/anQBXaJA#67,
00sw5,3r2k1/1p3pp1/pq1b3p/3P4/P7/3Q1N2/1r3PPP/R2R2K1 w - - 0 23,a1b1 b6f2 g1h1 f2g2,1172,82,94,1922,kingsideAttack master mate mateIn2 middlegame short,https://lichess.org/TMsj324P#45,
01Cq8,r2r1k2/5p1p/p4p2/1pP1p3/3Nb3/P3P3/1P3PPP/2RR2K1 w - - 0 20,d4b3 d8d1 c1d1 e4c2 d1d6 c2b3,1172,77,100,852,advantage endgame fork long master,https://lichess.org/0jcejOU1#39,
00fjN,r4rk1/pp3p1p/2p3p1/q3bb2/3Pn3/1Q1BPN2/PP2KPPP/2R4R w - - 0 18,f3e5 a5d2 e2f3 d2f2,1173,85,94,469,mate mateIn2 middlegame short,https://lichess.org/D5JhZSwX#35,Indian_Defense Indian_Defense_Other_variations
00OCQ,1rr3k1/5p1p/p5pQ/4p3/4q3/B3P3/PPPR1PPP/2KR4 w - - 6 27,c2c3 c8c3 b2c3 b8b1,1174,75,98,1210,mate mateIn2 middlegame queensideAttack sacrifice short,https://lichess.org/kcUnWeDs#53,
00zDW,1r1r3k/p2qR1pp/b1p5/2p3Q1/8/2PPR2P/PP3PP1/6K1 b - - 2 26,d7d5 g5g7,1174,77,88,230,kingsideAttack mate mateIn1 middlegame oneMove,https://lichess.org/SuDrO2FW/black#52,
00PZo,7r/8/3b4/3p4/5PR1/2kN4/4KP2/8 w - - 1 67,f4f5 h8e8 e2f3 c3d3,1175,76,100,477,advantage deflection endgame short,https://lichess.org/XUilKWZg#133,
00zmB,2k4r/pp3ppp/6b1/2pQP3/8/2q5/P4PPP/R1B1K2R w KQ - 0 20,e1f1 g6d3 d5d3 c3d3,1176,80,100,107,crushing middlegame short,https://lichess.org/UrDfa3MQ#39,
014p4,3rn2r/pp1q1pkp/2n1b1p1/1Np1p3/8/4N1P1/PP1QPPBP/R2R2K1 w - - 0 18,g2c6 d7d2 d1d2 d8d2,1176,77,95,9645,crushing master middlegame short,https://lichess.org/uHz0wNEM#35,Benoni_Defense Benoni_Defense_Old_Benoni
00Ta0,4k3/1R6/6p1/4Np1p/7P/2r3PK/5b2/8 w - - 11 47,e5g6 c3g3 h3h2 g3g6,1178,75,93,2359,crushing endgame fork short,https://lichess.org/kDwb7v3y#93,
00vj7,8/8/7p/4k1nP/6PN/1r3B2/5K2/8 b - - 1 54,e5f4 h4g6,1180,83,100,124,endgame master mate mateIn1 oneMove,https://lichess.org/ezjR07BX/black#108,
00WDP,1r2kb1r/p4ppp/Q1n5/2qpP1Bb/8/5N1P/P2N1PP1/R4RK1 b k - 2 16,b8b6 a6c8 c6d8 c8d8,1181,77,90,514,mate mateIn2 middlegame short,https://lichess.org/8oXY3LOe/black#32,Bishops_Opening Bishops_Opening_Ponziani_Gambit
01485,r2qr3/p2n1kp1/b1pb1n1p/8/1p1P1N2/1Q3N1P/PP3PP1/R1B1R1K1 b - - 1 16,f7f8 f4g6,1182,76,98,1331,mate mateIn1 middlegame oneMove,https://lichess.org/Qku6iH4j/black#32,French_Defense French_Defense_Exchange_Variation
00SgB,b3rrk1/qn2R3/1p3ppp/1P1p4/1Q1PnB2/P3P3/4BPPP/5RK1 b - - 0 28,e8e7 b4e7 f8f7 e7e8 g8g7 f4h6,1184,76,94,1558,advantage exposedKing kingsideAttack long middlegame,https://lichess.org/twcqryGo/black#56,
00UwP,5rk1/p4pp1/3qb2p/1B1p4/1r1P4/Q3PN2/P4PPP/2R3K1 b - - 5 19,b4b1 a3d6 b1c1 b5f1,1184,76,100,632,advantage master middlegame short,https://lichess.org/Py4RR2HF/black#38,
01F1N,r4rk1/pp1q2pp/3p1p2/2p1nP2/5Q2/2P4P/PP1N1PP1/4RRK1 b - - 3 17,e5d3 f4c4 d6d5 c4d3,1185,77,88,143,crushing fork middlegame short,https://lichess.org/OPiXnLpo/black#34,Philidor_Defense Philidor_Defense_Exchange_Variation
00oSB,8/8/p1p5/1pKp3k/3P2p1/P1Q3P1/1Pq5/8 b - - 21 59,c2c3 b2c3 h5g6 c5c6,1186,78,86,139,crushing endgame short,https://lichess.org/tpQXCjFQ/black#118,
01GT7,2r5/p2q1k1p/1p2p1p1/3b4/4n3/Q3PN2/5PPP/3R2K1 b - - 7 27,e4c3 f3e5 f7e8 e5d7,1186,77,91,180,advantage fork middlegame short,https://lichess.org/YAS6FCof/black#54,
00n6z,r2Rrk1q/p3Np2/1pp5/8/P1Q1P1pP/2P2P2/1P3bP1/3R3K w - - 5 34,d8a8 h8h4,1188,77,83,199,kingsideAttack mate mateIn1 middlegame oneMove,https://lichess.org/WrP84lz1#67,
00SIE,2k3nr/ppp2ppp/2n5/8/8/1Q2P3/q2r1PPP/1R2KB1R b K - 1 15,d2f2 b3b7 c8d7 b1d1,1188,78,89,272,crushing fork middlegame short,https://lichess.org/sgBLVx00/black#30,Englund_Gambit Englund_Gambit_Hartlaub-Charlick_Gambit
01Bcd,4r1r1/pp1kRp1p/2n2p2/2pN3q/2P3bN/1P4P1/P2P1P1P/R3Q1K1 b - - 0 18,c6e7 d5f6 d7d8 f6h5,1188,79,82,202,crushing fork middlegame short,https://lichess.org/hwAyyLKW/black#36,Sicilian_Defense Sicilian_Defense_Kramnik_Variation
01B2X,4r1k1/3p1p1p/8/2pP1QpP/4n3/4N3/4NnP1/r5KR w - - 2 30,g1h2 a1h1,1190,75,100,220,master mate mateIn1 middlegame oneMove,https://lichess.org/cErYYOpu#59,
00xsd,r1bqkb1r/1p1npp1p/p2p1np1/6B1/3N4/3BP3/PPP2PPP/RN1QK2R w KQkq - 0 8,c2c4 d8a5 b1c3 a5g5,1191,79,93,1581,advantage fork opening short,https://lichess.org/bMxAVfzo#15,Zukertort_Opening Zukertort_Opening_Sicilian_Invitation
00Ybq,2rr4/4kp2/p3p2q/1p3nNP/3PQP2/P1N5/1P3K2/6R1 b - - 0 34,d8d4 e4b7 d4d7 b7c8,1192,77,91,2090,crushing fork master middlegame short,https://lichess.org/TunHPHtZ/black#68,
008tL,8/7k/pR5p/3p4/5r2/2P1p2P/P5P1/6K1 w - - 0 40,b6a6 e3e2 a6e6 f4f1,1193,76,95,3204,advancedPawn crushing endgame master rookEndgame short,https://lichess.org/yhNupFCi#79,
00mLw,r5k1/p5pp/1p2b2r/3p4/2pQ1P1q/2P1P2P/P1P1B1P1/R5K1 b - - 0 25,e6h3 d4d5 h3e6 d5a8,1193,78,82,168,advantage fork middlegame short,https://lichess.org/b5bclKA7/black#50,
00Y6y,5k2/5pp1/8/1p2N3/1P6/7P/3nR1P1/2r3K1 w - - 1 48,g1h2 d2f1 h2g1 f1g3 g1f2 g3e2,1193,77,92,531,advantage discoveredAttack discoveredCheck endgame long,https://lichess.org/Rv29Dipi#95,
00tZP,r2qk2r/1p3ppp/8/2pPPn2/1pPn2b1/3Q1NP1/PP3PBP/RN3RK1 w kq c6 0 14,d5c6 d4f3 d3f3 g4f3,1194,77,94,2515,crushing kingsideAttack middlegame short,https://lichess.org/jHQ12o4d#27,Queens_Gambit_Declined Queens_Gambit_Declined_Albin_Countergambit
004LZ,8/7R/5p2/p7/7P/2p5/3k2r1/1K2N3 w - - 3 48,e1g2 c3c2 b1a2 c2c1q h7d7 d2e2,1195,77,93,2052,advancedPawn crushing defensiveMove deflection endgame long promotion,https://lichess.org/drahwNdj#95,
00Wp4,3r1k2/p4p2/1p4p1/1Pn4p/4BP1P/6P1/P2p3K/3R4 b - - 1 44,c5d3 d1d2 d8d4 e4d3,1196,78,91,450,advantage endgame master short,https://lichess.org/qyB8QR8D/black#88,
012K5,8/3Q1kpp/8/3K4/6P1/8/7P/q7 b - - 9 46,f7g6 d7f5 g6h6 f5h5,1196,83,89,489,endgame mate mateIn2 queenEndgame short,https://lichess.org/ideT1zK1/black#92,
01AwS,8/7p/2PQ4/7k/P3r1r1/1P2nK2/8/8 b - - 8 52,g4f4 d6f4 e4f4 f3f4 e3d5 f4e5,1196,78,99,1930,crushing endgame long,https://lichess.org/goZSQL0z/black#104,
007eS,6k1/p4p2/1p5p/4r3/P3B3/1P3P2/2PK2PP/8 w - - 0 29,d2e3 f7f5 g2g4 f5e4,1197,75,95,13912,advantage endgame short,https://lichess.org/8qs8bafy#57,
00Uo9,4Q3/5ppk/2p2b1p/1pq1pP2/2r1B3/5P1P/6P1/5R1K b - - 3 33,c5e7 e8e7 f6e7 f5f6 c4e4 f6e7,1198,75,98,814,advancedPawn crushing discoveredAttack discoveredCheck endgame long,https://lichess.org/A7Ui9kzO/black#66,
004Lu,8/p1p4p/4Pk2/2PP1p1P/1r3r2/5B2/P3RK2/8 b - - 3 38,f6e7 d5d6 c7d6 c5d6 e7d6 e6e7,1201,76,99,1837,advancedPawn advantage endgame exposedKing long master,https://lichess.org/WMeZuWza/black#76,
00TQf,4r1k1/p1R1n2p/4N3/5rK1/8/6PP/P3R3/8 w - - 3 46,g5g4 h7h5 g4h4 e7g6,1204,77,93,2020,endgame mate mateIn2 short,https://lichess.org/aPLWBAFg#91,
00ICz,2k2rr1/1p1q3p/1p2p3/1NbpQ3/P1p2P2/6P1/6KP/R4R2 b - - 0 31,f8f5 b5a7 c8d8 e5b8 d8e7 b8g8,1205,76,95,5925,crushing long middlegame skewer,https://lichess.org/aGEDdbh2/black#62,
00LPw,1rb4r/pp1nb1pp/5nk1/3Np3/2q1P3/2N2Q2/PPP2PPP/R1B1K2R b KQ - 4 12,f6d5 f3f5,1207,75,96,1300,mate mateIn1 middlegame oneMove,https://lichess.org/6myiaU6K/black#24,Philidor_Defense Philidor_Defense_Lion_Variation
00QZ3,r1bq3r/ppppnkpp/2n5/b5N1/4P3/B1P5/P4PPP/RN1QK2R b KQ - 1 9,f7f8 d1f3 f8e8 f3f7,1207,79,92,1683,mate mateIn2 opening short,https://lichess.org/PiCJ1gmH/black#18,Scotch_Game Scotch_Game_Scotch_Gambit
01FU2,rnb1r1k1/pp3p1p/3p2pQ/3NB3/2P5/3BPN2/Pq1b2PP/3K3n b - - 1 16,e8e5 d5f6 g8h8 h6h7,1207,82,88,360,kingsideAttack mate mateIn2 middlegame short,https://lichess.org/qyKU499m/black#32,Indian_Defense Indian_Defense_Budapest_Defense
00u3h,8/2p2rkp/1p4p1/p2PQ3/2P3P1/1P1q1B1P/P1n3K1/8 b - - 7 41,g7h6 g4g5,1213,75,99,1639,endgame mate mateIn1 oneMove,https://lichess.org/7WG19onG/black#82,
00RXz,1k1r4/pp1b4/2pq1p1p/6p1/8/1Q4P1/PP3PBP/3R2K1 b - - 0 27,d6e6 b3e6 d7e6 d1d8,1214,76,80,255,advantage endgame queensideAttack short,https://lichess.org/KgK5s7Qu/black#54,
0109N,r2qkbnr/1p2pppp/p1n5/4N3/2BP2b1/8/PP3PPP/RNBQ1RK1 b kq - 3 8,g4d1 c4f7,1215,76,84,204,attackingF2F7 mate mateIn1 oneMove opening,https://lichess.org/4ZP4Jh3Y/black#16,Caro-Kann_Defense Caro-Kann_Defense_Panov_Attack
00uid,r2qkbr1/pp2pp1p/5n2/2p1Nb2/2Q5/4B3/PPnN1PPP/R2K1B1R b q - 1 12,c2a1 c4f7,1217,77,83,294,attackingF2F7 mate mateIn1 middlegame oneMove,https://lichess.org/eM41Zwwb/black#24,Borg_Defense Borg_Defense_Other_variations
01HI3,Q3R3/1R3ppk/7p/8/2p5/2P5/1Pr4r/4K3 w - - 3 54,b7f7 c2c1,1217,85,94,1194,endgame mate mateIn1 oneMove queenRookEndgame,https://lichess.org/cBCqtthS#107,
00qX2,1r2r2k/Q1R4p/4q1p1/4Bb2/8/8/PP3PPP/3R2K1 b - - 0 28,e6e5 c7h7 h8g8 a7f7,1223,81,92,1022,mate mateIn2 middlegame short triangleMate,https://lichess.org/aDxQAOeN/black#56,
00AhO,r1b2rk1/2q2p1p/1p2pbp1/pP6/2P1Q3/P2B1N2/5PPP/3R1RK1 w - - 0 20,e4a8 c8b7 a8a7 f8a8 a7a8 b7a8,1229,82,92,2545,advantage clearance long master middlegame trappedPiece,https://lichess.org/9PjjgfVE#39,
00Bp0,1r2kr2/pp3p1p/2b1pn2/4N3/2P5/1N1B4/P3KP1P/6R1 b - - 4 21,f6e4 e5c6 b7c6 d3e4,1229,79,93,8720,advantage capturingDefender middlegame short,https://lichess.org/GN8F9TsL/black#42,
00cy1,2rknb2/3q1pp1/p1pP3r/1pQ1P2p/5P2/1P4P1/PB4K1/3R4 b - - 0 27,h5h4 c5b6 e8c7 d6c7,1229,76,96,1086,advancedPawn advantage master middlegame pin short,https://lichess.org/TsSnBR0S/black#54,
00hck,8/pp3k1p/3B2p1/2P5/1P6/4n2P/P4qP1/2Q4K w - - 0 33,h1h2 f2g2,1232,80,89,157,endgame mate mateIn1 oneMove,https://lichess.org/42ife2dg#65,
00hpL,8/7p/4K2P/8/4k3/8/8/8 b - - 4 53,e4f4 e6f6 f4e4 f6g7 e4f5 g7h7 f5f6 h7g8,1233,78,92,724,crushing endgame pawnEndgame veryLong,https://lichess.org/90qwuU42/black#106,
00R0l,rnbqkb1r/pp3p1p/6pP/P1ppp3/6n1/3P1P2/1PP1P1P1/RNBQKBNR b KQkq - 0 7,g4h6 c1h6 f8h6 h1h6,1235,79,88,1543,advantage opening short,https://lichess.org/y06s0jL8/black#14,Ware_Opening Ware_Opening_Other_variations
00Er4,r3k2r/p1bN2pp/2p1pp2/3p3b/3P1q2/2N4P/PPPQ1PP1/R3R1K1 w kq - 0 16,e1e6 e8d7 d2f4 c7f4,1236,78,88,183,crushing hangingPiece middlegame short,https://lichess.org/xukRQ21f#31,Caro-Kann_Defense Caro-Kann_Defense_Other_variations
00au3,4B3/8/1p1k1p1p/5Pp1/p1P3P1/1nK4P/1P6/8 b - - 9 48,d6c5 e8a4 b3c1 b2b4,1240,87,91,506,crushing endgame master masterVsMaster short,https://lichess.org/yPpeNCSO/black#96,
00Us6,3r1rk1/p3R2p/2p2p2/1pPq4/1n1P1P2/6P1/1B2Q2P/2K1R3 b - - 3 32,d5b3 e2g4 g8h8 g4g7,1240,77,94,531,kingsideAttack mate mateIn2 middlegame short,https://lichess.org/rMo69Gbe/black#64,
009J1,rn2k2r/pp2bp1p/2p1pNp1/6B1/5P2/7P/PPP4P/2K1RR2 b - - 3 17,e8f8 g5h6,1243,74,98,1131,mate mateIn1 middlegame oneMove,https://lichess.org/lPhlt9XF/black#34,Pirc_Defense Pirc_Defense_Byrne_Variation
013oK,8/8/p3r2k/1Q5p/3P2q1/2P5/PP6/1K3R2 w - - 0 31,b5c5 g4e4 b1c1 e4e3 c1c2 e3e2 c2b3 e2f1,1244,76,100,688,advantage endgame fork master veryLong,https://lichess.org/k3Bt26MM#61,
00aOF,3r2k1/pp5p/5pbQ/q2p4/6PP/1Br2P2/P1P5/4RRK1 w - - 0 24,e1e7 a5c5 f1f2 c5e7,1245,84,93,122,advantage fork middlegame short,https://lichess.org/9tRSkE9Q#47,
00Kyy,8/P7/8/5k2/8/5pr1/5r2/R6K w - - 0 50,a7a8q g3h3 h1g1 f2g2 g1f1 h3h1,1246,75,84,263,endgame exposedKing long master mate mateIn3 queenRookEndgame,https://lichess.org/VrBw9rnh#99,
00Oim,1r3rk1/q5pp/2R5/3P4/8/1p2NpPb/1P3P1P/2QR2K1 w - - 0 32,c1c4 a7e3 f2e3 f3f2,1247,77,94,733,advancedPawn advantage middlegame sacrifice short,https://lichess.org/p1cFe6Z8#63,
00H1C,r3r3/1kpRnqpp/p4p2/Qp2P2P/1N6/4Pb2/PPP3P1/2K2R2 b - - 0 22,e7c6 a5c7,1249,76,93,3370,mate mateIn1 middlegame oneMove swallowstailMate,https://lichess.org/GzcjOw0p/black#44,
009wR,1R2R3/p7/1p1k3p/1Pb5/P5p1/6P1/5rKP/8 w - - 6 41,g2h1 f2f1 h1g2 f1g1,1250,76,93,561,endgame mate mateIn2 operaMate short,https://lichess.org/tBBaKL5q#81,
00dUW,4k2r/1pb3pp/p4p2/2P1p2b/1PBn4/P3N1P1/3B1P1P/5RK1 w k - 3 23,e3d5 d4f3 g1g2 f3d2,1250,79,85,196,crushing fork middlegame short,https://lichess.org/RnKoYsGf#45,
00X5w,r2q1r1k/1ppbb1pn/p1n4p/3Qpp2/B3P3/2P2N1P/PP3PP1/R1B1RNK1 w - - 2 14,f3e5 c6e5 a4d7 e5d7,1250,78,93,4476,advantage middlegame short,https://lichess.org/tzCvvvDs#27,Ruy_Lopez Ruy_Lopez_Morphy_Defense
00qoE,1n1q2rk/p3b1p1/1pr1p1RB/2p1P3/4N3/2PP1N1P/P3B2K/6R1 b - - 0 28,g7h6 g6h6,1251,77,93,2669,kingsideAttack mate mateIn1 middlegame oneMove,https://lichess.org/wVq7oLvw/black#56,
00o5f,4r3/2R3pk/1n2p2p/p6N/6PP/8/P7/6K1 b - - 0 40,e8g8 h5f6 h7h8 f6g8,1252,77,80,315,advantage endgame pin short,https://lichess.org/dsUoBkKG/black#80,
00SyL,1rb2rk1/4bppp/p1n1p3/1p1qP3/7N/P5P1/1PQ2PBP/R1B2RK1 b - - 1 15,d5c5 c2c5 e7c5 g2c6,1252,76,92,6113,capturingDefender crushing opening short,https://lichess.org/f988q4eE/black#30,Sicilian_Defense Sicilian_Defense_Old_Sicilian
018ZF,n1r3k1/7p/q1bQ2p1/8/P2PP3/5P2/6PP/2R3K1 b - - 0 40,a6a4 d6e6 g8g7 e6c8,1253,92,93,253,crushing endgame fork short,https://lichess.org/ezPUmn9q/black#80,
001Fg,2R2r1k/pQ4pp/5rp1/3B4/q2n4/7P/P4PP1/5RK1 w - - 3 30,c8c7 d4e2 g1h2 a4f4 h2h1 e2g3 f2g3 f4f1,1256,77,96,3160,advantage middlegame veryLong,https://lichess.org/y0QalMAw#59,
01Dcf,1k4r1/3p1p2/1Bn4p/5q2/5P2/1Q4P1/P7/R5K1 w - - 2 29,a1b1 g8g3 b3g3 f5b1,1256,81,93,784,crushing deflection endgame short,https://lichess.org/x6stMH1k#57,
01GBu,5r1k/3p2bp/p4pp1/qp1br3/4P3/1Q4B1/PP2RPPP/4R1K1 w - - 0 23,e4d5 a5e1 e2e1 e5e1,1257,80,94,5060,backRankMate mate mateIn2 middlegame short xRayAttack,https://lichess.org/t1gBJrWV#45,
00mmI,8/5p2/7k/5K1P/5P2/6R1/8/5r2 b - - 4 49,h6h5 g3h3,1259,75,100,443,endgame,https://lichess.org/flZyNmmd/black#98,
00Zit,r3kb1r/ppp2pp1/3p4/1P2p3/2P3pn/2N1P2q/PB1P1P1N/R2Q1RK1 w kq - 0 15,d1g4 h4f3 h2f3 h3g4,1259,79,91,602,deflection kingsideAttack mate mateIn2 middlegame short,https://lichess.org/3L9d0QhX#29,Polish_Opening Polish_Opening_Czech_Defense
00L4x,1r4k1/4Ppbp/p5p1/2q5/p2n4/P2Q2B1/r2N1PPP/3KR2R b - - 0 27,g7h6 e7e8q b8e8 e1e8,1260,84,91,2736,advancedPawn crushing kingsideAttack middlegame promotion short,https://lichess.org/kQUg1Hn3/black#54,
00KYU,3r4/p2n2kp/1p2Bpp1/2r2N2/4q3/6QP/P5P1/5R1K b - - 1 40,g7f8 g3d6 f8e8 d6e7,1262,74,93,1815,mate mateIn2 middlegame short,https://lichess.org/UlNVmHbT/black#80,
00AdI,3r4/4kp1p/1PQ1p1p1/p3b3/1p2P2P/1P6/6PK/8 w - - 1 36,h2h3 d8d3 g2g3 d3g3 h3h2 g3c3,1263,78,97,8704,crushing discoveredAttack discoveredCheck endgame long master,https://lichess.org/WWyIGzPi#71,
00eGd,7R/8/p2kp3/2r4p/p4K2/6PP/P7/8 b - - 3 39,d6d5 h8h5 e6e5 h5e5,1263,78,93,2788,crushing endgame rookEndgame short,https://lichess.org/uwded1rg/black#78,
01FXr,7r/1p2bk2/p1P1p1p1/2Np1p2/Q2P4/4P3/4BKPq/R7 w - - 0 28,c6b7 e7h4 f2f3 h2g3,1263,78,86,453,mate mateIn2 middlegame short,https://lichess.org/UUewicB0#55,
00tTz,8/p6p/3b2pk/5p1n/2B4q/1P3P2/P5QP/5R1K w - - 10 35,f1d1 h5g3 g2g3 d6g3,1265,78,83,312,crushing endgame master pin short,https://lichess.org/cDY5GbVr#69,
00BSo,2r3k1/4R1pp/p1p2p2/2p5/2P5/1PbN3P/P4PP1/6K1 w - - 0 25,d3c5 c3b4 e7a7 b4c5,1266,80,93,824,advantage endgame short,https://lichess.org/SjQSgSG9#49,
00IF1,1k6/p1p5/P2p4/3P4/1PK2N1p/4P3/5r2/4B3 b - - 12 57,f2f4 e3f4 h4h3 e1g3,1266,78,92,642,crushing defensiveMove endgame hangingPiece short,https://lichess.org/bX3dAdx9/black#114,
00ft3,8/p7/2R3p1/4Nnk1/2P4p/7K/Pr6/8 b - - 3 50,g5f4 e5d3 f4g5 d3b2,1267,80,86,828,crushing endgame fork short,https://lichess.org/CFT5b92o/black#100,
0040n,r7/p2k1pp1/p1p1pn2/3p4/3P4/P3PQp1/1PP2P1q/2K4R w - - 0 20,h1h2 g3h2 f3h3 f6g4,1268,75,98,2816,advancedPawn advantage endgame short,https://lichess.org/WIUWcrdG#39,
00xIC,3rr1k1/1R3ppp/8/2p5/q2p1B2/3Q2P1/P1R2P1P/6K1 w - - 3 28,d3c4 e8e1 g1g2 a4c6 f2f3 c6b7,1268,87,94,631,crushing fork long middlegame,https://lichess.org/b4qtd9O6#55,
019Qi,3k4/p1pp3p/1p3K2/8/5P2/8/8/8 b - - 4 44,d8e8 f6g7 h7h5 f4f5 h5h4 f5f6,1268,83,94,12567,crushing endgame long pawnEndgame quietMove,https://lichess.org/xENaK26y/black#88,
00mFI,4r2k/2q1r3/2p4Q/p5P1/1p1Pp1P1/2P1N2P/PP6/4bRK1 b - - 0 28,e7h7 f1f8 e8f8 h6f8,1270,81,93,4546,kingsideAttack mate mateIn2 middlegame short,https://lichess.org/kiOTTNFh/black#56,
00dCs,rn1q2k1/pbp1nrpp/1p2Q3/8/3P4/B1P1P3/P3NPPP/R4RK1 b - - 2 14,b7d5 a3e7 d8d7 e6d7,1271,75,91,999,advantage middlegame short,https://lichess.org/sdm8JiCZ/black#28,Queens_Gambit_Accepted Queens_Gambit_Accepted_Old_Variation
00VJF,2rr2k1/1pq2pp1/1B2pnp1/1Q1p4/8/2P2B2/PP4Pb/3RR2K b - - 1 32,c7d7 b5d7 f6d7 b6d8,1272,80,87,357,advantage middlegame short,https://lichess.org/x96V69hr/black#64,
01Baj,r1b1r1k1/ppp2ppp/2n5/8/2P1q3/P4N1P/1P1QBPP1/R3K2R w KQ - 2 15,e1c1 e4e2 d2e2 e8e2,1273,76,93,5739,advantage middlegame short,https://lichess.org/SV0DvAns#29,Four_Knights_Game Four_Knights_Game_Other_variations
01GCT,5r1k/6p1/R3bn1p/8/1P6/P2PqB2/1B2P2P/6RK b - - 0 30,h8h7 f3e4 h7h8 a6e6,1273,77,85,237,advantage interference middlegame short,https://lichess.org/lC8C6VlE/black#60,
00hYk,8/8/1n4p1/4kp1p/7P/1B2KPP1/8/8 b - - 0 54,b6d5 b3d5 e5d5 e3f4,1277,79,92,4233,crushing endgame short,https://lichess.org/rWJb7AjE/black#108,
00uDH,2r5/3k1p2/5Pp1/PP1pP1P1/1K1B3P/5p2/8/8 w - - 1 45,d4c5 c8c5 b4c5 f3f2,1279,79,91,2813,advancedPawn crushing endgame sacrifice short,https://lichess.org/9Hn6Sv3F#89,
00h41,4Q3/p4r2/1pp1k1pR/5p2/4p1q1/8/PP3P2/5K2 b - - 3 46,f7e7 h6g6 g4g6 e8g6,1280,79,84,361,advantage endgame fork short,https://lichess.org/CgyFo5ok/black#92,
00yWQ,8/5pk1/4b2p/8/2r1NKP1/4P2P/5R2/8 w - - 12 51,f4f3 e6d5 f2d2 d5e4,1282,77,92,4631,crushing endgame master masterVsMaster short,https://lichess.org/lJke9dkh#101,
00zQz,4rrk1/pB4pp/2N2p2/2p5/6b1/1PN3P1/P1P2P1P/R3nK2 w - - 0 21,a1e1 g4h3 f1g1 e8e1,1282,77,86,251,deflection mate mateIn2 middlegame pillsburysMate short,https://lichess.org/omHw8uCB#41,
00nHy,r2q1rk1/p4pbp/1pp1p1p1/4n3/2PpN3/1P4P1/PB2PP1P/1R1Q1RK1 w - - 0 16,d1d4 e5f3 e2f3 g7d4,1283,77,87,877,crushing discoveredAttack middlegame short,https://lichess.org/nKLwXxuX#31,English_Opening English_Opening_Anglo-Indian_Defense
01FB6,5n1k/6p1/7p/8/Qb1P2N1/2q1B2P/6P1/6K1 w - - 0 31,a4e8 c3e1 g1h2 b4d6 g4e5 e1e3,1287,77,85,402,advantage deflection endgame long,https://lichess.org/StB6avH2#61,
00rCs,3r3k/R5pp/5p2/2pN4/4P3/4n1qP/PPP3P1/5Q1K w - - 2 29,f1f3 g3e1 h1h2 e3f1 f3f1 e1f1,1288,81,94,4433,advantage endgame long,https://lichess.org/3pRiqgSJ#57,
00ZSd,2R5/5pk1/pb4p1/1p1q4/3P1P1p/P3r2P/1PQ3P1/3R2K1 w - - 6 45,g1h1 e3h3 h1g1 b6d4 d1d4 d5d4,1290,76,98,2623,crushing endgame long pin,https://lichess.org/D5o6GOOI#89,
004JD,3r4/R7/2p5/p1P2p2/1p4k1/nP6/P2KNP2/8 w - - 3 41,d2e3 a3c2,1291,82,91,2796,cornerMate endgame mate mateIn1 oneMove,https://lichess.org/6vTeEc3x#81,
00O9q,5r2/5p1k/4nP2/4N1p1/8/6P1/6K1/R7 b - - 1 78,h7h6 a1h1,1291,77,87,731,endgame master mate mateIn1 oneMove,https://lichess.org/0XcQGKAN/black#156,
00BCa,1r6/p2kp1P1/3p4/2pP4/2P2B2/pN6/5PK1/8 b - - 1 41,a3a2 b3c5 d6c5 f4b8 a2a1q g7g8q,1293,75,98,2139,advancedPawn crushing endgame long master promotion,https://lichess.org/B8N0BmLk/black#82,
00pVS,r1b1kbnN/ppp3pp/3p4/8/8/2NP4/PPP4P/R2QKBq1 b Qq - 3 15,c8h3 d1h5 g7g6 h5h3,1293,75,93,1936,advantage fork middlegame short,https://lichess.org/l88Pda6c/black#30,Italian_Game Italian_Game_Blackburne-Kostic_Gambit
00MFe,3r3k/p5pp/2r2q2/2p4Q/8/8/P5PP/3R1R1K b - - 5 29,d8d1 h5e8 f6f8 e8f8,1294,80,93,2142,endgame mate mateIn2 short,https://lichess.org/d1J7UJ4D/black#58,
00xDa,q7/3kbpp1/4p3/1p1pP3/2pPb1P1/1PP1B3/1Q3P1r/R5K1 w - - 0 28,a1a8 h2h1,1294,78,88,900,endgame master mate mateIn1 oneMove operaMate,https://lichess.org/trNxydY0#55,
00Bul,rnbqk2r/pp3ppp/5n2/3pN3/2B5/2P5/P1PPQPPP/R1B1K2R b KQkq - 1 8,d5c4 e5c6 c8e6 c6d8,1295,76,97,2118,advantage discoveredAttack discoveredCheck opening short,https://lichess.org/70pObIpq/black#16,Kings_Pawn_Game Kings_Pawn_Game_Gunderam_Gambit
00G7g,3r1rk1/p4pp1/b1p4p/8/BPPq4/P2P3P/2Q3P1/RNB4K b - - 2 27,d4a1 c1b2 a1b2 c2b2,1297,74,89,731,advantage middlegame short,https://lichess.org/Gbq7pxMD/black#54,
001xl,8/4R1k1/p5pp/3B4/5q2/8/5P1P/6K1 b - - 5 40,g7f6 e7f7 f6e5 f7f4,1299,80,94,11934,advantage endgame master masterVsMaster short skewer superGM,https://lichess.org/bEQkfPQD/black#80,
00neh,8/7p/1P1n4/7P/4p3/8/2pBK3/1k6 b - - 1 47,d6c4 b6b7 c2c1q d2c1,1299,80,94,148,advancedPawn crushing endgame master short,https://lichess.org/JKaqBW90/black#94,
00Qpu,3r1b1r/2pn4/1p1p3p/2kP2qn/Q3Pp2/4Bp2/1P4PP/4R1K1 b - - 3 26,f4e3 e1c1,1301,78,87,738,mate mateIn1 middlegame oneMove,https://lichess.org/GLsIyi7p/black#52,
00nFD,r4rk1/p1q2pb1/2p1b1pp/3np3/2B1N2P/4BP2/PPP3P1/2KRQ2R w - - 0 16,g2g4 d5e3 c4e6 e3d1,1303,77,94,5056,advantage master middlegame short,https://lichess.org/FeP6qhNK#31,Sicilian_Defense Sicilian_Defense_Dragon_Variation
0181c,rnb3k1/pp3pp1/2p2p1p/8/3P4/2PBrN2/PP4PP/R3R1K1 b - - 1 15,e3d3 e1e8 g8h7 e8c8,1306,82,89,603,advantage fork middlegame short,https://lichess.org/BC7tzTnN/black#30,Caro-Kann_Defense Caro-Kann_Defense_Tartakower_Variation
00kZF,r3r3/1p1n2pk/2p1pq1p/2P5/1p2R3/P2Q1N1P/5PP1/R5K1 b - - 1 24,f6a1 e4e1 h7h8 e1a1,1307,80,91,2518,crushing discoveredAttack discoveredCheck middlegame short,https://lichess.org/7skMhb04/black#48,
01GwB,1r1b1r2/3P2pk/7p/4R3/P6P/4RpP1/5P2/6K1 b - - 3 44,b8b7 e5e8 f8g8 e8g8 h7g8 e3e8 g8f7 e8d8,1309,75,95,495,advantage attraction endgame fork veryLong,https://lichess.org/3iyCcPso/black#88,
018Iz,8/3P4/8/1kP2pbP/8/5K2/8/8 b - - 0 51,b5c5 h5h6 c5c6 h6h7 c6d7 h7h8q,1310,75,100,3065,advancedPawn bishopEndgame crushing endgame long promotion,https://lichess.org/51AxZaDj/black#102,
00dnp,8/Q7/7r/8/6K1/1r2k1p1/6P1/8 b - - 2 64,e3e2 a7a2 e2e3 a2b3,1311,80,94,22973,crushing endgame fork master queenRookEndgame short,https://lichess.org/hMbf0KPM/black#128,
00VEX,4r1k1/3b1pp1/1B3q1p/r7/P1p1Q3/2P4P/5PP1/R4RK1 w - - 1 27,b6d4 e8e4 d4f6 g7f6,1314,77,80,269,crushing middlegame short,https://lichess.org/8qPPWVm7#53,
00Ea3,3r4/p5k1/1p1qprnp/1Q1pN1p1/3P1pP1/1PP5/P5PP/4RRK1 b - - 3 29,g6e5 d4e5 d6c5 b5c5 b6c5 e5f6,1316,76,87,389,crushing fork long middlegame,https://lichess.org/6TJRc5H1/black#58,
0123H,3r1r1k/5Qpp/1qp3n1/p3p1N1/P2B4/3P4/B1P2P2/R4K2 b - - 2 25,b6d4 f7g8 f8g8 g5f7,1316,94,84,476,mate mateIn2 middlegame sacrifice short smotheredMate,https://lichess.org/6hjQTc1v/black#50,
01G6K,r2r2k1/pp2bppp/2n1p3/8/2BP4/4BN1q/PP3P2/2RQ1R1K w - - 6 20,f3h2 e7d6 f2f4 h3e3,1318,74,95,36763,advantage middlegame short,https://lichess.org/tcrbi3Dc#39,
00yLn,2k1b3/pp6/2p1N1p1/2P2p2/3K4/P4r2/8/R7 b - - 1 31,e8f7 e6g5 f7d5 g5f3,1321,83,84,145,endgame equality fork short,https://lichess.org/JgcSpYyU/black#62,
00KO5,2r2rk1/3p1ppp/p3p3/1p2q3/6P1/3Q4/PP5P/1K2RR2 b - - 0 22,e5h2 f1h1 h2c2 d3c2 c8c2 b1c2,1323,78,87,139,advantage endgame long,https://lichess.org/jUnUTglG/black#44,
00WJN,5Q2/7K/8/8/4p2P/3kq3/8/8 b - - 1 53,e3g3 f8a3 d3d2 a3g3,1324,78,85,656,crushing endgame queenEndgame short skewer,https://lichess.org/27eUCFoJ/black#106,
003mh,r4k1r/1pp2p2/p2p3p/3N4/3P2q1/8/PPP5/1K2Q1NR b - - 1 23,a8e8 e1e8 f8e8 d5f6 e8e7 f6g4,1325,77,86,459,advantage attraction fork long middlegame sacrifice,https://lichess.org/HSa4keKZ/black#46,
004u0,6k1/ppq3pp/2p1rp2/4r3/4p1Q1/P5RP/1P3PP1/3R2K1 b - - 3 34,e6e8 d1d7 c7d7 g4d7,1325,78,91,1034,advantage endgame short,https://lichess.org/3gEqoQeQ/black#68,
00P6j,r2n2k1/1bRq1rpp/1p6/3P4/p3Q3/B3P3/PP3PPP/3R2K1 b - - 0 20,d7c7 e4e8 f7f8 e8f8,1325,77,84,541,kingsideAttack mate mateIn2 middlegame short,https://lichess.org/vBpR18cI/black#40,
01DhL,1r4k1/2q3p1/p3R2p/b2p4/1rpP3N/6P1/1PQ1RPP1/6K1 b - - 0 31,b4b2 e6e8 b8e8 e2e8 g8f7 c2g6,1326,76,97,12046,killBoxMate long mate mateIn3 middlegame,https://lichess.org/pT896h9l/black#62,
00Zwc,r2k1r2/pp1nRR2/2pP1N1p/8/3P3p/8/PPP3P1/6K1 b - - 0 24,f8f7 e7e8,1328,83,93,845,endgame mate mateIn1 oneMove,https://lichess.org/Wo9Y7MdP/black#48,
01EMd,r6k/4q1pp/1n1pBp2/2p1nP2/1p2R2Q/1P5P/r5P1/2B1R1K1 b - - 6 31,b6d7 h4h7 h8h7 e4h4,1328,81,93,7194,attraction kingsideAttack mate mateIn2 middlegame pillsburysMate sacrifice short,https://lichess.org/cQMrswkE/black#62,
00DBP,5k1r/pp1b1p2/4p2p/2KpP2B/5P2/P5R1/7P/8 b - - 4 34,h8g8 g3g8 f8g8 c5d6,1335,80,93,826,advantage endgame master short,https://lichess.org/Gh4SusNq/black#68,
00MTn,2rqk2r/3n4/1p2p3/p3N2p/Q1PP2p1/P2BP3/3K1Pb1/R6R w k - 0 22,h1h5 h8h5 d3g6 e8e7 a4d7 d8d7,1335,83,93,109,advantage hangingPiece long middlegame,https://lichess.org/VeIaO2t7#43,
00WiB,3q1rk1/4pp1p/p4Pp1/4p1P1/b1PpP2Q/3n3P/Pr2N1B1/R4RK1 b - - 1 22,b2e2 h4h6 e7f6 g5f6 d8f6 f1f6,1335,79,93,1271,advantage long master middlegame,https://lichess.org/DU4WJjPm/black#44,
003S3,r4k1r/pNqnppb1/6pn/2p3Np/7P/2P2Q2/PP3PP1/R1B1K2R b KQ - 2 15,a8b8 g5e6 f8g8 e6c7,1336,74,95,15076,advantage middlegame pin short,https://lichess.org/Eu6S0GPA/black#30,Modern_Defense Modern_Defense_Other_variations
00xte,4rb2/8/P2P2k1/4KN1p/4P1p1/3r4/R7/5R2 w - - 1 52,f5e7 f8e7 d6e7 e8e7 e5f4 e7f7,1337,78,91,2007,crushing endgame long,https://lichess.org/54WsogGa#103,
01EUl,r2qk2r/ppp2pp1/2p2n2/7p/3bP1b1/2N3Q1/PPP2PPP/R1B1KB1R w KQkq - 0 9,h2h3 d4c3 g3c3 d8d1,1337,77,96,36424,clearance mate mateIn2 opening short,https://lichess.org/eR5rGPfR#17,Russian_Game Russian_Game_Stafford_Gambit
009FP,r1b1k1nr/ppp2pbp/3ppqp1/8/2BnP3/N2P2QP/PPP2PP1/R1B1K2R b KQkq - 4 9,e6e5 c1g5 f6g5 g3g5,1339,76,97,4191,advantage opening short trappedPiece,https://lichess.org/2ndCtdd9/black#18,Pirc_Defense Pirc_Defense_Other_variations
01CKc,2rq1rk1/1b3ppp/p2pp3/bp1n4/3PQ1N1/PP1B4/1BP2PPP/R4RK1 b - - 3 17,d8h4 g4f6 d5f6 e4h4,1339,76,94,19042,crushing discoveredAttack middlegame short,https://lichess.org/Krj1ThVv/black#34,Indian_Defense Indian_Defense_Other_variations
00fXd,8/Q5b1/p2kp3/1p2qpN1/1P6/P7/4nPP1/5K2 b - - 5 46,d6d5 a7c5,1341,78,94,2997,endgame master mate mateIn1 oneMove,https://lichess.org/PkmRzeiI/black#92,
00aME,r1b2rk1/2qnbppp/3p1n2/1pp5/4PP2/1PNQ1N2/P3B1PP/1RB2RK1 w - - 0 14,d3b5 c8a6 b5a6 a8a6,1343,76,88,659,advantage middlegame short,https://lichess.org/16LXTr5C#27,Center_Game Center_Game_Other_variations
00YbZ,b6k/8/6p1/4q2p/1Q3r1P/P1N3R1/1PP3PK/8 w - - 3 35,b4b6 f4h4 h2g1 e5e1,1344,83,94,5377,endgame mate mateIn2 pin short,https://lichess.org/gzVgXweE#69,
0156I,2k5/1p5R/3K4/P5r1/8/1p6/8/8 b - - 1 46,g5b5 h7h8,1344,81,93,164,endgame master mate mateIn1 oneMove rookEndgame,https://lichess.org/n79dNELk/black#92,
00ouE,2r5/2r3k1/1p2pp1p/p2pQ1p1/3P4/4P1P1/PPq2P1R/KR6 w - - 0 30,e5e6 c2b1 a1b1 c7c1,1345,74,97,7256,attraction endgame mate mateIn2 sacrifice short,https://lichess.org/ZjaFn424#59,
00i6P,1r2R2k/3P2p1/p4q1p/8/2P5/5P2/P4P1P/6K1 b - - 1 34,f6f8 e8f8 b8f8 c4c5 f8d8 c5c6,1348,82,94,2184,advantage endgame long quietMove,https://lichess.org/HxIkxV0Q/black#68,
00gH0,3r2k1/6pp/8/5Q2/2pP4/2Pq2P1/5RKP/8 b - - 2 35,d3c3 f5f7 g8h8 f7f8 d8f8 f2f8,1349,88,83,825,backRankMate endgame long mate mateIn3 sacrifice,https://lichess.org/vnNaoc4v/black#70,
00xxi,6r1/7P/5K2/8/2P2k2/P7/8/8 b - - 0 68,g8f8 f6g7 f8d8 h7h8q d8h8 g7h8 f4e4 a3a4 e4d4 a4a5,1353,75,95,8294,advancedPawn crushing defensiveMove endgame promotion quietMove rookEndgame veryLong,https://lichess.org/XrLtoaW5/black#136,
011Un,1k6/p2bRq2/1p1P1Pp1/2p4p/7r/5QK1/P5P1/8 b - - 7 37,h4g4 f3g4 d7g4 e7f7,1353,81,94,18759,crushing endgame short,https://lichess.org/I7ZvBtLI/black#74,
00wZJ,1r4k1/3bqr1p/2p1p1p1/1p2P3/p2PBP2/2PQ2P1/P5K1/1R5R w - - 1 26,e4g6 h7g6 d3g6 f7g7,1354,77,86,477,advantage middlegame short,https://lichess.org/5kqvWE61#51,
00NUS,4rk2/pbp2pp1/1p1b4/3P1q2/QPBPN3/1KP2P2/P5r1/R3R3 w - - 0 25,e4d6 f5c2 b3a3 c2b2,1355,77,98,8414,mate mateIn2 middlegame short,https://lichess.org/jQaVQrR6#49,
00t2W,r3r1k1/p4ppp/2p5/5q2/2RPn3/3Q2B1/P4PPP/4R1K1 w - - 3 27,f2f3 e4g3 e1e8 a8e8 d3f5 g3f5,1355,77,95,14448,crushing long middlegame,https://lichess.org/5iA4aErC#53,
000lC,3r3r/pQNk1ppp/1qnb1n2/1B6/8/8/PPP3PP/3R1R1K w - - 5 19,d1d6 d7d6 b7b6 a7b6,1356,76,94,4709,advantage hangingPiece middlegame short,https://lichess.org/vaqz2bx6#37,
00AHY,r6k/3NR1p1/4n2p/5b2/p6P/6R1/8/6K1 w - - 2 43,h4h5 a4a3 g3a3 a8a3 e7e8 h8h7,1356,79,84,1515,advantage endgame long,https://lichess.org/SFxNjHBp#85,
00b7t,r2qr1k1/pb3pp1/1p4n1/3p4/1P2p2p/P1P1N1P1/2Q1PPBP/3R1RK1 w - - 0 20,g2e4 e8e4 c2e4 d5e4 d1d8 a8d8,1356,77,95,12378,advantage long middlegame,https://lichess.org/USUzRjja#39,
00761,3r2k1/1b3pbR/p2P2P1/3p2N1/2p5/2P2N2/PP6/2K5 b - - 0 28,f7g6 h7g7 g8g7 g5e6 g7g8 e6d8,1357,78,94,22067,attraction crushing endgame exposedKing fork long sacrifice,https://lichess.org/vu70Maig/black#56,
00aDl,r5k1/1p3p2/2p1ppp1/3p4/2nP4/1QB2B1P/rPP2PP1/qNKR3R w - - 3 22,f3e2 a1b1 c1b1 a2a1,1358,71,95,35148,attraction mate mateIn2 middlegame queensideAttack sacrifice short,https://lichess.org/pc79SSEd#43,
00SCA,8/2Q5/2p2nk1/8/2r2K2/8/8/8 w - - 4 71,f4e5 c4e4 e5d6 f6e8 d6d7 e8c7,1359,76,96,4952,crushing endgame fork long,https://lichess.org/JVchiAe8#141,
004mT,5Q2/8/1b1kp1p1/5p2/3p4/5qPK/7P/8 b - - 1 51,d6c6 f8a8 c6d6 a8f3,1361,75,98,9440,advantage endgame short skewer,https://lichess.org/Jqhi4ozb/black#102,
01CxB,4k3/R5R1/5pKp/1Pp3r1/8/6P1/4p2P/8 w - - 3 53,g6f6 g5g7 f6g7 e2e1q,1361,74,95,22217,advancedPawn crushing endgame master promotion rookEndgame short,https://lichess.org/RKxc3BDJ#105,
01FJi,3q1rk1/p4p1p/4p1p1/3rN3/1P1nRQP1/P7/5P1P/4R1K1 b - - 4 35,d8h4 e4d4 d5d4 f4d4,1362,79,93,262,advantage middlegame short,https://lichess.org/aa5AaEHa/black#70,
000Zo,4r3/1k6/pp3r2/1b2P2p/3R1p2/P1R2P2/1P4PP/6K1 w - - 0 35,e5f6 e8e1 g1f2 e1f1,1363,76,86,657,endgame mate mateIn2 operaMate short,https://lichess.org/n8Ff742v#69,
00ROK,5k2/p1p2R2/1r2rp2/3p1Q2/2qP2R1/2P4P/6PK/4q3 b - - 0 33,f8f7 f5h7 f7f8 g4g8,1363,80,89,781,endgame mate mateIn2 short,https://lichess.org/EXabGwlP/black#66,
005wJ,r3kb1r/ppqn1ppp/4pn2/1Q2Nb2/3P4/8/PP2PPPP/RNB1KB1R w KQkq - 4 9,e5d7 c7c1,1364,80,80,1240,hangingPiece mate mateIn1 oneMove opening,https://lichess.org/2mU9GJhQ#17,Queens_Pawn_Game Queens_Pawn_Game_Zukertort_Variation
00X5a,3N3k/pQ5p/4p1p1/3q4/8/2b1P1P1/P3RPKP/4n3 w - - 1 28,g2h3 d5h5,1366,86,91,890,endgame master mate mateIn1 oneMove,https://lichess.org/lNuqw2ZK#55,
00PHg,R7/P4p2/5k1p/q5n1/5R2/7P/5PK1/8 b - - 2 46,f6e5 a8e8 e5f4 a7a8q a5a8 e8a8,1367,79,94,2201,advancedPawn advantage clearance endgame long promotion,https://lichess.org/u5o6sm6r/black#92,
00K8j,r2q2kr/p4pp1/4b2p/n1Qn4/5B2/4P3/PP3PPP/2KR1BNR w - - 1 14,f4c7 d8c7 c5c7 d5c7,1368,75,87,231,advantage opening short,https://lichess.org/AiNXhpcc#27,Queens_Gambit_Declined Queens_Gambit_Declined_Queens_Knight_Variation
012Dg,r2qkb1r/1pp2ppp/p5b1/4nP2/3p4/6N1/PPP1PP1P/R2QKBNR w KQkq - 0 12,f5g6 f8b4 c2c3 d4c3,1368,76,92,2100,advantage opening short,https://lichess.org/2fFOvrpM#23,Queens_Pawn_Game Queens_Pawn_Game_Chigorin_Variation
00m6L,8/8/k6p/p4p1P/p1p1pP2/K1P1P3/1P6/8 w - - 1 49,a3a4 a6b6 a4a3 b6b5 a3a2 b5a4,1370,77,94,4287,crushing defensiveMove endgame long pawnEndgame zugzwang,https://lichess.org/q1f1ucic#97,
017zX,5rqk/1p4p1/B1n3Qp/3p4/8/2P2P2/P6P/6RK b - - 0 29,f8f6 g6f6 g7f6 g1g8 h8g8 a6b7,1370,73,96,17451,crushing discoveredAttack endgame long master,https://lichess.org/VCcicFSZ/black#58,
019cy,5b1r/1Q3p2/p3pk1p/1p1p2p1/3q4/1P3PPP/P5P1/2RK1B1R w - - 0 22,d1e2 d4b2 e2d3 b2c1,1373,78,93,13780,crushing fork middlegame short,https://lichess.org/OcyvZXLY#43,
006cZ,3r1rk1/1p4p1/p1p3Qp/2q5/8/3n1N1P/PP1R2P1/5R1K b - - 7 28,g8h8 d2d3 d8d3 g6d3,1374,76,88,652,advantage master masterVsMaster middlegame short,https://lichess.org/qrbDEp56/black#56,
00g5H,2r3k1/p4pp1/1p5p/1Q6/8/5P2/qP4PP/3R2K1 b - - 3 30,a2c4 d1d8 c8d8 b5c4 d8d1 g1f2,1374,74,97,3509,advantage deflection endgame long,https://lichess.org/pzEZtfM3/black#60,
00jPH,1k1r3r/1b1p1p2/p3p3/1p2Pn2/3n2Np/P1Q5/1P3PPP/1B2NRK1 w - - 2 26,b1f5 d4e2 g1h1 e2c3,1376,81,94,7025,advantage fork middlegame short,https://lichess.org/01iokLOA#51,
00O8m,r3r1k1/ppp2ppp/2nn1q2/8/3P4/P1P1P1P1/2Q3BP/R1B1KR2 b Q - 4 16,f6e6 d4d5 e6e5 d5c6,1376,76,87,1457,crushing fork middlegame short,https://lichess.org/G3Q51olU/black#32,Englund_Gambit_Declined Englund_Gambit_Declined_Reversed_French
00jCD,r4r1k/ppp1b1pp/3qQn2/6B1/8/2N5/PPP2PPP/R4RK1 w - - 3 14,e6b3 f6g4 g2g3 e7g5,1377,74,95,2380,advantage discoveredAttack middlegame short,https://lichess.org/31x6vs1r#27,Italian_Game Italian_Game_Scotch_Gambit
00TOt,5bk1/5ppp/8/Q7/3p4/8/P1K1q2P/2R5 w - - 2 33,a5d2 d4d3 c2c3 f8b4,1379,78,87,1480,crushing endgame short,https://lichess.org/azv2NWmg#65,
00BrZ,r6r/pp2kb2/3p1p1Q/1N1Pp3/3bP3/P2B2P1/1P4PP/7K w - - 6 28,h6d2 h8h2 h1h2 a8h8 d2h6 h8h6,1380,76,84,441,attraction kingsideAttack long mate mateIn3 middlegame pillsburysMate sacrifice,https://lichess.org/ANKrgoJi#55,
00IUT,1r2r1k1/ppp1q1pp/4b3/4P3/1Q1p1P2/8/P5PP/R1BR2K1 w - - 6 19,d1d4 c7c5 b4a3 c5d4 a3e7 e8e7,1381,75,95,28436,crushing fork long middlegame,https://lichess.org/93xXeKdX#37,Italian_Game Italian_Game_Classical_Variation
00l68,3k2Q1/q7/3pB1p1/2pP1p2/2P2P2/rp2PK1P/8/8 b - - 2 37,d8c7 g8c8 c7b6 c8c6 b6a5 c6b5,1382,76,96,15945,endgame long mate mateIn3,https://lichess.org/jJLdwY9R/black#74,
01Gqt,4Q3/6bk/6pp/pp6/8/3qBP1P/PP6/K1R5 w - - 0 37,a2a3 d3a3 a1b1 a3b2,1382,74,98,3993,endgame mate mateIn2 pin short,https://lichess.org/9fYQl16d#73,
0008Q,8/4R3/1p2P3/p4r2/P6p/1P3Pk1/4K3/8 w - - 1 64,e7f7 f5e5 e2f1 e5e6,1383,81,92,771,advantage endgame rookEndgame short,https://lichess.org/MQSyb3KW#127,
00tei,5K2/5p2/1np1kb2/p4p2/PpPP4/1B3P2/1P6/2B5 b - - 4 43,b6d7 f8e8 c6c5 d4d5,1383,77,85,1195,crushing endgame master masterVsMaster short,https://lichess.org/kVQ3BvS0/black#86,
00ZeT,1Q1k4/4r3/2q4p/2p1pp1P/2Bb4/1P6/P6K/4R3 b - - 4 43,d8d7 c4b5 c6b5 b8b5,1385,76,95,32159,crushing endgame pin short,https://lichess.org/c6iAy1Zc/black#86,
00sTO,4rk2/pp3pRp/3p1P2/2pP3q/2P4r/6Q1/PP3P1P/7K b - - 2 28,h5d1 h1g2 d1g4 g7g4 h4g4 g3g4,1386,77,94,3685,crushing endgame long,https://lichess.org/iOcIh2s8/black#56,
011J1,4R3/5ppk/7p/2p2q2/1n6/2Br2P1/5P1P/1Q4K1 w - - 0 35,c3b4 d3g3 f2g3 f5b1,1387,90,92,1680,advantage discoveredAttack endgame short,https://lichess.org/xl6zG0ZK#69,
014It,1k1r4/p1p3pp/Pp3r2/3pR3/Q2N4/8/1PPq1PPP/4R1K1 w - - 3 25,e5e8 d2f2 g1h1 f2f1 e1f1 f6f1,1390,79,89,441,backRankMate long mate mateIn3 middlegame sacrifice,https://lichess.org/xX1gLSnb#49,
000hf,r1bqk2r/pp1nbNp1/2p1p2p/8/2BP4/1PN3P1/P3QP1P/3R1RK1 b kq - 0 19,e8f7 e2e6 f7f8 e6f7,1391,78,92,783,mate mateIn2 middlegame short,https://lichess.org/71ygsFeE/black#38,Horwitz_Defense Horwitz_Defense_Other_variations
00huB,3r2k1/ppp1bppp/2n5/8/4P1b1/1P3N2/PBP1P1PP/2K2B1R w - - 2 16,h2h3 g4f3 e2f3 e7g5 c1b1 d8d1,1394,77,80,223,crushing long middlegame,https://lichess.org/r7cF2rXM#31,Nimzo-Larsen_Attack Nimzo-Larsen_Attack_Classical_Variation
00rx9,3k2q1/pp3pN1/2b5/2pp2Q1/6n1/3P1N2/PbP2PPP/5K2 b - - 3 26,b2f6 g7e6 d8e7 g5g8,1394,84,93,2235,crushing discoveredAttack middlegame short,https://lichess.org/i2mJkkQL/black#52,
00wCl,1rb1k2r/8/p1Bp1p1p/P1p1p1p1/4P3/1P5P/2P2PP1/R2R2K1 b k - 1 20,c8d7 d1d6 d7c6 d6c6,1394,76,87,453,advantage endgame short,https://lichess.org/URN5sds5/black#40,
00wPZ,r1b2rk1/ppp2ppp/8/1B1pN3/3bn3/8/PPP2qPP/RNBQR2K w - - 0 12,e5f3 f2g1 f3g1 e4f2,1394,92,85,3446,kingsideAttack mate mateIn2 opening sacrifice short smotheredMate,https://lichess.org/XAwlqpwf#23,Italian_Game Italian_Game_Two_Knights_Defense
00YeV,r2qr1k1/ppp2ppp/2nbp3/5b2/3P4/2P1BN2/P1PQBPPP/3R1RK1 b - - 7 11,d8f6 e3g5 f6g6 f3h4 h7h6 h4g6,1394,76,80,169,crushing long middlegame trappedPiece,https://lichess.org/wqxB0iyn/black#22,Scandinavian_Defense Scandinavian_Defense_Marshall_Variation
015mX,r3k2r/1ppqb2p/p1b1N1p1/3pPR2/3P2Q1/2P5/PP4PP/RNB3K1 b kq - 0 14,g6f5 g4h5,1394,76,97,5700,mate mateIn1 middlegame oneMove,https://lichess.org/ErH9zs0M/black#28,French_Defense French_Defense_Advance_Variation
01Hyk,r4rk1/5ppp/4pn2/p1Q5/1ppP4/4PqPP/1P3P2/RNB1K1R1 w Q - 2 21,a1a5 f6e4 c5f8 a8f8,1395,79,92,1591,crushing middlegame short,https://lichess.org/FEYtcgVm#41,
00ZWf,r1b2bnr/ppQp3p/2n2q1k/6pP/2B1P3/3P4/PPP2PP1/RNB1K2R w KQ - 1 11,c2c3 f8d6 c7d6 f6d6,1398,75,96,17238,crushing middlegame short trappedPiece,https://lichess.org/bFAkQOCQ#21,Kings_Pawn_Game Kings_Pawn_Game_Damiano_Defense
00J9b,4k2r/4bppp/5n2/4N3/3P4/2P3P1/rp1KQP1P/1R5q b k - 1 21,h1b1 e2b5 e8f8 b5b8 f6e8 e5d7 f8g8 b8e8 e7f8 e8f8,1399,75,100,339,middlegame,https://lichess.org/5clAThq4/black#42,
00DcC,5k2/6pp/p1b3P1/2N2P1r/p7/8/1KP5/5R2 b - - 0 36,h7h6 c5e6 f8e7 e6g7,1400,78,86,193,crushing deflection endgame master short,https://lichess.org/mWXM78x4/black#72,
00Erm,3r4/6k1/1p1pr1p1/p1p2p2/PnP1p1P1/1P6/3R1PBP/4R1K1 b - - 0 29,b4d3 d2d3 e4d3 e1e6 d3d2 g2f3,1402,77,83,152,crushing defensiveMove endgame long,https://lichess.org/kE9mu3xO/black#58,
00W5B,1r4k1/p5pp/5p2/2Rb4/1P4P1/P2r4/3P3P/3B1RK1 b - - 3 34,d3d2 c5d5 d2d5 d1b3 g8f8 b3d5,1402,76,82,271,advantage attraction endgame long pin sacrifice,https://lichess.org/6Gi4gAvw/black#68,
00WtH,8/2R2pk1/4p1pp/3p4/3Pq2P/1r2P1P1/5P1K/5Q2 w - - 2 45,f1c1 b3b1 c1b1 e4b1,1402,77,94,639,crushing endgame short,https://lichess.org/Xixh3rxR#89,
01B8l,5k2/3Pb3/8/pK6/4R3/1Bp4p/P5r1/8 b - - 6 52,c3c2 e4f4 f8g7 f4f7,1402,77,91,5891,advantage endgame short,https://lichess.org/v2atqYUk/black#104,
00iWt,8/pk5p/1pp1Q3/8/3R2P1/P1P1K2n/1qP2r2/8 b - - 1 35,b2c2 d4d7 b7a6 e6c4 b6b5 c4c6 a6a5 d7a7,1405,75,100,690,deflection endgame mate mateIn4 veryLong,https://lichess.org/jcy73kOF/black#70,
00JR7,r4rk1/pp2q1p1/2p1p2p/3nP1pP/3P2P1/2PQ1R2/PPB5/R5K1 b - - 1 23,f8f3 d3h7 g8f7 c2g6 f7f8 h7h8,1405,75,95,4979,kingsideAttack long mate mateIn3 middlegame,https://lichess.org/jSoa2xnc/black#46,
00moS,r4rk1/p1p2p1p/1p2p1p1/2n1q3/8/P1B1PQP1/1P3P1P/2R2RK1 b - - 3 18,e5e4 f3f6 e6e5 c3e5 e4e5 f6e5,1407,79,91,1629,crushing long middlegame,https://lichess.org/9Ts2Ey6N/black#36,English_Defense English_Defense_Other_variations
00PF3,2kr3r/Qpp2ppp/3b1n2/8/3N4/4P1Pq/PP1B1P1P/2R2RK1 w - - 4 18,d4b5 f6g4 b5d6 d8d6 c1c7 c8c7,1408,76,88,278,advantage long middlegame,https://lichess.org/c2JUCAZJ#35,Queens_Gambit_Declined Queens_Gambit_Declined_Baltic_Defense
013Jo,rnb2rk1/ppp3pp/3bpq2/4N3/2BPpB2/4Q3/PPP2PPP/R3K2R w KQ - 2 12,e3e4 f6f4 e4f4 f8f4,1410,76,94,428,advantage middlegame short,https://lichess.org/njF5FvKF#23,Scandinavian_Defense Scandinavian_Defense_Valencian_Variation
0155R,4r1k1/pp2qp2/3p2pB/2nP4/P1P5/2P2R2/5QPP/4rRK1 w - - 7 24,f3f7 e1f1 g1f1 e7f7 f2f7 g8f7,1411,75,99,3015,crushing intermezzo long middlegame,https://lichess.org/Z7m6cvFe#47,
00yP0,2r1r1k1/7p/1q2pp1Q/p2p3R/3P4/2P4P/P4PP1/6K1 b - - 0 27,b6c7 h6f6 c7g7 h5g5 g7g5 f6g5,1412,79,93,1846,advantage endgame long pin,https://lichess.org/miwYfpK0/black#54,
01Dt6,3r2k1/1bqPn1pp/p3pp2/1pp3PQ/8/8/PPP4P/1K1R1R2 b - - 1 28,f6f5 h5e8 d8e8 d7e8q,1412,75,88,1935,advancedPawn kingsideAttack mate mateIn2 middlegame promotion short,https://lichess.org/rCyfbn1Z/black#56,
00Kq4,r2qk3/5p1r/p1p1p3/1p1pP1p1/P1nP2Pn/2P2NB1/2P2P2/R1QR2K1 w q - 1 21,f3g5 d8g5 c1g5 h4f3 g1g2 f3g5,1417,77,83,563,advantage attraction fork long middlegame sacrifice,https://lichess.org/o4K7aQsT#41,
004zI,2q3k1/4br1p/6RQ/1p1n2p1/7P/1P4P1/1B2PP2/6K1 b - - 0 27,h7g6 h6h8,1420,80,91,403,endgame mate mateIn1 oneMove,https://lichess.org/HE33gdt4/black#54,
00q7m,5k2/7q/4Q3/1p6/6P1/8/6K1/8 w - - 1 62,e6f5 h7f5 g4f5 b5b4 g2f1 b4b3 f1e1 b3b2,1420,79,95,24177,advancedPawn crushing endgame queenEndgame quietMove veryLong,https://lichess.org/Upkn0VQ1#123,
01A6Y,2r4Q/p4k1R/1p2p3/3b1rq1/3P4/P1P5/3n1PPP/R5K1 b - - 4 28,f7g6 h8g7,1420,76,84,263,mate mateIn1 middlegame oneMove,https://lichess.org/mNU3DkdI/black#56,
008D5,r1bqk2r/pp3ppp/4p2n/3pP3/1b1P1P2/2N5/PP4PP/R1BQKB1R b KQkq - 2 9,h6f5 d1a4 c8d7 a4b4,1421,76,85,1190,advantage fork master opening short,https://lichess.org/jIGC2FuP/black#18,French_Defense French_Defense_La_Bourdonnais_Variation
01EEp,5r1k/2p3p1/7p/p4N2/Pb1B1n2/3B1b2/1PP4P/R5K1 b - - 0 23,f4d3 d4g7 h8h7 g7f8 b4f8 c2d3,1422,78,94,12567,crushing fork long middlegame,https://lichess.org/AKTT9Ch7/black#46,
00fvL,rn2qr1k/p2n2pp/1p6/2bRp1B1/2B3Q1/7P/PPP2PP1/1K1R4 b - - 1 17,d7f6 g5f6 g7f6 d5d8 e8d8 d1d8,1425,77,82,500,advantage long middlegame,https://lichess.org/wK09nmRh/black#34,Caro-Kann_Defense Caro-Kann_Defense_Two_Knights_Attack
00X0Q,6R1/8/8/8/1KP5/3r4/PP3kp1/8 w - - 3 52,c4c5 d3g3 g8g3 f2g3 c5c6 g2g1q,1425,79,91,1550,advancedPawn crushing endgame long promotion rookEndgame,https://lichess.org/aWPHCaqm#103,
006wz,2r5/4ppkp/5bp1/1p6/1P6/P3B3/2r2PPP/1R1R2K1 b - - 2 22,f6b2 b1b2 c2b2 e3d4 f7f6 d4b2,1426,77,80,545,attraction crushing endgame fork long sacrifice,https://lichess.org/qT0W6o27/black#44,
009aD,r4k1r/pp3pp1/4p3/3pP1np/6bq/1PP2P2/P3B1PP/RN1Q1RK1 w - - 1 14,f3g4 h5g4 e2g4 h4h2,1426,76,87,218,advantage kingsideAttack middlegame short,https://lichess.org/aITVdulW#27,Queens_Pawn_Game Queens_Pawn_Game_Krause_Variation
00KHR,8/6pk/1Q1p2n1/4p3/2P3P1/P2PP2P/1B4K1/4q3 w - - 1 35,g2f3 g6h4 f3e4 e1h1,1426,80,93,1547,endgame mate mateIn2 short,https://lichess.org/m54DAZPv#69,
00QCe,1k5r/n2r2pp/5p2/ppN5/5P2/8/2R3PP/1R4K1 b - - 3 28,d7c7 c5a6 b8b7 a6c7,1427,80,89,1320,crushing endgame fork short,https://lichess.org/fovXj5D1/black#56,
00KAq,5rr1/3pk1q1/p2Rp3/1pP4p/1P3p2/2P2QP1/1P3P1P/5RK1 w - - 1 26,d6d4 f4g3 d4d7 e7d7 f3b7 d7e8,1429,74,100,697,advantage endgame long,https://lichess.org/bqU1drSK#51,
00mY4,r1r3k1/1pB1pp1p/6p1/1p1Pn3/1R6/1P4PP/P1R2P2/6K1 w - - 5 29,b4b5 e5f3 g1f1 f3d4,1431,79,93,119,advantage endgame master masterVsMaster short,https://lichess.org/94FLTKoW#57,
010ZV,r2qk1nr/p1pbb1pp/4p3/2pp1P2/2B5/8/PPP1Q1PP/RNB2RK1 b kq - 0 13,d5c4 e2h5 g7g6 f5g6,1432,77,91,692,crushing opening short,https://lichess.org/TyuyYtZG/black#26,Ruy_Lopez Ruy_Lopez_Steinitz_Defense
005Bm,4rk2/p1q5/1p3Q1b/8/1p5N/2P1p3/P3P3/2K5 b - - 0 43,c7f7 h4g6 f8g8 f6h8,1434,76,96,6584,endgame mate mateIn2 pin short,https://lichess.org/KKslCMev/black#86,
009zS,r3r1k1/1p3p1p/p1p3p1/8/6bP/Q3b3/PP2B1P1/R3K2R w KQ - 2 20,g2g3 g4e2 e1e2 e3c5 e2f3 c5a3,1434,77,94,2856,advantage discoveredAttack discoveredCheck exposedKing long middlegame,https://lichess.org/YSoU6ySt#39,
00M1q,2r3k1/2r1q1p1/p3p1Q1/1p1p4/nP1P4/2P4R/P4PPP/2R3K1 b - - 0 30,e7f6 g6h7 g8f7 h3f3 f6f3 g2f3,1434,78,91,3162,advantage long middlegame pin,https://lichess.org/nsAQV9mj/black#60,
01BzR,5r2/3bppk1/3p1b2/2pPP2Q/7P/4q1P1/2B4K/1R6 b - - 1 33,f6e5 h5h7 g7f6 b1f1 e5f4 f1f4 e3f4 g3f4,1435,78,89,499,crushing middlegame veryLong,https://lichess.org/wKJ6dIZ0/black#66,
00u0R,3r4/1p2R1k1/7p/P4rpB/8/2n3P1/1q4PP/3R2K1 b - - 1 32,g7g8 d1d8 f5f8 h5f7 g8h8 d8f8,1436,77,84,106,advantage deflection exposedKing hangingPiece long middlegame,https://lichess.org/DiCdSvC5/black#64,
00HXr,2k4r/Q1p2pp1/5n2/3rNq2/4p2p/6Pb/PPP1BP1P/R3R1K1 b - - 1 22,h4g3 a7a8,1437,75,100,896,mate mateIn1 middlegame oneMove,https://lichess.org/c18wDmSc/black#44,
010Yv,r2q1r1k/1b2b2p/p4n2/np1pQ3/8/7P/PPB2PP1/RNB1R1K1 b - - 1 20,d8d6 e5e7 d6e7 e1e7,1438,75,99,2047,advantage middlegame short,https://lichess.org/wfd7IC1C/black#40,
00MeO,r1b1kb1r/1p2np2/p1p4p/4PPp1/3PN3/8/PPP3PP/R1B2RK1 b kq - 0 15,c8f5 e4d6 e8d7 d6f5,1439,76,95,16550,advantage middlegame short,https://lichess.org/VgF6tpXG/black#30,French_Defense French_Defense_Normal_Variation
0199s,r4r1k/1p2b1p1/4p1Qp/1qppP3/p4P2/2P1P1P1/PP4P1/1K1R3R b - - 0 20,b5e8 h1h6 g7h6 g6h6 h8g8 d1h1,1441,76,88,495,crushing defensiveMove kingsideAttack long middlegame sacrifice,https://lichess.org/alW9L2kD/black#40,
00G81,3r4/5k2/p4Pp1/2pK2Pp/2R5/P7/8/8 w - - 7 51,d5c5 d8c8 c5d4 c8c4 d4c4 h5h4,1442,76,98,7153,crushing defensiveMove endgame long rookEndgame,https://lichess.org/Q8HZlLcF#101,
00VoA,r3r1k1/2pqbppp/ppn2n2/3p4/NP1P2b1/P3P1P1/1BQ1NPBP/2R1K2R b K - 1 14,g4f5 c2c6 d7c6 c1c6,1442,77,89,1564,advantage middlegame short,https://lichess.org/K5lY640W/black#28,Anderssens_Opening Anderssens_Opening_Other_variations
00voi,1r6/2r2p1R/7R/4pPk1/2B2n2/1P3P1P/P4K2/8 b - - 0 43,c7c4 h3h4 g5f5 h7f7,1444,74,95,29726,endgame mate mateIn2 short,https://lichess.org/4zZjpxHw/black#86,
006RM,1k1r3r/2q5/pp1n2p1/8/1Q6/3R2P1/PPP2P1P/3R2K1 b - - 4 29,c7c5 b4c5 b6c5 d3d6 d8d6 d1d6,1445,78,82,1131,crushing long middlegame,https://lichess.org/ceS0QvtT/black#58,
00WzS,r2qk2r/2pn1p1n/pp1p2bp/3Pp1bB/PPP1P3/2N1B3/3N2PP/R2Q1RK1 w kq - 3 17,h5g6 g5e3 g1h1 f7g6,1447,77,89,499,advantage hangingPiece intermezzo middlegame short,https://lichess.org/pGUj7Dyu#33,St_George_Defense St_George_Defense_Other_variations
00jXF,r1b1r1k1/ppp2ppp/2nb1q2/4N3/2BPQB2/8/PPP3PP/2KR3R w - - 5 13,c4f7 f6f7 e5f7 e8e4,1448,79,92,1180,advantage middlegame short,https://lichess.org/1cNmXOuy#25,Vienna_Gambit_with_Max_Lange_Defense Vienna_Gambit_with_Max_Lange_Defense_Steinitz_Gambit
01Dmj,k2r4/pb1q1pp1/2n1p1n1/3pP3/2N3P1/1QP2N2/PP3P2/2KR3B w - - 8 20,h1g2 d5c4 d1d7 c4b3 d7d8 c6d8,1448,80,94,687,advantage long middlegame,https://lichess.org/Sjj9B0gl#39,
00B3B,2K5/3P4/5b2/p1B5/P7/3k4/6p1/8 w - - 7 77,d7d8q f6d8 c8d8 d3c4,1449,77,94,2295,crushing endgame short,https://lichess.org/b7iJvp5Z#153,
00yjj,4r1rk/2pq3p/R7/1p3p2/5P2/1PP4P/1P2pQN1/4R1K1 w - - 5 33,e1e2 d7d1 f2f1 d1e2 f1e2 e8e2,1449,76,89,1207,crushing long middlegame,https://lichess.org/9cC8AGOi#65,
00InW,8/2p5/pp1p4/3PnN2/PPP1Pp2/5P1p/5K1k/8 b - - 3 46,e5f3 f2f3 h2g1 f3f4 h3h2 f5g3,1450,77,93,1188,crushing defensiveMove endgame hangingPiece knightEndgame long,https://lichess.org/CZaimWSp/black#92,
00GBV,3r1rk1/pp2n1pp/8/8/Nq6/1PB5/P3QPPP/4R1K1 b - - 1 25,b4d6 e2e7 d6e7 e1e7,1451,77,85,317,advantage middlegame short,https://lichess.org/MksLS6CR/black#50,
00Rep,8/8/b1k5/p1N5/2p5/1P4P1/P6P/6K1 w - - 1 51,c5a6 c4c3 b3b4 c3c2,1451,76,94,705,advancedPawn crushing endgame knightEndgame short,https://lichess.org/jXFjUSJk#101,
012wC,r2q1rk1/pbpn1p2/1p1bpn1Q/8/8/1B1P1NN1/PPP2PPP/R3K2R b KQ - 0 12,f6h7 g3h5 d8f6 h5f6,1452,76,98,2942,advantage kingsideAttack middlegame quietMove short,https://lichess.org/0Dqefo5O/black#24,French_Defense French_Defense_Two_Knights_Variation
00Vdx,2k3rr/ppp2p1p/2np1B2/8/4P3/2NB1b2/PPP2PPP/R4RK1 w - - 1 13,f6h8 g8g2 g1h1 g2g4,1453,77,85,596,discoveredAttack discoveredCheck kingsideAttack mate mateIn2 middlegame morphysMate short,https://lichess.org/z9NeMacX#25,Kings_Pawn_Game Kings_Pawn_Game_Busch-Gass_Gambit
0054a,r1b2rk1/ppq2ppp/8/4b2Q/4R3/3B4/PP3PPP/R1B3K1 b - - 1 15,g7g6 h5e5 c7e5 e4e5,1454,76,97,8045,advantage middlegame short,https://lichess.org/kZlE1pvD/black#30,Queens_Pawn_Game Queens_Pawn_Game_Colle_System
001m3,7r/6k1/2b1pp2/8/P1N3p1/5nP1/4RP2/Q4K2 w - - 2 38,e2e6 h8h1 f1e2 h1a1,1455,77,87,281,advantage endgame short skewer,https://lichess.org/LELOz22f#75,
01CAb,8/p2Q1p2/1p3p1p/2b1k3/5P2/8/PPBr1q1P/R6K b - - 0 31,e5f4 d7f5 f4e3 f5e4,1456,75,86,745,endgame mate mateIn2 short swallowstailMate,https://lichess.org/SyXXN7Qn/black#62,
00bJi,7k/1p2R3/p3N3/3p4/2n5/2P5/PPK4r/8 w - - 3 36,c2d3 h2d2,1458,79,89,2147,endgame hookMate mate mateIn1 oneMove,https://lichess.org/7QIgY2UO#71,
00kS9,4r1k1/1ppbrpp1/7p/p2P4/3q1P2/P2B1P2/1P1Q2PP/3RR2K w - - 5 26,d3h7 g8h7 e1e7 d4d2 d1d2 e8e7,1458,77,91,715,advantage hangingPiece long middlegame,https://lichess.org/EqdCxWr9#51,
0068B,r1q3k1/4bppp/pp2pn2/4B3/8/2N2Q2/PPPR1PPP/6K1 b - - 0 18,f6d7 d2d7 c8d7 f3a8,1459,78,92,6219,crushing deflection middlegame short,https://lichess.org/LNdzAgWP/black#36,Sicilian_Defense Sicilian_Defense_Katalimov_Variation
00noA,8/1b4p1/p3p1Pr/1p1p4/3N4/2PB4/PP3k1r/1K3R2 b - - 20 41,f2e3 f1f3 e3d2 d4b3 d2e1 f3f1,1459,76,97,7462,endgame long mate mateIn3 operaMate,https://lichess.org/wzqiWq1O/black#82,
00KSB,r7/4kpRp/2p2p1P/p1P1n3/Pp6/1B6/5PP1/6K1 b - - 2 35,a8h8 f2f4 e5d7 g7f7,1462,76,94,7079,crushing endgame short,https://lichess.org/GqvPZnmI/black#70,
00wWX,r3kr2/pR2n2p/2p1p1p1/2q1P3/2P4Q/8/P4PPP/3R2K1 b q - 1 22,a8d8 d1d8 e8d8 b7b8 d8d7 b8f8,1462,75,100,485,middlegame,https://lichess.org/rBmuMVDu/black#44,
00LUV,5r2/6k1/p3p2p/1p2P3/1P1p2R1/3Q3P/3r1qPK/8 b - - 1 31,g7h8 d3g6 f2g2 g4g2 d2g2 g6g2,1465,76,94,989,crushing endgame long,https://lichess.org/ULN0Y3SB/black#62,
01AHi,1r5r/k2q1ppp/p2pbn2/N1p1N3/P1Q1P3/2PPP3/6PP/RR4K1 b - - 0 20,b8b1 a1b1 e6c4 e5d7,1466,76,88,1192,advantage middlegame short,https://lichess.org/cEITxig3/black#40,
00QnO,1k1r1r2/pp4p1/6q1/2Qp4/5bP1/2P4p/PPN3NP/R4R1K w - - 0 30,g2f4 g6e4 h1g1 f8f4,1467,78,92,3219,crushing fork intermezzo middlegame short,https://lichess.org/9GENZopF#59,
00Dib,7k/8/4PKR1/3r4/6P1/6b1/8/8 b - - 2 46,g3h4 g4g5 h4g5 g6g5 d5g5 f6g5,1468,77,100,685,endgame master,https://lichess.org/o6FLrwm5/black#92,
00QVZ,8/7p/4K3/6p1/2k3P1/8/5P2/8 b - - 0 43,c4d4 e6f5 h7h6 f5g6 d4e4 g6h6,1468,76,81,530,crushing endgame long master pawnEndgame,https://lichess.org/gVqoHhuS/black#86,
00wft,3r2k1/pp3pp1/7p/b7/2b3Q1/P2qPN1P/3N1PP1/3RK2R w K - 0 30,f3e5 a5d2 d1d2 d3d2,1469,79,96,13110,mate mateIn2 middlegame short,https://lichess.org/9DS9Mlwd#59,
00hAC,r1b2r2/p1p1qppk/1p1pp3/3Q4/8/2P2N2/P1P2PPP/R3R1K1 b - - 0 14,c7c6 d5h5 h7g8 f3g5 e7g5 h5g5,1470,77,96,7183,advantage long middlegame,https://lichess.org/RQz03F7U/black#28,Pirc_Defense Pirc_Defense_Roscher_Gambit
00eix,2r1r1k1/pb2qpbp/1p1p1np1/4P3/3B1P2/1P3BP1/PQ1N3P/1R2R1K1 b - - 0 21,b7f3 e5f6 e7e1 b1e1 e8e1 g1f2,1471,79,85,1485,crushing fork long middlegame,https://lichess.org/g5Z6vAB2/black#42,
00Ngg,3qk2r/1p1bbppp/4pn2/1BPp1n2/3P4/4PN2/5PPP/BN1QK2R w Kk - 1 15,d1e2 d8a5 a1c3 a5b5,1471,76,89,315,advantage fork middlegame short,https://lichess.org/5oeDyMdB#29,Polish_Opening Polish_Opening_Grigorian_Variation
00Xr8,6k1/pp1n3p/2p1bppb/2q1p3/2P1P3/1PQN1PPP/PB4BK/8 b - - 5 25,c5e3 b2c1 e3d4 c3d4 e5d4 c1h6,1472,77,93,592,crushing long middlegame,https://lichess.org/mvexWrte/black#50,
003UW,8/6pk/7p/2p5/2qp4/5PP1/P3QK1P/8 b - - 1 40,c4d5 e2e4 d5e4 f3e4,1473,76,93,977,advantage endgame queenEndgame short,https://lichess.org/cXMga3rb/black#80,
0135i,8/6Rr/7P/3p4/2pk1p2/3b3R/6PK/8 w - - 6 57,h3d3 c4d3 g7h7 d3d2 h7f7 d2d1q,1474,78,92,869,advancedPawn advantage endgame long master masterVsMaster promotion rookEndgame,https://lichess.org/bsAwZfBu#113,
00Cwz,1r5r/5pk1/4p3/2Np2PP/p1nP4/n1P5/P3B3/K1R4R w - - 2 34,c5a4 b8b1 c1b1 a3c2,1475,78,89,119,mate mateIn2 middlegame sacrifice short,https://lichess.org/o6LOeNAf#67,
000Sa,2Q2bk1/5p1p/p5p1/2p3P1/2r1B3/7P/qPQ2P2/2K4R b - - 0 32,c4c2 e4c2 a2a1 c2b1,1476,76,97,2827,advantage endgame short,https://lichess.org/lTTa9lwd/black#64,
00LOy,5k2/1p3pp1/p3pb2/r7/2P2B2/1P6/1PR1K1PP/8 b - - 0 33,f6e5 b3b4 a5a1 f4e5,1476,75,94,12523,crushing endgame short,https://lichess.org/dq3UiVvj/black#66,
00gsT,1r3rk1/p4pp1/4p2p/1Q2Pn2/1b1P4/4BN2/q4PPP/2R2RK1 w - - 1 19,c1a1 a2a1 f1a1 b8b5,1477,76,92,5317,crushing middlegame short,https://lichess.org/Uwrjbb82#37,Queens_Gambit_Accepted Queens_Gambit_Accepted_Other_variations
00TLz,8/p3Q2p/6p1/4p1k1/5q2/8/Pr4PP/6K1 b - - 1 36,f4f6 h2h4 g5f5 g2g4 f5g4 e7f6,1477,76,83,549,advantage deflection endgame long,https://lichess.org/iQZPp2A2/black#72,
01BUa,2kr4/pp3Rp1/2p1p1P1/4P3/4p3/2P5/PP6/1K6 w - - 0 28,f7g7 e4e3 g7h7 e3e2 h7h1 d8d1,1478,77,96,11321,advancedPawn crushing endgame long rookEndgame,https://lichess.org/yFWOkPXm#55,
00Kbj,8/8/6p1/PR3p2/1P3k2/7P/r5P1/7K w - - 1 39,h3h4 f4g3 b5d5 a2a1 d5d1 a1d1,1479,79,94,15981,endgame long mate mateIn3 rookEndgame,https://lichess.org/PW8a1JvE#77,
01Btz,2r1k2r/1p2bppp/1q1p4/p2Pp1P1/5n1P/1N3P2/PPPQ4/2KR1B1R w k - 0 17,a2a4 b6b3 f1b5 e8f8,1482,73,94,33220,advantage defensiveMove middlegame pin short,https://lichess.org/FMeNuY7a#33,Sicilian_Defense Sicilian_Defense_Najdorf_Variation
00ySR,2r1rk2/pp1R3p/1b4p1/6B1/4p2P/1B6/PP3PP1/6K1 b - - 0 31,c8c7 g5h6,1483,79,94,4379,endgame mate mateIn1 oneMove,https://lichess.org/kReszzMZ/black#62,
00AFG,r4rk1/2q2ppp/p3bp2/2P2N1Q/Ppp5/8/1PP2PPP/R2R2K1 b - - 6 21,c7c5 f5h6 g7h6 h5c5,1486,78,99,1995,advantage discoveredAttack middlegame short,https://lichess.org/xpx24bwV/black#42,
00HoG,5r1k/5r2/2b2RQp/1p1p2p1/1q4P1/8/8/1B3R1K b - - 0 36,f7f6 g6h7,1487,85,89,4656,mate mateIn1 middlegame oneMove,https://lichess.org/zwJu9mKP/black#72,
00ofO,8/5kpp/2p2p2/P1Bpn3/1P6/7P/r4PP1/4R1K1 b - - 2 31,f7e6 f2f4 e6f5 f4e5,1487,75,92,4659,crushing endgame short,https://lichess.org/Xbq1CCD6/black#62,
00Pr6,r1b2rk1/p4ppp/2p5/6q1/2p3P1/3P1Q1P/PPP5/1K2RR2 b - - 0 17,c4d3 f3f7 f8f7 e1e8 f7f8 f1f8,1487,78,94,2167,kingsideAttack long mate mateIn3 middlegame sacrifice,https://lichess.org/CtrEbVZV/black#34,Kings_Knight_Opening Kings_Knight_Opening_Normal_Variation
00isc,2r2r1k/pp3pp1/1b5p/4P3/1q2RB2/1B1p1N2/PP2K1Q1/6R1 w - - 0 39,e2d3 f8d8 f3d4 d8d4 e4d4 b4d4,1490,78,92,1373,middlegame,https://lichess.org/O8KiRLof#77,
00Nf5,r1bq1rk1/pp2bppp/2pp1n2/8/5P2/5N2/PBPPB1PP/RN1Q1RK1 w - - 5 11,b1c3 d8b6 g1h1 b6b2 a1b1 b2a3,1491,75,95,14550,advantage fork long opening,https://lichess.org/JkE5qS7u#21,Polish_Opening Polish_Opening_Other_variations
00pBn,7R/8/8/P5p1/5k2/1KP3r1/7p/8 b - - 1 51,g3g2 a5a6 g2e2 a6a7,1491,78,90,908,advancedPawn crushing endgame master rookEndgame short,https://lichess.org/rQFsqHTR/black#102,
01Fml,8/8/1p2pk1p/pP4p1/P2PpPP1/4P3/3K4/8 w - - 0 43,f4g5 f6g5 d4d5 e6d5,1491,78,87,2400,crushing endgame pawnEndgame short,https://lichess.org/tf8EObMs#85,
00Rmm,2rr2k1/5ppp/p7/1p1nP3/1B1P1PP1/PK5P/4R3/3R4 w - - 4 30,e2c2 c8c2 b3c2 d5e3 c2d3 e3d1,1492,77,94,2252,advantage attraction endgame fork long,https://lichess.org/MjgWCyPg#59,
00Ygn,5rk1/p3Rp1p/5pp1/np1q4/r2P4/2P2N2/PQ3PPP/2R3K1 w - - 4 22,e7a7 a5c4 a7a4 c4b2,1495,75,90,675,crushing master middlegame short,https://lichess.org/B6LsArpZ#43,
01Cqi,r3q1r1/1ppn3k/p2p3b/3Pp1Bp/1PP1N2P/5P1Q/P7/2K2RR1 w - - 9 27,e4f6 d7f6 g5h6 h7h6,1495,76,81,133,advantage middlegame pin short,https://lichess.org/WgxjfKN2#53,
01FHB,4k2r/r2p1pp1/p3p2p/1P2q3/Q2bP3/5B2/P2R1PPP/3R2K1 b k - 0 20,a6b5 a4d4 e5d4 d2d4,1497,77,94,2403,advantage master middlegame short,https://lichess.org/UDs8qH3o/black#40,
00Dke,5bk1/2Q2p1p/5qp1/p7/P1Bp4/1Pr4P/5PP1/3R2K1 b - - 5 27,c3c2 c4f7 g8g7 c7c2,1498,77,89,186,crushing discoveredAttack endgame master short,https://lichess.org/SOcXiDBN/black#54,
00wUm,5rk1/pR1Q1ppp/4N3/3p1n2/8/7P/q1r2PP1/4R1K1 b - - 0 28,c2f2 d7f7 f8f7 b7b8 f7f8 b8f8,1499,77,97,18210,long mate mateIn3 middlegame sacrifice,https://lichess.org/nBCoCtRO/black#56,
010MJ,3r2k1/pR3pp1/8/5p1p/3n1q2/5P2/PP4R1/6QK b - - 4 29,d4f3 g2g7 g8h8 g7h7 h8h7 b7f7 h7h8 g1g7,1500,76,97,2922,attraction endgame mate mateIn4 sacrifice veryLong,https://lichess.org/TZpqMy3A/black#58,
018FT,8/6k1/p7/4PQ2/2q5/6PK/8/8 w - - 0 49,f5g4 c4g4 h3g4 a6a5 g4f5 a5a4,1500,77,89,561,crushing defensiveMove endgame long queenEndgame quietMove,https://lichess.org/BLM9X7kk#97,
019R9,r4rk1/ppp2ppp/8/8/1P1P2nq/P1B1P2P/4NnPN/R2Q1RK1 w - - 0 18,f1f2 h4f2 g1h1 g4e3 d1g1 f2e2,1502,77,93,5553,crushing kingsideAttack long middlegame,https://lichess.org/RRZXxNLk#35,Polish_Opening Polish_Opening_Other_variations
00CWE,3r4/1p4p1/2pBkbBp/p1P5/3rp3/P7/1PK2P2/4R3 b - - 1 31,e6d5 g6f7,1503,81,94,3731,endgame mate mateIn1 oneMove,https://lichess.org/VCQ4NAd0/black#62,
00uzT,5rk1/3nppbp/1rpp2p1/p1q5/P3PP2/1PNQ4/2PB2PP/3R1RK1 w - - 1 20,d2e3 c5c3 d3c3 g7c3 e3b6 d7b6,1504,78,94,1858,advantage long middlegame,https://lichess.org/liepuQUZ#39,
0156a,2k4r/ppp1q1p1/3b2p1/3Q4/1P2NPn1/P1P3N1/6P1/R1B2RKr w - - 5 21,g3h1 h8h1 g1h1 e7h4 h1g1 h4h2,1504,78,94,14046,attraction kingsideAttack long mate mateIn3 middlegame sacrifice,https://lichess.org/oux7jARd#41,
01HgH,r3k2r/pppqbppp/2n1b3/3p2PQ/1P1Pp2P/2P1P3/P4PB1/RNB1K1NR w KQkq - 1 11,a2a4 e6g4 g2h3 g4h5 h3d7 e8d7,1504,75,87,324,advantage long middlegame trappedPiece,https://lichess.org/yEhL5ybm#21,Grob_Opening Grob_Opening_Other_variations
00WUu,r3k1nr/pp3ppp/1q2b3/8/1n1p4/6P1/PB1QPPBP/R3K1NR w KQkq - 0 13,b2d4 b6d4 d2d4 b4c2 e1f1 c2d4,1505,77,89,1113,attraction crushing fork long opening sacrifice,https://lichess.org/lxJ3tlcz#25,Queens_Gambit_Declined Queens_Gambit_Declined_Tarrasch_Defense
00fmc,1r1r2k1/2p3b1/p1q4p/3pP1pb/P2B1p2/1B3P2/1P4PP/R2QR1K1 w - - 7 29,e5e6 g7d4 d1d4 b8b3,1506,77,93,1871,advantage middlegame short,https://lichess.org/KIWMqJFV#57,
00rEz,r1bqk2r/ppp2ppp/3p4/4p2n/2PBP2b/5PN1/PP4PP/RN1QKB1R b KQkq - 0 9,h5g3 h2g3 h4g3 d4f2 g3f2 e1f2,1507,78,94,2235,advantage long opening,https://lichess.org/KJUAVfza/black#18,Kings_Pawn_Game Kings_Pawn_Game_Maroczy_Defense
00STy,8/1R5R/4kpp1/4p3/4P2K/5P1P/r7/6r1 b - - 10 40,a2h2 b7b6,1508,82,83,666,endgame master mate mateIn1 oneMove rookEndgame,https://lichess.org/yc8Ey5PU/black#80,
00k2Z,5rk1/8/8/p1pR4/P1Pb4/1P1p2P1/6P1/1R3K2 w - - 3 38,f1e1 d4c3 e1d1 f8f1,1509,76,95,1846,endgame mate mateIn2 short,https://lichess.org/VixyagD2#75,
003Tx,2r5/pR5p/5p1k/4p3/4r3/B4nPP/PP3P2/1K2R3 w - - 0 27,e1e4 f3d2 b1a1 c8c1,1511,88,83,770,backRankMate endgame fork mate mateIn2 short,https://lichess.org/A7j9VEC0#53,
009BH,3r2k1/6p1/4Q3/4B3/1p3P2/4PKP1/3q4/8 b - - 17 51,g8h8 e6h6 h8g8 h6g7,1513,76,96,8612,endgame mate mateIn2 pin short,https://lichess.org/QauOOpOY/black#102,
00UEs,8/3R3p/5kp1/8/2Bnp3/1P5P/P6r/4K3 b - - 1 40,f6e5 d7d5 e5f4 d5d4,1513,77,88,891,advantage deflection endgame master short,https://lichess.org/Owc0qiXL/black#80,
00XQ8,k4r2/pp6/2p3Q1/3p2P1/4r2P/8/PPP2q2/2KR3R w - - 1 30,h1f1 f2e3 c1b1 f8f1 g6g8 e4e8,1514,77,93,1179,advantage discoveredAttack endgame long,https://lichess.org/bjvSXgAE#59,
00m5H,8/1p5p/6p1/2P2k2/1P6/P3qp1Q/8/5K2 b - - 5 43,f5e4 h3e6 e4d4 e6e3 d4e3 b4b5 g6g5 c5c6,1515,75,97,4243,crushing endgame master queenEndgame quietMove veryLong,https://lichess.org/P8apABHK/black#86,
001cr,8/3B2pp/p5k1/2p3P1/1p1p1K2/8/1P6/8 b - - 0 38,c5c4 d7e8,1517,82,94,3475,bishopEndgame endgame mate mateIn1 oneMove,https://lichess.org/7FFNwibw/black#76,
00ieR,6k1/1p3p1p/4p1p1/1P1pP3/P7/4r3/7P/1R4K1 b - - 0 33,e3e5 a4a5 d5d4 a5a6 e5b5 b1b5,1519,76,99,1708,advantage endgame long quietMove rookEndgame,https://lichess.org/TiKjdMLp/black#66,
00unD,2kr1bnr/2p2p1p/1pbq2pP/p3N3/P2P4/4B3/1PP2PP1/RN1QK2R b KQ - 0 16,c6g2 d1g4 f7f5 g4g2,1519,77,86,243,crushing fork middlegame short,https://lichess.org/TeO1FnT0/black#32,Modern_Defense Modern_Defense_Other_variations
00IPp,4Q3/6pk/p3p2p/5p2/1p1P2P1/4q2P/2B1n2B/7K w - - 0 35,g4f5 e3f3,1520,88,90,2718,endgame mate mateIn1 oneMove,https://lichess.org/JKNcTJw1#69,
00l7Y,r1b2q2/p3p1bk/2p3p1/3pn2p/8/2NB3P/PPPBQ1P1/5RK1 b - - 1 17,f8d8 e2h5 h7g8 d3g6 e5g6 h5g6,1522,74,95,9949,advantage deflection long middlegame pin,https://lichess.org/8zmb6Ot6/black#34,Sicilian_Defense Sicilian_Defense_Open
00y2j,3r4/1pB3kp/2b1Pp2/1pN2RpK/1P6/7P/6r1/8 w - - 0 34,c7d8 c6e8,1522,78,91,10746,endgame mate mateIn1 morphysMate oneMove,https://lichess.org/5qeC9Wl2#67,
00Myw,r1b3r1/2q2p1k/1n2p2n/p2pP1NP/P1pP1QP1/1pP5/1P3PB1/R3R1K1 b - - 4 26,h7h8 f4f6 g8g7 f6h6,1523,75,100,1427,crushing fork master middlegame short,https://lichess.org/b9YfMjmI/black#52,
00coU,6k1/R7/5K2/1r6/5r2/p4N2/8/5R2 w - - 3 50,f6e7 f4f7 e7d6 f7a7,1526,75,100,1202,crushing endgame short skewer,https://lichess.org/msAMDBoS#99,
00LH7,6k1/6Bp/6pP/3q1p2/p2PnQ2/2r5/P5PK/4R3 b - - 1 39,d5d6 e1e4 d6f4 e4f4,1526,78,94,5657,crushing endgame short,https://lichess.org/7mA63Gfs/black#78,
00qIK,r4rk1/p3b1pp/1qB1bp2/1p2p3/2p2P2/3PR1P1/PPPN3P/R1BQ2K1 w - - 1 16,c6a8 b6e3 g1g2 f8a8,1526,78,86,1039,advantage hangingPiece intermezzo middlegame short,https://lichess.org/sFoTW7Rq#31,Kings_Indian_Attack Kings_Indian_Attack_Sicilian_Variation
01CQ7,1n3r1k/p5pp/8/7Q/4P3/2NP4/PPPB2qP/R2KRr2 w - - 3 21,d2e3 f1e1 d1e1 f8f1,1527,79,94,1613,attraction mate mateIn2 middlegame short,https://lichess.org/yu8CZvqe#41,
00ymq,Q7/4ppbk/6pp/5q2/4n3/4PNBP/Pr3PP1/3R2K1 w - - 2 31,a2a4 e4g3 f2g3 f5c2,1528,76,93,3404,clearance crushing middlegame short,https://lichess.org/V4mcVabC#61,
0000D,5rk1/1p3ppp/pq3b2/8/8/1P1Q1N2/P4PPP/3R2K1 w - - 2 27,d3d6 f8d8 d6d8 f6d8,1529,74,96,37506,advantage endgame short,https://lichess.org/F8M8OS71#53,
00pER,r2q1rk1/4N1bp/p2p2p1/2p3N1/Pp4P1/1Q5P/1P1n1P2/5RK1 b - - 0 21,g8h8 b3g8 f8g8 g5f7,1529,86,87,8890,kingsideAttack mate mateIn2 middlegame sacrifice short smotheredMate,https://lichess.org/cQjDrt9I/black#42,
000Pw,6k1/5p1p/4p3/4q3/3nN3/2Q3P1/PP3P1P/6K1 w - - 2 37,e4d2 d4e2 g1f1 e2c3,1530,76,92,630,crushing endgame fork short,https://lichess.org/au2lCK5o#73,
00h8Z,5k2/p1R4R/1p4p1/3r3q/3P4/2P2rQp/PP5K/8 b - - 4 36,f3g3 c7c8 d5d8 c8d8,1530,75,82,151,endgame mate mateIn2 queenRookEndgame short,https://lichess.org/UAWACryx/black#72,
00iQD,8/8/8/3K2kp/8/2P1P3/8/8 w - - 0 50,c3c4 h5h4 d5e4 g5g4 c4c5 h4h3 e4e5 h3h2 c5c6 h2h1q,1530,76,95,14024,advancedPawn crushing endgame pawnEndgame promotion quietMove veryLong,https://lichess.org/dDMWuoiZ#99,
011o8,2r5/1p4bk/p2q2p1/3p1bQn/3B4/P1NP1N1P/1P6/K3R3 b - - 0 33,g7h6 e1e7 h7g8 g5h6,1532,75,88,3320,crushing deflection master middlegame short,https://lichess.org/8aKh42cj/black#66,
00j3i,5rk1/R5p1/5q1p/8/3p4/1P4Q1/P3rPPP/5RK1 w - - 2 38,g3g4 f6f2 f1f2 e2e1 f2f1 e1f1,1534,75,96,15750,endgame long mate mateIn3 sacrifice,https://lichess.org/InWtDWaB#75,
00csH,2bqkb1r/4p1p1/p6p/1pNPpp2/2r3n1/P1N1B3/1P2QPPP/R4RK1 b k - 3 18,g4e3 e2h5 g7g6 h5g6,1536,76,86,478,mate mateIn2 middlegame short,https://lichess.org/cVFszzwF/black#36,Sicilian_Defense Sicilian_Defense_OKelly_Variation
00PUc,3r3k/pp4bp/3Bn1p1/7n/8/8/PP3P1K/R4RN1 w - - 1 27,a1d1 d8d6 d1d6 g7e5 h2h1 e5d6,1536,75,96,3603,advantage attraction exposedKing fork long middlegame sacrifice,https://lichess.org/F6OhRxfl#53,
00isY,rnbqkb1r/ppp3pp/5n2/3P1p2/4pB2/2N5/PP3PPP/R2QKBNR b KQkq - 0 7,f8b4 d1a4 c7c6 a4b4,1538,75,96,26315,crushing fork master opening short,https://lichess.org/1q2x0Fv6/black#14,Blackmar-Diemer_Gambit Blackmar-Diemer_Gambit_Other_variations
012sr,1k1r3r/p2b1p1p/Bp2pq2/3p4/1Q6/3N1N2/PbP2PPP/4R1K1 b - - 3 20,b2a1 b4d6 b8a8 d6c7,1539,75,91,646,advantage master middlegame short,https://lichess.org/hw8EPMBK/black#40,
00e6Q,5r2/pppk2pp/3p1r2/8/3PPn2/2P2PQq/PP2B2P/R3KR2 b Q - 2 21,h3g3 h2g3 f4e2 e1e2,1540,74,91,213,advantage middlegame short,https://lichess.org/21HTWoxt/black#42,
00sHx,q3k1nr/1pp1nQpp/3p4/1P2p3/4P3/B1PP1b2/B5PP/5K2 b k - 0 17,e8d7 a2e6 d7d8 f7f8,1540,75,87,163,mate mateIn2 middlegame short,https://lichess.org/yyznGmXs/black#34,Italian_Game Italian_Game_Classical_Variation
00tgU,r4rk1/pbpp2p1/1pn3Qp/3N4/3q1N2/3B4/PP3PPP/5RK1 b - - 5 20,c6e5 d5e7 g8h8 g6h7,1543,81,95,17643,kingsideAttack mate mateIn2 middlegame short,https://lichess.org/uRJyPnFa/black#40,
00GVf,2b2k2/6q1/pn4p1/1rp2p2/8/8/1P2Q1P1/1K2R2R b - - 3 32,c8d7 h1h8 g7h8 e2e7 f8g8 e7d8,1544,77,94,8017,crushing exposedKing long middlegame sacrifice,https://lichess.org/sTFSNjA5/black#64,
00T4i,2r4k/q2b1Q1p/2p2P2/1p2p3/4P3/p2P3R/4N1rK/R7 w - - 0 38,h2g2 d7h3 g2h3 a7f7,1544,77,91,346,crushing discoveredAttack middlegame short,https://lichess.org/02qALj5P#75,
00Tll,5r1k/1pp3p1/7p/pP1N4/P3P3/2PP3P/3BnbPK/R7 w - - 2 27,d5c7 f2g3 h2h1 g3c7,1544,76,92,1515,advantage endgame fork short,https://lichess.org/rnssRcMM#53,
00uJL,7Q/5p2/6p1/R3pk1p/P2q3K/7P/5PP1/7r w - - 2 41,g2g4 d4g4,1544,85,91,1282,endgame epauletteMate master mate mateIn1 oneMove pin,https://lichess.org/1AY8THKB#81,
00uKb,6k1/p4rp1/8/2p1Bq1p/2P1b3/2P3QP/P5P1/4R1K1 w - - 0 30,g1h2 h5h4 g3h4 f5e5,1545,76,92,2099,advantage deflection endgame short,https://lichess.org/fPrESBF9#59,
00huW,8/3k4/p6p/1p2Q1pP/3P2b1/1PP2qP1/P3p3/1K2R3 w - - 3 44,d4d5 f3d3 b1b2 d3d2 b2a3 d2e1,1548,77,96,7401,advantage endgame fork long,https://lichess.org/twVFxiv1#87,
00X2j,8/5KP1/R1k5/8/2pp4/8/8/6r1 b - - 1 50,c6c5 a6g6 g1g6 f7g6 d4d3 g7g8q,1549,75,95,14117,advancedPawn crushing endgame long promotion rookEndgame,https://lichess.org/GY1HtJCo/black#100,
012kM,5r2/1pp4k/p1n1p2p/3p2p1/3P2P1/2P2q2/PP1Q1P2/1K3R1R w - - 5 31,d2g5 f3d3 b1c1 d3f1 h1f1 h6g5,1550,76,95,19030,crushing endgame long,https://lichess.org/fJcBht8L#61,
00gyK,5rk1/5pp1/3p3p/4p1N1/8/PR6/1p3PPP/6K1 w - - 0 33,g5e4 f8c8 g2g3 c8c1,1551,76,94,5172,crushing endgame quietMove short,https://lichess.org/LK8qER3u#65,
00Mbv,2k2b1r/pp3ppp/1n6/BN2p1P1/2Q1Nn1P/8/PP3P2/2KR4 b - - 0 24,b6c4 d1d8,1551,80,94,5219,mate mateIn1 middlegame oneMove operaMate,https://lichess.org/h1QfViUk/black#48,
01Epj,5r2/1p2Q3/8/pk3rK1/5P2/3P3P/8/8 w - - 2 46,g5g6 f8f6 e7f6 f5f6 g6f6 a5a4 f4f5 a4a3 f6g6 a3a2 f5f6 a2a1q,1554,80,93,1276,advancedPawn crushing endgame master masterVsMaster promotion queenRookEndgame quietMove veryLong,https://lichess.org/oXYJR89c#91,
01Cdm,3b2rk/p3q2p/1r3p1P/2p1nP2/2P1R2Q/1P1P4/P5P1/B4RK1 w - - 0 33,e4e5 f6e5 h4e7 d8e7 a1e5 e7f6,1558,76,92,2514,crushing long middlegame,https://lichess.org/X7xjurhE#65,
00Vqp,8/5ppp/4p3/p6k/6R1/4P2P/3q1PP1/2R3K1 w - - 2 33,c1c7 d2d1 g1h2 d1d6 g2g3 d6c7,1559,75,86,238,crushing endgame fork long queenRookEndgame,https://lichess.org/XBjzqhJt#65,
00xWV,6k1/4b1q1/p4pP1/1p2p2P/2p3Q1/P7/1PP5/1K6 b - - 0 38,g7h6 g4e6 g8h8 e6e7,1560,76,92,193,crushing endgame fork master short,https://lichess.org/kzesoobM/black#76,
002Tf,r3kbnr/ppp1qppp/2n5/3pP3/5B2/4PQ2/PPP2PPP/RN2KB1R w KQkq - 1 7,f1b5 e7b4 b1c3 b4b2,1561,76,84,182,advantage fork opening short,https://lichess.org/Zq56PwHK#13,Queens_Pawn_Game Queens_Pawn_Game_Chigorin_Variation
01243,r7/pp1Qp1B1/8/3kb3/4q3/8/PP3PP1/5K2 b - - 4 34,e5d6 d7b7 d5e6 b7e4,1561,75,97,18366,crushing deflection endgame fork master short skewer,https://lichess.org/dfLW8TS1/black#68,
00R4l,r1b5/p4pkp/3p2p1/2pPr3/2P5/1P1B4/R4PPP/R5K1 w - - 0 24,a2a7 a8a7 a1a7 e5e1 d3f1 c8f5,1563,76,84,1560,advantage defensiveMove endgame long,https://lichess.org/IQW9ts1W#47,
00UF4,rnbQ1b1r/pp2n2p/2p2k2/1q2p1p1/3P4/5N2/P1P2PPP/R1B1K2R b KQ - 0 13,f8g7 c1g5 f6f7 d8e7,1563,77,98,5358,crushing middlegame short,https://lichess.org/xkouJg1l/black#26,Scandinavian_Defense Scandinavian_Defense_Main_Line
00lvP,6k1/p4pp1/1p3q1p/2p1R3/2Q5/2P2N1P/P1P2PPK/2r5 w - - 4 24,c4a6 f6f4 g2g3 f4f3 e5e8 g8h7 a6d3 f3d3,1564,77,94,1088,advantage deflection endgame veryLong,https://lichess.org/Krxft80K#47,
002Uy,8/8/1p6/k7/P1R5/1K5r/8/8 w - - 26 64,c4c3 h3c3 b3c3 a5a4 c3b2 a4b4,1565,75,97,7408,crushing defensiveMove endgame long rookEndgame,https://lichess.org/sLU7YN1A#127,
00HzX,4r1k1/5pp1/2R4p/1p6/8/1PP3QP/2q2PP1/6K1 w - - 0 29,c6h6 c2c1 g1h2 c1h6,1565,80,92,1449,crushing endgame fork short,https://lichess.org/tKKATkce#57,
019Oa,3q4/5kpp/p1p5/1p1n4/2p1Q1P1/P6P/1PPB4/1K6 w - - 0 33,e4h7 d5f6 h7f5 d8d2,1565,75,90,4954,advantage discoveredAttack endgame short,https://lichess.org/l5bCSDVr#65,
00j1r,8/2rkb3/1p6/6P1/5q2/3R4/Q1P1K3/8 b - - 4 37,d7c6 a2d5,1568,82,88,4898,dovetailMate endgame mate mateIn1 oneMove,https://lichess.org/2Nj3D5mV/black#74,
002KJ,r3kb1r/ppq2ppp/4pn2/2Ppn3/1P4bP/2P2N2/P3BPP1/RNBQ1RK1 b kq - 2 10,f8e7 f3e5 c7e5 e2g4,1569,78,90,1737,crushing discoveredAttack middlegame short,https://lichess.org/2NpTzh7O/black#20,Caro-Kann_Defense Caro-Kann_Defense_Advance_Variation
00rwh,5k2/2p5/r1PpQp2/1pN1p1b1/1P2P1p1/r5Pq/5P2/R2R2K1 w - - 2 37,c5a6 a3g3 f2g3 g5e3,1569,77,85,545,balestraMate kingsideAttack mate mateIn2 middlegame sacrifice short,https://lichess.org/Nn5tP5gN#73,
01H0o,r4Bk1/5p1p/p1q3p1/1p3N2/2pPr3/2P5/5PQ1/R4K2 b - - 0 31,a8f8 f5e7 e4e7 g2c6,1569,79,94,826,advantage endgame master short,https://lichess.org/bfDCOeTo/black#62,
01BeL,8/5Q1R/pr5p/6p1/5p1k/q6P/2P2PPK/8 w - - 6 39,f7g7 a3g3 f2g3 f4g3 h2g1 b6b1,1570,75,97,9199,endgame long mate mateIn3 sacrifice,https://lichess.org/jye6zZRK#77,
006E1,5rk1/R4pp1/1p5p/3Q4/1PPp2q1/3P2P1/5P2/4nK2 w - - 0 34,f1e1 f8e8 e1f1 g4h3 d5g2 e8e1 f1e1 h3g2,1572,73,96,21273,crushing deflection endgame veryLong,https://lichess.org/KaLKLKD5#67,
00oQO,5rk1/1p4pp/p7/3R1N2/4rn2/6KP/PPR2PP1/8 w - - 1 34,d5d4 f4e2 c2e2 e4e2,1572,76,95,7646,crushing endgame fork master short,https://lichess.org/Gv6O3qzw#67,
0147O,2N3k1/1p5p/BP4p1/3n1p2/4p3/2n3P1/5P1P/6K1 b - - 5 37,c3a4 a6c4 g8g7 c4d5,1572,79,91,519,advantage endgame pin short,https://lichess.org/Eyah7wJR/black#74,
004Ud,r1bqk2r/p3Bppp/3p4/1ppn4/4P3/4Q3/PPP2PPP/2KR1B1R b kq - 0 11,d5e7 f1b5 c8d7 d1d6 d7b5 d6d8,1575,81,94,3353,advantage interference long middlegame,https://lichess.org/pJ7nXTvE/black#22,Three_Knights_Opening Three_Knights_Opening_Other_variations
00DkJ,3r1bnr/2p2ppp/2b5/R1k5/5P2/2N5/4N1PP/1R4K1 b - - 3 21,c5d6 b1d1 d6e7 a5e5 e7f6 d1d8,1575,75,92,3061,crushing deflection exposedKing long middlegame,https://lichess.org/JJiGlqDg/black#42,
00qk4,3r4/ppN1kppp/5n2/8/1n3Nb1/4P3/1B3PPP/R3KB1R w KQ - 0 18,a1c1 b4c2 c1c2 d8d1,1577,74,97,6782,mate mateIn2 middlegame operaMate sacrifice short,https://lichess.org/DqqRKbEM#35,Tarrasch_Defense Tarrasch_Defense_Other_variations
00rNc,1q5r/p3kpp1/2Q1p2p/3pP2P/2n3P1/2N2P2/PrP5/K3R1NR w - - 0 26,g1e2 b2a2 c3a2 b8b2,1577,76,96,28585,clearance mate mateIn2 middlegame sacrifice short,https://lichess.org/nyOQHpNP#51,
00T2k,2k5/p3qp2/bpp1p1p1/4P2r/P4n1p/5P2/BPQ2B1P/1K1R4 b - - 0 30,h5e5 c2c6 c8b8 d1d7 e7d7 c6d7,1583,77,92,1477,advantage long middlegame queensideAttack,https://lichess.org/e3qC1Wvi/black#60,
01Fbm,4r1k1/4rp1p/p2p2pP/1p1P2P1/2qb1B2/PP6/2PQ1R2/1K3R2 b - - 0 29,c4c5 f4d6 c5c3 d2c3,1583,75,95,3836,crushing master middlegame short,https://lichess.org/JBjYDUYH/black#58,
00bnu,2r2rk1/2QR1p1p/p3p1p1/1p4q1/5P2/P1N5/BPP3bP/2K4R w - - 1 20,c7c8 g5f4 c1b1 f8c8,1587,77,88,3259,advantage intermezzo middlegame short,https://lichess.org/zPFxVXT4#39,
006pe,r4r2/2q1NN2/4bQpk/2n4p/pp5P/8/1PP2PP1/2KR3R b - - 0 28,e6f7 e7f5 h6h7 f6g7,1588,76,96,5618,master mate mateIn2 middlegame pin short,https://lichess.org/gkSEAS27/black#56,
00SU7,2rqr1k1/B2b1ppp/5n2/8/3Q4/3B4/P1P2PPP/R3R1K1 w - - 3 22,d4h4 e8e1 a1e1 d8a5 e1a1 a5a7,1590,76,94,6493,advantage fork long middlegame,https://lichess.org/qmkkzrOG#43,
00Qqp,6k1/8/p3P1p1/8/8/2P3PP/1r5r/R3RK2 w - - 0 46,e6e7 h2h1,1592,75,99,2302,endgame mate mateIn1 oneMove rookEndgame,https://lichess.org/KZM4JRxc#91,
00WqT,r4r2/1ppb1p2/p2p2pk/5P2/4P3/2PBB1R1/PKP2P1q/8 b - - 4 26,h6h5 d3e2 h5h4 e3g5,1592,77,97,22793,mate mateIn2 middlegame short,https://lichess.org/HcfiWViE/black#52,
00z82,r3rbk1/1p1n1ppp/p2p4/q1pP4/4RP2/1P1B1Q1P/1BP3P1/5RK1 b - - 0 18,e8e4 f3e4 g7g6 f4f5,1592,75,91,595,advantage master middlegame short,https://lichess.org/YzMUMMSq/black#36,Queens_Pawn_Game Queens_Pawn_Game_Other_variations
00LNH,1k2r3/pp2r2p/2pqbpp1/3n4/2BP1p2/5N1P/PPQB1PP1/1K1RR3 w - - 2 22,c4b3 e6f5 c2f5 g6f5,1593,75,100,2020,advantage middlegame pin short,https://lichess.org/gVcbpusg#43,
011JG,r1r3k1/4pp1p/3p2p1/8/q2bPP2/1N1R4/1PP2QPP/1K3R2 w - - 0 26,d3d4 a4a2 b1c1 a2b3,1593,75,90,459,crushing middlegame pin queensideAttack short,https://lichess.org/IjOYhQ0O#51,
017Vq,5q1k/pr4pp/2p4B/8/3Q3P/2P5/P1PK4/4R3 w - - 5 30,d4e5 b7d7 d2e2 d7e7 e5e7 f8e7,1593,75,89,1355,advantage endgame long pin,https://lichess.org/bMC4eGik#59,
00XTV,8/2k4p/p2p2p1/2pP1p2/2P4P/3K4/P2R1PP1/4r3 w - - 0 28,d2e2 e1e2 d3e2 c7b6 e2f3 b6a5 a2a3 a5a4,1595,77,94,11057,crushing endgame master rookEndgame veryLong,https://lichess.org/6kM7Fimp#55,
01FmQ,3r2k1/2B3pp/1Q2Pp2/2b5/P3n3/5N2/2q2PPP/5RK1 w - - 4 32,e6e7 c2f2 f1f2 d8d1 f3e1 d1e1,1595,75,96,10690,long mate mateIn3 middlegame pin sacrifice,https://lichess.org/e8I8ds3w#63,
00Lt1,r4k2/pp3p2/2pNR2p/5Qp1/1P3n2/3P4/P1PK1qPP/8 w - - 6 31,d2c3 f4d5 c3b3 f2f5 d6f5 f7e6,1597,78,94,1159,advantage discoveredAttack endgame long,https://lichess.org/CcaXmpEd#61,
00F5e,4k2r/1p2b1p1/p1q1Rp2/2p4p/8/1Q4B1/PP3PpP/6K1 b k - 1 22,c6d7 g3d6 d7d6 e6d6,1598,75,100,661,advantage endgame short,https://lichess.org/h4PR749V/black#44,
00t8q,r4rk1/1pp2pbp/2n1bnp1/2q1p3/4P3/1NP2PB1/PQ4PP/1KNR1B1R b - - 0 17,c5b6 g3f2 c6d4 c3d4,1598,75,95,17826,advantage middlegame short,https://lichess.org/o3BszNqL/black#34,Indian_Defense Indian_Defense_Other_variations
015pp,8/8/8/3pp3/5P1R/r3k3/6K1/8 b - - 0 51,e5f4 h4h3 e3e2 h3a3 d5d4 a3a2,1600,74,85,1339,crushing endgame long rookEndgame skewer,https://lichess.org/gORdjPkR/black#102,
01BWS,5k2/p7/6RN/6K1/1pq5/8/P7/8 b - - 12 54,c4f1 g6f6 f1f6 g5f6 a7a5 h6f5 b4b3 a2b3,1601,78,94,1127,crushing endgame fork quietMove veryLong,https://lichess.org/1kSKoOLt/black#108,
00u3V,r4rk1/1p3pb1/1n2q1pp/p2p3n/b2Pp2B/NB2P3/1P3PPP/1NRQ1RK1 b - - 1 20,f8c8 c1c8 a8c8 b3a4,1602,76,90,331,advantage middlegame short,https://lichess.org/IapycI42/black#40,
00Ivf,8/2p4r/1p3k2/p2Pp1p1/P1P1RpP1/1P3P1r/4R1K1/8 w - - 7 46,e4e5 h3h2 g2f1 h2h1 f1f2 h7h2,1604,79,93,285,endgame long mate mateIn3 rookEndgame,https://lichess.org/VX0fLjAC#91,
013bF,8/6pk/8/R7/5Pp1/p5P1/7P/r3K3 w - - 2 46,e1d2 a3a2 d2c3 a1c1,1604,75,84,112,advancedPawn crushing endgame rookEndgame short,https://lichess.org/8o63NDRm#91,
00ME0,8/1p6/p1b5/5k1p/1PB1p2P/P3P1K1/8/8 b - - 2 35,f5e5 c4f7 c6d7 f7h5,1605,77,91,3265,bishopEndgame crushing endgame short,https://lichess.org/Z2H5mRQg/black#70,
00P6s,Qn3rk1/p1p3pp/1p2Pb2/8/3q4/5P2/PPP4P/R3KBNR w KQ - 0 14,a8e4 f6h4 e1e2 d4f2,1605,76,92,732,advantage middlegame short,https://lichess.org/tgzabEkd#27,Dutch_Defense Dutch_Defense_Manhattan_Gambit
00BM8,r4rk1/pp2bppp/2ppnn2/8/N1P1P3/q1P4P/P2N2PB/R2Q1R1K b - - 0 16,a8d8 d2b1 a3a4 d1a4,1606,77,92,7511,advantage master middlegame short trappedPiece,https://lichess.org/IBbaWSo7/black#32,Caro-Kann_Defense Caro-Kann_Defense_Other_variations
004d8,8/4kr2/R2p4/1p1Pp1p1/5p2/3K1P2/PPP5/8 b - - 0 39,g5g4 a6a7 e7f6 a7f7 f6f7 f3g4,1608,78,87,104,crushing endgame long rookEndgame,https://lichess.org/FrR3BHbW/black#78,
00JYV,r2q1rk1/p1p1bppp/2pp1nb1/4p3/4P1PN/2NP3P/PPP2PK1/R1BQ1R2 b - - 4 11,f6e4 h4g6 e4c3 g6e7 d8e7 b2c3,1609,73,95,19004,advantage kingsideAttack long opening,https://lichess.org/rJrzfvfs/black#22,Ruy_Lopez Ruy_Lopez_Steinitz_Defense
00O9Z,5QR1/5p1p/1b3qp1/p6k/P2P4/8/1P2rPPP/5RK1 w - - 7 32,g8h8 f6f2 f1f2 e2e1 f2f1 b6d4 g1h1 e1f1,1612,78,86,949,backRankMate deflection endgame fork master mate mateIn4 pin sacrifice veryLong,https://lichess.org/DKnGKRmQ#63,
00pEZ,2kr2r1/ppq1bbBQ/2p1p3/2npP3/8/2P2N2/PPB2PPP/R4RK1 w - - 3 21,g7f6 e7f6 e5f6 g8h8,1612,75,93,6423,advantage master middlegame short,https://lichess.org/0rpW3mrV#41,
00rB5,2r3k1/4pp2/3p1bp1/1p6/1Pr1P1Q1/P3q1P1/6BP/1R2R2K b - - 4 23,c4c1 g4c8 c1c8 e1e3,1613,73,96,29524,crushing master middlegame short,https://lichess.org/VEaD7zl9/black#46,
00d4c,3r3k/p1p3p1/1p3q1p/4b3/2P1p3/1P2B1P1/P3QPKP/1R6 w - - 0 29,b1d1 f6f3 e2f3 e4f3 g2f3 d8d1,1614,75,92,620,advantage endgame long master,https://lichess.org/LptJDQcB#57,
00Cqg,2rr2k1/pp4bp/4qpp1/3Pp3/8/4Q2P/4B1P1/2RR3K b - - 0 26,c8c1 d5e6 d8d1 e2d1 c1d1 h1h2,1615,79,92,839,advantage defensiveMove hangingPiece long middlegame,https://lichess.org/mXY3kzod/black#52,
00IUW,8/Q1p1r1kp/5pp1/3P3r/4P3/2N2bPq/PPP2R1P/5RK1 w - - 3 23,a7e3 h3g3 h2g3 h5h1,1615,75,97,3184,clearance kingsideAttack mate mateIn2 middlegame operaMate sacrifice short,https://lichess.org/83tyhOfz#45,
009zR,3r4/p1p2ppp/4k3/6Q1/5P2/4P3/Prqn2PP/3R1RK1 w - - 3 22,g5d8 d2f3 g1h1 c2g2,1620,77,87,180,discoveredAttack endgame mate mateIn2 short,https://lichess.org/SctCD3fJ#43,
00FAe,5Rbk/6pp/8/p3P3/Pp1pq3/8/1P4PP/3Q2K1 w - - 1 35,d1b3 e4e1 f8f1 e1f1 g1f1 g8b3,1621,77,93,1024,crushing endgame long,https://lichess.org/EvpVpm3n#69,
00fTw,r2qk2r/4bpp1/4pn1p/pp1pPb2/2p2P1B/P1P1P3/1P2B1PP/RN1Q1RK1 b kq - 0 13,f5b1 e5f6 e7f6 h4f6,1621,75,83,214,advantage middlegame short,https://lichess.org/Y5xbRkWE/black#26,Bird_Opening Bird_Opening_Dutch_Variation
01GcH,8/KP3k2/8/5p2/8/8/1R2p3/2r5 w - - 0 56,b7b8q c1a1 a7b6 e2e1q b8c7 e1e7 c7e7 f7e7,1621,81,93,2234,advancedPawn advantage endgame master promotion queenRookEndgame veryLong,https://lichess.org/j76CnG9Q#111,
00e6J,r5k1/pb2r1p1/1p2pQ2/2b1N3/5P2/PP5P/4p2K/3R2R1 w - - 0 33,d1e1 c5g1 e1g1 e2e1q f6e6 e7e6,1623,76,91,238,advancedPawn advantage long middlegame promotion,https://lichess.org/S92jnNLj#65,
00jG1,5q1k/4b1p1/2b1p3/2pp2n1/8/2P2PB1/PP2QP1P/R4RK1 w - - 3 25,h2h4 g5f3 g1g2 d5d4,1625,75,88,331,middlegame,https://lichess.org/RDgVFWGO#49,
00n76,8/8/7p/1P1R3P/8/2k5/3p3r/3K4 w - - 3 49,b5b6 h2h1 d1e2 h1e1,1635,79,94,8396,crushing endgame rookEndgame short,https://lichess.org/1pRVU0YT#97,
00sKo,5rk1/pR4bp/q2p4/3Ppn1p/4Q3/4B2P/5PP1/5RK1 w - - 1 24,b7a7 a6f1 g1f1 f5g3 f1e1 g3e4,1637,78,94,590,advantage attraction long middlegame pin sacrifice,https://lichess.org/EGRQ04CN#47,
00J1t,r1qr3k/pp3pB1/1np1pb2/8/3P3P/2N2PR1/PP1Q2P1/2KR4 b - - 0 22,f6g7 d2g5 d8g8 g5h5 g7h6 h5h6,1638,73,96,15596,exposedKing kingsideAttack long mate mateIn3 middlegame,https://lichess.org/77hjhVfM/black#44,
00ccX,r4rk1/1p1b1pbp/p1pp2p1/8/2PNq3/1P2P2P/PB1Q1PP1/R2R2K1 w - - 0 19,d2d3 e4d3 d1d3 c6c5 b2c3 c5d4,1639,77,92,2572,crushing long middlegame,https://lichess.org/8wwce0l0#37,Nimzo-Larsen_Attack Nimzo-Larsen_Attack_Indian_Variation
00Bg0,8/3k4/3P1K2/p2R4/5r2/5P2/8/8 w - - 1 57,d5f5 f4f5 f6f5 a5a4 f5e4 a4a3 e4d3 a3a2,1640,78,94,798,advancedPawn crushing endgame quietMove rookEndgame veryLong,https://lichess.org/Kh8jUvEa#113,
00XZR,8/2p5/p1n5/1pP1p2k/1P1p4/P2P3P/5P2/R4KRq b - - 9 34,h1h3 f1e2 e5e4 g1h1 e4d3 e2d2,1641,77,93,1197,crushing defensiveMove endgame long pin,https://lichess.org/cvl7Zq2b/black#68,
00qmI,4k3/3n3P/p2PN1K1/8/1p6/2b5/8/8 b - - 0 51,b4b3 e6g7 c3g7 g6g7,1642,75,97,3083,crushing endgame short,https://lichess.org/OTzPjgtI/black#102,
00VhV,5k2/5P2/4K3/4p3/ppp1P3/2P1P3/PP4P1/8 w - - 2 50,g2g4 a4a3 c3b4 a3b2,1642,75,90,459,advancedPawn crushing endgame pawnEndgame short,https://lichess.org/ZIHizXwv#99,
00yfJ,r1b1k2r/p4p1p/2p1p3/1pR1Pp2/qn1P4/2Q2N1P/5PP1/1B3RK1 b kq - 0 19,b4d5 c5d5 c6d5 c3c6,1642,76,93,356,clearance crushing middlegame sacrifice short,https://lichess.org/3cvQUqUJ/black#38,Queens_Gambit_Declined Queens_Gambit_Declined_Other_variations
00y0m,r5k1/2B2pp1/rP2p1p1/P2q4/3Pp3/R6P/5PP1/1R4K1 b - - 6 32,a6a5 a3a5 a8a5 b6b7 d5b7 b1b7 a5a1 g1h2,1643,75,93,381,advancedPawn advantage endgame veryLong,https://lichess.org/sNHDn4FD/black#64,
00eOw,r2r2k1/pp3pp1/5q1p/4p3/3p4/2N1P3/PPQ2P1R/2K4R w - - 0 25,e3d4 e5d4 c1b1 d4c3,1651,75,87,111,crushing middlegame short,https://lichess.org/QAjxFUBC#49,
00ZDZ,8/pp4k1/2p3p1/3nRr2/3P1Pp1/2P3K1/PP6/5R2 w - - 3 36,g3g4 f5e5 d4e5 d5e3 g4f3 e3f1,1651,76,95,8162,advantage endgame fork long,https://lichess.org/G2FHAUMb#71,
00eWz,4r1k1/p5bp/1q4p1/2pPrp2/1pP2N2/6PP/P4QB1/1R3RK1 w - - 2 25,f4e6 e5e6 d5e6 g7d4,1652,76,92,5286,advantage clearance master middlegame pin sacrifice short,https://lichess.org/T1YYoy2O#49,
00QqI,r6r/pQ2nkpp/4b3/2p1q3/4p3/2N5/PP1B1PPP/R4RK1 w - - 1 15,c3e4 e6d5 e4g5 e5g5 d2g5 d5b7,1653,74,82,112,advantage long middlegame,https://lichess.org/71TDmfZz#29,Scotch_Game Scotch_Game_Scotch_Gambit
00Al5,2r3k1/p2q1pbp/1p2pnp1/nB1p4/3P4/1Pr1P2P/P1QB1PP1/2R2RK1 w - - 0 19,b5d7 c3c2 d7c8 c2d2,1654,77,95,12039,advantage middlegame short,https://lichess.org/EtyflSie#37,Slav_Defense Slav_Defense_Schlechter_Variation
00rL0,5q2/3r4/P1k2p1p/1p2pNp1/2b1P1P1/2P2P1P/3r2BK/R5Q1 b - - 4 40,f8c5 g1c5 c6c5 a6a7 d7a7 a1a7 c4f1 f5e3 f1g2 e3g2,1654,75,94,4066,advancedPawn advantage middlegame veryLong,https://lichess.org/5qUAn2Jj/black#80,
0017R,r2qk2r/pp2ppbp/1n1p2p1/3Pn3/2P5/2NBBP1P/PP3P2/R2QK2R b KQkq - 0 12,e5c4 d3c4 b6c4 d1a4 d8d7 a4c4,1655,77,95,6539,advantage fork long middlegame,https://lichess.org/ol84k0z4/black#24,Alekhine_Defense Alekhine_Defense_Other_variations
00CMj,7R/8/8/6p1/2p1p1k1/2PbK2p/P7/8 w - - 4 71,e3f2 e4e3 f2e3 g4g3,1655,77,96,26266,crushing defensiveMove endgame master short,https://lichess.org/JJZ8AIxT#141,
00aG8,1r3k2/p4ppp/2rN4/8/P2P4/8/2P2PPP/3Q2K1 w - - 3 23,d6f5 c6b6 g1f1 b6b1 d1b1 b8b1,1656,76,96,1700,advantage endgame long pin quietMove,https://lichess.org/pXBkYLxJ#45,
00UyQ,4r1k1/p1p2pp1/1p5p/2Q1P3/5r1q/5R2/P3B1PP/R5K1 w - - 0 22,c5c7 f4f3 g2f3 h4d4 g1g2 d4a1,1656,74,95,4415,advantage clearance fork long middlegame,https://lichess.org/kxyI8Okp#43,
00UOA,6k1/5p1p/4pbp1/p2p4/2rP1P2/P3B1P1/1P2R1KP/8 b - - 0 30,f6d4 b2b3 c4c2 e2c2,1657,75,84,212,advantage endgame short,https://lichess.org/DUwr5LiX/black#60,
00gS7,8/1r3pkp/1b4p1/2Rp4/7P/1qP3P1/1P2QP2/2B3K1 w - - 5 33,e2e5 f7f6 c1h6 g7h6 e5f4 h6g7,1659,74,84,112,advantage defensiveMove endgame long,https://lichess.org/kCNSStnU#65,
00oXF,3r1rk1/1p3p1p/p1q1b1p1/4P2P/2p2P2/P5R1/2Q1B1P1/3R2K1 b - - 1 25,e6f5 c2f5 d8d1 e2d1,1661,74,92,1736,crushing middlegame pin short,https://lichess.org/UNhxKWVR/black#50,
00veX,1r3rk1/p4p2/2pq3p/4p1p1/4Pnb1/2PB1PB1/P1Q3PP/3R1RK1 b - - 0 18,d6c5 g3f2 c5a3 f3g4 b8b2 c2c1,1661,75,93,1479,advantage defensiveMove long middlegame,https://lichess.org/pUj3STn8/black#36,Sicilian_Defense Sicilian_Defense_Lowenthal_Variation
007ku,r1bq3Q/1np2kp1/p5B1/1p1Pp3/1Pn2BP1/2b2P2/P3K3/R4N2 b - - 5 35,f7g6 h8h5 g6f6 f4g5,1663,75,89,965,mate mateIn2 middlegame short,https://lichess.org/QveLbBjG/black#70,
00Uwn,3r1rk1/p1p2pbp/1p4p1/7n/4P3/1P2BP1q/P1B3QP/3R1R1K b - - 6 23,h3h4 e3g5 h5g3 g2g3,1663,76,93,2933,advantage fork middlegame short,https://lichess.org/Nqhta4GU/black#46,
002Ua,r4rk1/pp3ppp/3p1q2/P1P1p3/2B5/2B2n2/2P2P1P/R2Q1RK1 w - - 0 16,g1h1 f6f4 d1f3 f4f3,1666,76,94,8469,crushing kingsideAttack middlegame short,https://lichess.org/06i3eMVp#31,Sicilian_Defense Sicilian_Defense_Lowenthal_Variation
00B7G,1rb2r1k/4q2p/p2p4/3B1p2/1pPb4/1P2NQ2/P5PP/2R2RK1 w - - 1 24,g1h1 e7e3 f3e3 d4e3,1666,75,86,154,crushing master masterVsMaster middlegame short,https://lichess.org/jBgjHSYd#47,
00ueI,8/5p1k/pp3B2/3bPq2/6R1/2R4P/1P1p2PK/8 w - - 0 47,c3g3 f5g4 g3g4 d2d1q g4g7 h7h6,1667,76,92,281,advancedPawn advantage endgame long promotion,https://lichess.org/JdgRx0r2#93,
00VIe,8/8/8/P6p/8/2RnkN2/r7/3K4 w - - 1 60,f3e1 a2d2,1667,83,94,22390,endgame mate mateIn1 oneMove vukovicMate,https://lichess.org/ugqyRWZm#119,
00eXL,8/8/3RP3/p1Pn4/1pN1k2p/8/rP1K4/8 b - - 0 40,a5a4 d6d5 e4d5 e6e7,1669,75,84,140,advancedPawn advantage endgame sacrifice short,https://lichess.org/MBrW6WzK/black#80,
00PvX,8/n7/P7/3k4/PK6/7P/5PP1/8 w - - 0 53,b4a5 d5c5 f2f3 a7c6,1670,76,86,245,endgame knightEndgame mate mateIn2 short,https://lichess.org/tH6dRFcZ#105,
00TRo,5q1k/2r3p1/1p2p2b/3p2NQ/3P4/1p6/5R2/6K1 b - - 1 38,f8b4 h5e8 b4f8 f2f8,1671,76,93,4035,endgame mate mateIn2 short,https://lichess.org/h4dPcMj5/black#76,
01HQs,2k2b1r/ppp1ppp1/2n4p/8/3r2nq/2NPB3/PPP2P1N/R2QRBK1 w - - 6 14,h2g4 d4g4 f1g2 h4h3 d1g4 h3g4,1671,74,82,543,advantage kingsideAttack long middlegame pin,https://lichess.org/oHuhR4v1#27,Scandinavian_Defense Scandinavian_Defense_Mieses-Kotroc_Variation
015Di,r2k1bnr/p1pp1Bpp/1p3q2/4N1B1/3p4/2P5/PP2QPbP/RN2K2R b KQ - 2 10,f6g5 e5c6 g2c6 e2e8,1673,77,90,2572,clearance mate mateIn2 opening sacrifice short,https://lichess.org/T3BCr5TM/black#20,Kings_Pawn_Game Kings_Pawn_Game_McConnell_Defense
015Kw,2r1r1k1/5p2/p3p3/1p1p4/3PnQP1/2P4R/PPqN1K2/R7 w - - 1 27,f2g1 c2d2 f4d2 e4d2,1675,74,85,573,crushing middlegame short,https://lichess.org/9iI3Okx5#53,
00Qlc,8/5R2/P7/2p1r3/2Pp2k1/3K4/5p2/8 b - - 1 54,e5f5 f7f5 g4f5 d3e2 f2f1q e2f1,1678,79,93,1352,crushing endgame long rookEndgame,https://lichess.org/CvcBVbVr/black#108,
00Kia,5r1k/4n1pp/1p6/pP5Q/P2pB2K/6P1/2P4P/4q3 b - - 4 37,g7g6 h5e5 h8g8 e4d5 e7d5 e5e1,1679,75,96,4531,advantage discoveredAttack endgame fork long,https://lichess.org/hH8qwFYM/black#74,
00HGG,8/pp6/2p1kpp1/3p4/3P1PPp/1P3K2/P1P4P/8 w - - 0 31,g4g5 f6g5 f3g4 g5f4 g4f4 e6f6,1682,75,85,139,crushing defensiveMove endgame long pawnEndgame,https://lichess.org/JyqJknFl#61,
00lA1,r3k2r/ppp3Np/3p2pB/2b1p3/2B1P3/2NP3q/PPP2P2/R2R2K1 b - - 3 17,e8d8 h6g5 d8d7 c4e6 h3e6 g7e6,1682,75,96,6803,advantage fork long middlegame,https://lichess.org/UXSJkHbF/black#34,Four_Knights_Game Four_Knights_Game_Spanish_Variation
01Amq,4r1k1/4Pp2/pQ3b1p/6pP/2p5/P4P2/5BPK/3q4 b - - 2 31,d1a4 b6f6 c4c3 f2d4 a4d4 f6d4,1682,76,96,6321,crushing endgame hangingPiece long,https://lichess.org/niewawqE/black#62,
00mAw,8/2p3p1/2p2k2/6p1/P5P1/3P1K1p/2P5/8 b - - 0 42,f6e5 a4a5 e5e6 a5a6 h3h2 f3g2,1683,75,100,424,endgame,https://lichess.org/m9mYwFoA/black#84,
0158C,3r3k/1Qp3p1/p4q1p/8/3n4/5N2/PPP2PPP/2K1R3 w - - 1 23,f3d4 f6d4 a2a3 d4d2 c1b1 d2e1,1686,77,93,2268,crushing endgame fork long,https://lichess.org/7mhSAvLf#45,
001XA,1qr2rk1/pb2bppp/8/8/2p1N3/P1Bn2P1/2Q2PBP/1R3RK1 b - - 3 23,b8c7 b1b7 c7b7 e4f6 e7f6 g2b7,1687,75,91,1351,crushing discoveredAttack long master middlegame sacrifice,https://lichess.org/KZRiN695/black#46,
004BW,r1bk2r1/ppq2pQp/3bpn2/1BpnN3/5P2/1P6/PBPP2PP/RN2K2R w KQ - 3 13,e5f7 d8e7 g7g8 f6g8,1687,77,91,1927,advantage master middlegame short,https://lichess.org/EXlG6TZs#25,Sicilian_Defense Sicilian_Defense_Modern_Variations
00YhY,8/8/5kp1/R7/4p1P1/5p1P/2r2P2/6K1 w - - 0 52,h3h4 c2c1 g1h2 e4e3,1687,76,94,580,crushing endgame rookEndgame short,https://lichess.org/umv3Et1a#103,
00734,rn3bk1/2rqp2p/2p3p1/3p1p2/3P1P1B/pP1BP3/P1Q2PRP/1KR5 b - - 0 26,b8a6 d3f5 e7e6 f5g6,1692,74,89,128,crushing middlegame pin short,https://lichess.org/jM0Jnw0u/black#52,
00DdW,5rk1/4bppp/4b3/1p1pPpPP/2pP4/2P5/rqNQKP2/2RRN3 b - - 5 23,e7a3 c1b1 b2b3 b1b3,1693,75,87,780,advantage middlegame short trappedPiece,https://lichess.org/bT7kcwFH/black#46,
00ZEc,1r3bk1/5p2/3P1qRP/r1n1p3/ppB5/P2Q1P2/1PP5/1K6 b - - 0 35,g8h7 g6g7 h7h6 d3h7,1693,73,96,21042,discoveredCheck doubleCheck mate mateIn2 middlegame short,https://lichess.org/7IfLNNVB/black#70,
00VEe,3r4/4k3/3pn3/p3r1p1/PpB3K1/1P4P1/3R4/7R b - - 3 47,d8f8 h1h7 f8f7 h7f7 e7f7 d2d6,1694,76,90,318,crushing endgame long master masterVsMaster,https://lichess.org/igcJqKC1/black#94,
011RD,7r/2p1k3/1p6/p3R2r/P2Q1pb1/2P5/q1PK1PP1/6R1 b - - 0 38,e7f7 d4f4 g4f5 e5f5 h5f5 f4f5,1694,75,86,133,crushing exposedKing fork long master middlegame,https://lichess.org/rBgndHmx/black#76,
00LSv,3r3k/1p4pp/2p3q1/8/3Q4/8/PP4rP/R4R1K b - - 1 28,g2g1 d4g1 g6e4 g1g2,1695,78,93,1035,advantage endgame short,https://lichess.org/EfV2OOTd/black#56,
00h95,7k/Q1p3p1/5p1p/3q4/3Pr3/4P3/P4P1P/1R4K1 w - - 2 26,a7c5 e4g4 g1f1 d5h1 f1e2 h1b1,1696,75,85,113,crushing endgame long skewer,https://lichess.org/awh9vUFg#51,
00DUp,8/8/1p2k1p1/7p/P2KPp1P/5P2/8/8 w - - 8 66,e4e5 g6g5 d4e4 g5h4,1697,75,83,344,crushing endgame pawnEndgame short,https://lichess.org/ZuP4W5nU#131,
003IX,8/3pk3/R7/1R2Pp1p/2PPnKr1/8/8/8 w - - 4 43,f4f5 e4g3,1698,86,89,2265,endgame mate mateIn1 oneMove,https://lichess.org/576Btq56#85,
00iLe,r1b1r1k1/pp1n1pb1/3p1q1p/2pP2p1/2P1B3/4PNB1/PPQ2PPP/2KR3R w - - 1 15,h2h4 e8e4 h4g5 h6g5,1699,76,96,5454,crushing middlegame short,https://lichess.org/fBB50Rwf#29,Torre_Attack Torre_Attack_Fianchetto_Defense
00rw0,r2q3k/5Pb1/2n3Bp/3p2pP/pp1P2Q1/6B1/1PP5/6K1 b - - 0 39,g7d4 g4d4 c6d4 g3e5 d8f6 e5f6,1699,74,100,1276,exposedKing fork long mate mateIn3 middlegame sacrifice,https://lichess.org/37v3pkKy/black#78,
00AEM,r4rk1/p2q1p1p/1p3Qp1/2p4P/3p4/5R2/PPP2PP1/4R1K1 b - - 0 22,d7d8 e1e7 d8e7 f6e7,1700,74,100,361,crushing endgame short,https://lichess.org/xJtWPx56/black#44,
00fJC,1r6/6p1/5p1p/r1kp4/Pp3q2/2pR3P/2Q2PP1/3R2K1 b - - 4 39,b8d8 d3c3 b4c3 c2c3 c5d6 c3a5,1700,80,93,603,advantage endgame fork long sacrifice,https://lichess.org/PmojFttS/black#78,
006fF,r1b4r/pp1k2pp/2nb2q1/1B1p2B1/3p3Q/8/PPP2PPP/3RR1K1 b - - 5 17,h7h6 h4g4 d7c7 g5d8 h8d8 g4g6,1702,76,96,8133,advantage discoveredAttack exposedKing long middlegame,https://lichess.org/mAf9SSin/black#34,Italian_Game Italian_Game_Two_Knights_Defense
00xHQ,1r4k1/5p1p/3R2p1/1qN5/3Qp3/7P/5PPK/1r6 b - - 0 35,b1b4 d6d8 b8d8 d4d8 g8g7 c5d7,1703,75,93,2100,advantage defensiveMove endgame long,https://lichess.org/Bt8SnbNt/black#70,
01EPu,r2q1rk1/pp1n1pbp/3p2p1/2pN4/Q3PB2/8/PPP2PPP/R4RK1 w - - 4 13,f4d6 d7b6 d5b6 a7b6 a4a8 d8a8,1703,75,93,2049,advantage long middlegame,https://lichess.org/Uu5kbZPv#25,Scotch_Game Scotch_Game_Lolli_Variation
00IMS,1r4k1/r5q1/p2p1pP1/4pP2/2p1P2Q/2PbnBK1/P6R/2R5 b - - 7 35,e3f5 e4f5 d3f5 f3d5,1706,75,91,240,clearance crushing kingsideAttack middlegame short,https://lichess.org/4sOYAEfF/black#70,
00MwU,3r1b1R/ppq3p1/2k3P1/3p4/1P1Q4/4PP2/P1P5/2K5 b - - 0 26,a7a6 h8f8 d8f8 d4c5 c6d7 c5f8,1709,77,91,348,advantage attraction endgame fork long sacrifice,https://lichess.org/r7d4mCDm/black#52,
00OQt,8/8/8/p3b3/P1B2pKp/1Pk1p2P/6P1/8 w - - 8 50,g4h4 c3d2 h4g4 e3e2 c4e2 d2e2,1709,75,88,364,advancedPawn bishopEndgame crushing endgame long,https://lichess.org/vZaFj9IE#99,
00IHi,8/4R3/1k6/8/p7/1p1N2P1/5KP1/r7 w - - 0 55,e7e1 a1e1 f2e1 a4a3 e1d2 a3a2 d2c3 a2a1q,1710,76,94,5253,advancedPawn crushing endgame promotion veryLong,https://lichess.org/DiBepPdz#109,
00yfI,r1b5/1p3kpp/p1nBpn2/3p4/3P4/P1NQ4/1PP1B1qP/2K2R2 w - - 2 17,d3h7 g2f1 e2f1 f6h7,1712,76,96,3460,advantage middlegame short,https://lichess.org/yil6l4iC#33,Rapport-Jobava_System Rapport-Jobava_System_Other_variations
01AIF,8/8/2p4K/1p3kp1/1P6/2P5/7P/8 w - - 0 52,h2h3 g5g4 h3g4 f5g4,1712,80,92,1410,crushing endgame pawnEndgame short,https://lichess.org/0vSOFrqP#103,
00urx,8/4r1k1/2P2R1p/4qQp1/3p4/7P/6PK/8 w - - 5 43,h2g1 e5f6 f5f6 g7f6,1717,75,97,983,crushing endgame master short,https://lichess.org/S8w5Y0yO#85,
00Wyh,2r5/8/8/pNp1r2p/3kNppP/1P1P4/2R2K2/8 b - - 2 42,d4d3 c2d2 d3e4 b5d6,1718,78,94,13101,endgame mate mateIn2 sacrifice short,https://lichess.org/2mLJufzX/black#84,
00IiM,r5k1/pp4p1/1n6/3pB3/3P2pb/2NQ1r2/PP6/2K3R1 w - - 2 24,d3f3 g4f3 g1g7 g8f8,1719,77,92,3020,advantage middlegame short,https://lichess.org/qzEITbaG#47,
00ueM,2kr4/2pR4/2P1K1P1/8/8/p3n3/8/8 b - - 1 49,a3a2 d7d8 c8d8 g6g7 a2a1q g7g8q,1719,81,93,12285,advancedPawn endgame long mate mateIn3 promotion,https://lichess.org/d2IhwIPS/black#98,
00IYg,r1b2r2/pp2npp1/1qn1p1k1/3pP1N1/3P3P/P7/1P1Q1PP1/RN2K2R b KQ - 0 13,f7f6 h4h5 g6h6 g5e6 h6h7 e6f8,1720,75,94,2200,advantage discoveredAttack discoveredCheck long middlegame,https://lichess.org/SWSWl6dS/black#26,French_Defense French_Defense_Advance_Variation
005gP,8/8/3p4/2kP4/1p4P1/2pK4/P7/8 w - - 1 42,g4g5 c5d5 g5g6 d5e6 g6g7 e6f7 a2a4 b4a3 g7g8r f7g8,1723,74,100,1269,crushing enPassant endgame pawnEndgame veryLong,https://lichess.org/I76OvKQT#83,
016F4,1k1r3r/1p6/2b5/2p2p2/1bP5/1P3N1p/RP6/1KBR4 w - - 2 29,d1d8 h8d8 c1f4 b8c8 a2a8 c8d7 f3e5 d7e8 a8d8 e8d8,1725,76,93,2445,crushing middlegame veryLong,https://lichess.org/SZVJ7jSR#57,
00TV2,6k1/p1Q2p1p/4p1p1/3p4/1r6/7P/Pq3PP1/5RK1 b - - 2 26,b2a2 c7c8 g8g7 c8c3 d5d4 c3b4,1729,74,89,669,advantage endgame fork long master,https://lichess.org/6qHoYzpM/black#52,
00Wi9,8/8/3n1P2/2k5/2pp1K2/P7/8/3B4 w - - 2 63,f4e5 d4d3 f6f7 d6f7,1729,76,95,5486,crushing endgame master short,https://lichess.org/kGGKKGh6#125,
00hxr,r4rk1/pp3ppp/4p3/3pB1qB/Q1p5/2PbP3/PP1N1P1P/R3K2R w KQ - 0 15,e5g7 g5h5 a4d1 h5d1 a1d1 g8g7,1730,77,93,1653,advantage hangingPiece long middlegame,https://lichess.org/4QIugid6#29,Queens_Pawn_Game Queens_Pawn_Game_Accelerated_London_System
01Gjl,rn2k2N/p1pn3p/8/3b2B1/3p4/N7/PP4PP/4R1K1 b - - 3 21,e8f8 g5h6 f8g8 e1e8 d7f8 e8f8,1730,74,95,9828,exposedKing long mate mateIn3 middlegame operaMate,https://lichess.org/ATVeox2b/black#42,
011zd,r4rk1/pq3ppp/Rn2p3/Q2pN3/2pP4/4P3/1PP2PPP/R5K1 w - - 11 19,a6a7 a8a7 a5a7 f8a8 a7a8 b6a8,1732,76,94,441,advantage long middlegame,https://lichess.org/lTAUw1DU#37,
016fz,8/8/3R4/1P3k2/2Bb2pK/8/7r/8 w - - 1 63,h4g3 d4e5,1733,84,91,1560,endgame mate mateIn1 oneMove,https://lichess.org/jAbGFT6B#125,
00MQl,r1b2k1r/pp3ppp/2p5/2bp4/3N1Pnq/1B2B3/PPP3PP/RN1QR2K w - - 4 15,d4f3 c5e3 f3h4 g4f2 h1g1 f2d1,1734,75,100,658,advantage discoveredAttack fork long opening sacrifice,https://lichess.org/2FmZuSC3#29,Scotch_Game Scotch_Game_Other_variations
00XXM,3r1br1/Qpqk1p2/p1p1p2p/3nP3/8/2P1NP1N/PP6/1K1R3R b - - 3 25,f8e7 c3c4 b7b6 a7c7 d7c7 c4d5,1735,73,95,14752,advantage long middlegame pin,https://lichess.org/Pd55n9kL/black#50,
00axT,3R4/8/8/5p2/8/3p3P/1k2rPP1/3K4 b - - 25 48,e2f2 d8d3 f2g2 d3d2 g2d2 d1d2,1736,76,100,1759,crushing endgame long master rookEndgame,https://lichess.org/g4Wa6pYc/black#96,
00TXF,3R4/6pk/4rp1p/p1N1P3/1p3P2/1Pb4P/6P1/6K1 b - - 1 33,e6c6 e5e6 c6e6 c5e6,1736,74,91,192,crushing endgame short,https://lichess.org/l8slGC2i/black#66,
00gym,r2qkb1r/pp2pppp/3p1nb1/4n3/4P1PN/2PB3P/PP3P2/RNBQK2R b KQkq - 0 11,g6e4 d3e4 f6e4 d1a4 e5c6 a4e4,1737,75,99,1930,advantage fork long opening,https://lichess.org/stQsTszf/black#22,Sicilian_Defense Sicilian_Defense_Bowdler_Attack
00Ar2,r2q1r2/1n4pk/p6p/1pp2pb1/3n1B2/P1NPN2P/1PPQ1PP1/R3R1K1 w - - 0 21,c3d5 g5f4 d5f4 d8g5 d2d1 g5f4,1738,76,93,651,advantage clearance long middlegame,https://lichess.org/fRlxRFsV#41,
00lIV,r2qr1k1/pb2bppp/2p2n2/3pN1B1/2P5/4P3/PPQ2PPP/3RKB1R w K - 3 13,f1e2 e7b4 e1f1 e8e5,1738,75,94,4279,crushing discoveredAttack middlegame short,https://lichess.org/6IHxFPRp#25,Queens_Gambit_Declined Queens_Gambit_Declined_Normal_Defense
00awL,4q1r1/k2r1Rp1/ppp4p/2Qp4/3P4/2P1P3/PP4P1/2K2R2 w - - 0 35,c5c6 d7f7 f1f7 e8f7,1739,74,88,166,crushing endgame short,https://lichess.org/TPaROV8B#69,
00AcQ,8/1bpp2k1/1p5r/1P2P3/3P1P2/2P1n1K1/2Q3P1/8 w - - 0 30,c2a2 h6g6 g3f2 g6g2,1741,76,91,814,crushing endgame short,https://lichess.org/MqFuiB4J#59,
00rAM,3rr1k1/1p3pq1/p1n1b2p/2b3p1/Q7/P2BPNB1/1P3PPP/R2R2K1 w - - 0 20,b2b4 d8d3 d1d3 g7a1,1743,75,88,2534,advantage deflection middlegame short,https://lichess.org/tkkuVJDA#39,
00yzd,6k1/8/4p1p1/1P5p/1B2PP2/3pb1KP/2p5/4R3 w - - 2 36,g3f3 d3d2 b4d2 e3d2 b5b6 d2e1,1743,75,94,2621,advancedPawn advantage endgame long,https://lichess.org/c9Rb9dVt#71,
0165r,8/7r/2R4P/6k1/4p3/8/4KP2/8 b - - 4 51,h7h6 c6h6 g5h6 e2e3 h6g5 e3e4 g5f6 e4f4,1743,75,93,2806,crushing defensiveMove endgame rookEndgame veryLong,https://lichess.org/0zQouwGT/black#102,
01G4i,6r1/1pp2rpk/p4nR1/3qpP1P/8/2P3Q1/PP3P1K/6R1 b - - 6 35,f6h5 g6h6 g7h6 g3g8,1743,76,95,4581,discoveredAttack mate mateIn2 middlegame short,https://lichess.org/z8X3byMF/black#70,
015JI,4r3/pp3kp1/5q2/3P3R/8/2b3PP/P3QP1K/3R4 w - - 1 34,e2c4 f6f2 h2h1 f2f3,1744,74,94,5605,crushing endgame short,https://lichess.org/K311M60I#67,
00ldC,3r1r2/pp3pk1/2p1pRp1/6Qp/2P5/P7/1q4PP/5R1K b - - 1 31,d8d2 f6g6 f7g6 g5e7 g7h6 e7f8 b2g7 f8f4 h6h7 f4d2,1745,74,97,2960,advantage clearance deflection endgame fork sacrifice veryLong,https://lichess.org/xdFXCpYF/black#62,
00UZP,5r1k/ppQ3p1/6qp/5r2/3Pp1b1/2P5/P2B1PPP/R4R1K w - - 5 22,c7b7 f5f2 f1f2 f8f2,1745,75,87,490,crushing middlegame short,https://lichess.org/4HQMl1VG#43,
0128O,r4rk1/1q1p2pp/p1b1p3/2p1Q3/8/1B6/PPP2PPP/3RR1K1 b - - 0 21,c6g2 d1d7 b7d7 b3e6 g8h8 e6d7,1748,78,93,3601,advantage attraction fork long middlegame sacrifice,https://lichess.org/FF3AWxWW/black#42,
001h8,2r3k1/2r4p/4p1p1/1p1q1pP1/p1bP1P1Q/P6R/5B2/2R3K1 b - - 5 34,c4e2 h4h7 c7h7 c1c8 g8g7 c8c7,1749,77,88,621,crushing deflection kingsideAttack long middlegame sacrifice,https://lichess.org/IxCahP6X/black#68,
015BC,r2qkr2/npp2pQ1/p1b1pP1B/3n4/1P6/P1N5/5PPP/R4RK1 b q - 1 24,d8d6 c3e4 e8c8 e4d6,1753,75,86,409,crushing middlegame short,https://lichess.org/0YIbmrPb/black#48,
01C8M,r1b2rk1/p3n1b1/6pp/q2np3/2RpNPPP/3Q3N/1PPB4/3B1RK1 b - - 3 22,a5b5 c4c8 b5d3 c8f8 a8f8 c2d3,1755,77,90,1135,crushing exposedKing long middlegame,https://lichess.org/Nj8tFFC7/black#44,
00WlQ,2r1r1k1/pp3pp1/4bb1p/2qp4/Q7/1PNRPN2/P4PPP/3R2K1 w - - 0 19,c3d5 e6d5 a4e8 c8e8,1756,76,95,3244,crushing middlegame short,https://lichess.org/ykiI26Nj#37,Queens_Gambit_Declined Queens_Gambit_Declined_Exchange_Variation
015JV,8/p5p1/1p3p2/4pkp1/3p2P1/1P1P1K1P/P1P2P2/8 b - - 0 37,f5g6 f3e4 g6f7 e4d5,1761,76,94,542,advantage endgame pawnEndgame short,https://lichess.org/U52Iy8wA/black#74,
00Huv,3r2q1/5prk/p3pQpp/1p2P3/2p4R/2P2P1P/PPB2P2/6K1 b - - 2 29,g8f8 h4h6 h7g8 f6h4,1763,78,91,602,clearance crushing endgame short,https://lichess.org/KGI2jWmb/black#58,
00xMv,r3brk1/1pqnbp1p/p3p1p1/2ppN2Q/5P2/1P1PP1R1/PBPN2PP/R5K1 b - - 3 15,f7f6 e5g6 e8g6 g3g6 h7g6 h5g6,1764,75,89,134,crushing kingsideAttack long middlegame sacrifice,https://lichess.org/CWgUmyFG/black#30,Bird_Opening Bird_Opening_Dutch_Variation
00XPO,r2q1r1k/1pp3p1/1b2b2p/3n4/pP6/P1P2N1P/1BB2PP1/R2QK2R w KQ - 0 20,d1d3 e6f5 e1c1 f5d3,1765,74,93,815,crushing middlegame short,https://lichess.org/ybuM6OK3#39,
00hA5,6n1/2p3k1/1p1p2P1/p2P1K1P/P1P5/1P6/8/8 b - - 2 53,g8h6 f5e6 h6g8 e6d7,1766,75,96,2714,crushing defensiveMove endgame knightEndgame master short,https://lichess.org/JOwIOHIj/black#106,
00Hpe,1rr3k1/4Qppp/qp2p3/P2pn3/3N4/4P2P/5PP1/RR4K1 b - - 3 29,b6a5 b1b8 c8b8 e7c7 b8c8 c7e5,1768,76,90,193,advantage fork long middlegame,https://lichess.org/7DmRgaqW/black#58,
01F3z,r4rk1/pp1b1ppp/8/2bBB3/8/8/PP3PPP/R4RK1 b - - 0 16,f8e8 d5b7 e8e5 b7a8,1768,77,93,2823,advantage middlegame short,https://lichess.org/d9xyOCEM/black#32,Horwitz_Defense Horwitz_Defense_Other_variations
00EgR,N2k3r/1b1n1Bpp/p7/1pb1P3/6P1/4p3/PPP4P/1K1R3R w - - 1 20,e5e6 b7h1 d1d7 d8c8 d7c7 c8b8,1770,77,93,2858,advantage long middlegame,https://lichess.org/PfKZb868#39,
00Nqd,8/p7/5P2/PP1bp3/4N3/K2p4/2k5/8 b - - 0 48,d3d2 e4d2 c2d2 b5b6 a7b6 a5b6,1771,75,98,881,crushing endgame long sacrifice,https://lichess.org/Mi2GPvfd/black#96,
00qb9,8/8/3k4/1p6/1Pp1K3/2P5/8/8 b - - 2 54,d6c6 e4e5 c6d7 e5d5,1773,74,95,2904,crushing endgame pawnEndgame short,https://lichess.org/a0ho1XtX/black#108,
017Bw,r3k2r/1p3ppp/p4n2/3PpbB1/1n6/2N5/PP2PPPP/R2K1B1R b kq - 4 12,f6d5 e2e4 d5c3 b2c3,1774,77,93,2557,advantage fork master middlegame short,https://lichess.org/HuzRGKgz/black#24,English_Opening English_Opening_Symmetrical_Variation
00rFc,8/1p6/1k4K1/7p/7P/5P2/8/8 b - - 0 50,b6c5 f3f4 c5d6 f4f5,1775,77,92,570,crushing defensiveMove endgame pawnEndgame quietMove short,https://lichess.org/evWDUDoX/black#100,
01E4E,r1bq1rk1/pp3pBp/2pp2p1/8/B3n3/P1N4P/1PP2PP1/R2QK2R b KQ - 0 12,e4c3 g7c3 f8e8 e1f1,1776,75,100,764,advantage defensiveMove middlegame short,https://lichess.org/mwgyWvSQ/black#24,Pirc_Defense Pirc_Defense_Classical_Variation
01HoZ,r5rk/1p3p1p/1b1p1p2/pP1P3q/P1P1Pn2/3B1NK1/5P2/R2Q3R w - - 8 28,g3f4 h5g4,1779,85,84,968,mate mateIn1 middlegame oneMove,https://lichess.org/VOay9YDM#55,
001xO,k1r1b3/p1r1nppp/1p1qpn2/2Np4/1P1P4/PQRBPN2/5PPP/2R3K1 w - - 0 19,d3a6 b6c5 a6c8 c5c4,1780,76,91,1394,crushing master masterVsMaster middlegame sacrifice short,https://lichess.org/fNCePFgY#37,Slav_Defense Slav_Defense_Other_variations
005wy,1r6/pp2kpp1/2n1p1n1/3p2PQ/5P2/2PqP3/PP1N4/2KR3R w - - 3 27,h5h7 c6b4 c3b4 b8c8 d2c4 c8c4,1780,75,94,7504,long mate mateIn3 middlegame queensideAttack sacrifice,https://lichess.org/mBQMheB4#53,
00he6,2k5/pp3p2/5q2/2b1p1p1/4P1Pr/1nN2BK1/PPP3P1/R2Q4 w - - 3 23,c3d5 f6f4 d5f4 e5f4,1782,79,93,1291,mate mateIn2 middlegame sacrifice short,https://lichess.org/ndaNSA8f#45,
0191t,6k1/1p3r2/p1p1p3/4Pqpp/3P4/1P4QP/P4PP1/4R1K1 w - - 0 33,e1e3 h5h4 g3f3 f5b1 g1h2 f7f3,1783,74,97,3090,crushing discoveredAttack endgame long,https://lichess.org/HGBswAqB#65,
00gPT,2r1r3/5R2/p7/6P1/5P2/PB3bR1/1PP2k1P/2K5 w - - 1 35,g5g6 e8e1 c1d2 e1d1,1784,75,89,153,endgame mate mateIn2 operaMate short,https://lichess.org/197y5kFN#69,
005HG,r2q1rk1/p1p2pp1/3bbn1p/4N3/2Q5/1P4P1/PB1PPP1P/RN2K2R w KQ - 1 12,c4c2 d6e5 b2e5 d8d5 f2f3 d5e5,1788,75,88,708,advantage clearance fork long opening,https://lichess.org/JTymzeq9#23,English_Opening English_Opening_Kings_English_Variation
00DII,2rr2k1/p5p1/1p5p/2pP1p1P/2q5/P4QR1/5PP1/4R1K1 b - - 3 31,c4d5 e1e8 g8f7 f3d5 d8d5 e8c8,1790,75,97,3907,advantage endgame intermezzo long,https://lichess.org/vJnBcDxi/black#62,
00jgd,5Q2/8/8/8/pn6/k6r/8/2K5 w - - 2 83,f8d6 h3c3 c1d2 c3d3 d6d3 b4d3,1791,75,94,3986,crushing endgame exposedKing fork long,https://lichess.org/8DDrygoE#165,
00Se9,5rk1/pp1n2r1/3p2N1/2pQ4/2P5/4P1P1/qP2KPP1/7R b - - 1 24,g7f7 g6e7 g8g7 d5g5,1791,75,95,5650,mate mateIn2 middlegame pin short,https://lichess.org/cMwUzce9/black#48,
00ZAn,rnbqk1nr/ppp1b1pp/3p4/4p3/2B1P3/5N2/PPPP2PP/RNBQK2R w KQkq - 0 6,f3e5 d6e5 d1h5 g7g6 h5e5 g8f6,1794,75,88,155,advantage hangingPiece long opening,https://lichess.org/uS929Njx#11,Kings_Gambit Kings_Gambit_Other_variations
00143,r2q1rk1/5ppp/1np5/p1b5/2p1B3/P7/1P3PPP/R1BQ1RK1 b - - 1 17,d8f6 d1h5 h7h6 h5c5,1797,76,91,2948,advantage middlegame short,https://lichess.org/jcuxlI63/black#34,Scotch_Game Scotch_Game_Mieses_Variation
00dqP,r1b2rk1/5p1p/p3pP2/1p1p4/5q1n/1P5P/P1P1QPB1/1K1R2R1 b - - 2 21,f4f6 g2d5 h4g6 d5a8,1797,74,94,6888,advantage discoveredAttack discoveredCheck middlegame short,https://lichess.org/6NRhzen2/black#42,
00D77,5rk1/bpp3pp/p1npb3/4p3/1P2Nr1q/P1PP3P/1B1QBPR1/2K3R1 b - - 2 21,h4h3 g2g7 g8h8 e4g5,1798,76,92,1928,crushing kingsideAttack middlegame short,https://lichess.org/PgppfwbE/black#42,
016rF,r4qk1/pppb2p1/1bnp1R2/6N1/8/2NQ2B1/PP4PP/7K b - - 0 19,f8f6 d3h7 g8f8 h7h8 f8e7 c3d5,1799,74,95,8680,kingsideAttack long mate mateIn3 middlegame,https://lichess.org/IoUBUxjr/black#38,Kings_Gambit_Declined Kings_Gambit_Declined_Queens_Knight_Defense
00TJN,r3r1k1/pp3pB1/2q3pp/3R1b2/8/P4Q2/BP3PPP/1R4K1 b - - 0 23,f5b1 f3f7 g8f7 d5d7,1800,75,100,1045,attraction doubleCheck kingsideAttack mate mateIn2 middlegame sacrifice short,https://lichess.org/G6iE2Sej/black#46,
00zqB,3r1rk1/pp6/5pb1/2p2q2/8/P2P4/1PP4Q/2K3RR b - - 1 27,c5c4 h2h7,1800,84,88,1342,mate mateIn1 middlegame oneMove pin,https://lichess.org/EURKTOGv/black#54,
00HqY,8/6p1/8/6k1/4P3/5KpP/8/8 b - - 3 46,g5h4 f3g2 h4g5 g2g3,1802,75,95,1638,crushing endgame master pawnEndgame short zugzwang,https://lichess.org/eG289RUU/black#92,
01j9y,r1b3k1/ppqnbrp1/4Qn1p/5N2/8/1NP5/PP3PPP/R1BR2K1 b - - 2 17,d7c5 f5e7 c7e7 e6e7 f7e7 b3c5,1802,76,88,185,advantage capturingDefender kingsideAttack long middlegame,https://lichess.org/kGoo7xWy/black#34,Caro-Kann_Defense Caro-Kann_Defense_Main_Line
00kCm,2r3k1/3n1pp1/pq2r1p1/2p5/3b4/BP5P/P2N1PP1/R1Q1R1K1 w - - 0 23,a3b2 e6e1 c1e1 d4b2 d2c4 b6f6 c4b2 f6b2,1803,75,93,6417,advantage middlegame veryLong,https://lichess.org/gGz3J9oc#45,
00XGg,2k4r/ppp2ppr/2n5/3b1N2/3p1bP1/5NP1/PPP1QP2/R3R1K1 w - - 1 20,g1g2 h7h2 g2f1 h2h1 f3g1 h1g1 f1g1 h8h1,1804,75,90,165,attraction mate mateIn4 middlegame operaMate pin sacrifice veryLong,https://lichess.org/HyzlukP8#39,
01SMk,r4rk1/pbp2ppp/1pNbp3/1B2n3/Q2P4/4PqP1/PP3P1P/RNB2RK1 b - - 0 13,e5c6 b1d2 f3d5 e3e4 d5d4 b5c6 d4a4 c6a4,1806,78,93,457,advantage middlegame veryLong,https://lichess.org/Bgmp2kSF/black#26,Reti_Opening Reti_Opening_Reti_Accepted
00agR,8/5pp1/p4n1p/1p2k3/8/1PK1P3/P1B2P1P/8 w - - 2 31,h2h3 f6e4 c2e4 e5e4,1807,76,93,4846,crushing endgame short,https://lichess.org/MUIpGzM3#61,
00ttk,6k1/ppqn1rp1/2p3Qp/3p1N2/3P1bP1/2P4P/PP1N1P2/R5K1 w - - 4 21,d2f3 d7f8 g6h5 g7g6,1807,76,93,4423,advantage middlegame short,https://lichess.org/urlk8mZq#41,
00zeF,5b1r/1pk3pp/pN2p3/8/4n1Pq/3r3P/PQ3P2/2R1K2R b K - 1 20,c7b8 c1c8 b8a7 c8a8,1807,76,92,614,mate mateIn2 middlegame queensideAttack short,https://lichess.org/ZFl1I0x7/black#40,
01Qf0,2r1r1k1/1p2b1p1/p2p1pPp/2nPpP1Q/3pP3/1P1q3P/P2B2B1/R4RK1 w - - 0 22,d2h6 g7h6 h5h6 d3e3 h6e3 d4e3,1807,75,87,117,advantage exposedKing long middlegame,https://lichess.org/A3EsrxaJ#43,
01X3n,r2q1rk1/pp2nppp/2pp4/3Np1N1/2P1Q3/3P4/PP3KPP/R1B5 b - - 3 14,f7f5 e4h4 h7h6 g5e6,1807,76,91,1985,advantage middlegame short,https://lichess.org/glnvzFJY/black#28,Kings_Pawn_Game Kings_Pawn_Game_Dresden_Opening
00oGl,4rbk1/ppq2rpp/2p2n2/8/8/1Q2B1N1/PPP2PPP/R3R1K1 w - - 5 18,e3a7 e8e1 a1e1 c7a5 e1e2 a5a7,1808,75,94,3180,advantage fork long master middlegame,https://lichess.org/mIp5Gez1#35,Caro-Kann_Defense Caro-Kann_Defense_Karpov_Variation
01Sr1,1r4k1/6pp/4p3/QBR2p2/3q4/B3nP1P/P5P1/6K1 w - - 0 35,a5a7 e3g4 g1h1 d4d1 b5f1 d1f1,1808,75,96,8408,discoveredAttack discoveredCheck long mate mateIn3 middlegame,https://lichess.org/mKXjReAm#69,
00Nay,r2q1r2/ppp2pk1/3p1n2/4p1p1/2B1P3/2NP2Q1/PPP5/2K4R b - - 0 19,g7g6 g3h3 f8h8 h3f5 g6g7 f5g5,1809,76,95,7096,crushing deflection long middlegame quietMove,https://lichess.org/wMvkJfcA/black#38,
01hL1,3qr1k1/1b3pp1/p2p1b2/1p6/1P2PBQ1/P1pP1P2/B5PP/4R1K1 w - - 0 21,g4g3 f6h4 g3g4 h4e1,1809,76,94,6680,crushing middlegame short skewer,https://lichess.org/jJjiVlE0#41,
00008,r6k/pp2r2p/4Rp1Q/3p4/8/1N1P2R1/PqP2bPP/7K b - - 0 24,f2g3 e6e7 b2b1 b3c1 b1c1 h6c1,1811,76,95,10282,crushing hangingPiece long middlegame,https://lichess.org/787zsVup/black#48,
01NfH,rr4k1/2q2ppp/p1p1p3/3p1b2/3Pn3/Q3P3/PPRB1PPP/4KB1R b K - 4 16,e4f2 d2a5 c7a5 a3a5,1811,77,93,833,advantage middlegame short,https://lichess.org/8uUSZ2As/black#32,Slav_Defense Slav_Defense_Quiet_Variation
003wQ,2r2rk1/6pp/3Q1q2/8/3N1B2/6P1/PP1K3P/R4b2 w - - 0 24,a1f1 f6d6 f4d6 f8f1,1814,79,92,2041,advantage discoveredAttack middlegame pin short,https://lichess.org/W3wvnzlo#47,
00G1l,5k2/1R6/3pp1P1/2p5/1pr1PK2/5P2/8/8 b - - 0 60,c4c1 f4g5 c1g1 g5f6,1815,75,89,418,crushing defensiveMove endgame master rookEndgame short,https://lichess.org/IWYBiMcT/black#120,
00lY4,2R3k1/rb3ppp/pn2p3/4P3/1P1P1P2/P4B2/6PP/5RK1 b - - 0 23,b6c8 f1c1 c8b6 c1c7 b7f3 c7a7,1816,75,80,201,advantage endgame long,https://lichess.org/maqTkdnt/black#46,
00zdb,2rqr1k1/pb3p2/1p4pp/n2p4/P1pRnN2/2P2N1P/BPQ2PP1/3R2K1 b - - 2 20,c8c5 d4e4 d5e4 d1d8,1816,79,93,2920,advantage discoveredAttack master middlegame short,https://lichess.org/kUZZ0jiG/black#40,
01273,8/p1B1Q2p/1p3pk1/6p1/3P2P1/2P1nP1K/P3q2P/8 w - - 9 36,e7e4 g6h6 e4e3 e2e3,1816,77,92,140,crushing defensiveMove endgame master pin short,https://lichess.org/9n1XKNs2#71,
01ew5,8/5p2/4p1p1/1pp1PpP1/3k1P2/PP4P1/3K4/8 w - - 1 36,a3a4 b5a4 b3a4 d4c4 a4a5 c4b5 d2c3 b5a5 c3c4 a5b6,1816,75,94,1594,crushing defensiveMove endgame pawnEndgame veryLong,https://lichess.org/tm3DhXSu#71,
01Z93,1r3rk1/1pp2pp1/p4q2/5b2/1P1R1P2/P1N4P/5QP1/4R2K b - - 8 29,b8d8 c3d5 d8d5 d4d5,1817,75,93,6198,crushing middlegame short,https://lichess.org/vqLvNigt/black#58,
01Uzs,rnbqk2r/ppp2ppp/3bpn2/8/4P3/1BN5/PPPP2PP/R1BQK1NR b KQkq - 0 6,f6e4 c3e4 d8h4 e4f2,1818,75,96,2227,advantage defensiveMove hangingPiece master opening short,https://lichess.org/miqEQghf/black#12,French_Defense French_Defense_Other_variations
00bqJ,r7/1pp4k/p2p3p/3Ppq2/2P2bb1/1N2R3/PP1Q4/1K1N2R1 w - - 8 27,d2c2 f5c2 b1c2 g4d1 g1d1 f4e3,1819,76,95,3626,advantage attraction long middlegame queensideAttack,https://lichess.org/FMvI8Grp#53,
00Msq,r5k1/1pp2Bp1/5n1p/1q2N3/3P4/7P/5PP1/4Q1K1 b - - 2 30,g8f8 f7c4 b5c4 e5c4,1820,77,93,873,crushing endgame master short,https://lichess.org/2cdEjZvR/black#60,
00rqm,2r2r1k/3b3n/p6q/1p1nN3/7P/3P2Q1/PPP2P2/1K4RR b - - 0 30,d7f5 g3g8 f8g8 e5f7,1820,76,96,9831,cornerMate kingsideAttack mate mateIn2 middlegame sacrifice short,https://lichess.org/v9qNACJc/black#60,
00kXF,6rr/p1k1qp2/Ppn1p3/3pP1b1/QP1n1NNp/3P3P/3B2PK/1R2R3 b - - 2 32,c7b8 b4b5 g5f4 d2f4 g8g4 h3g4,1821,74,88,1354,crushing long middlegame,https://lichess.org/y2IIeAMQ/black#64,
01Mee,8/8/4p1R1/3p1n1k/3P1P2/5K2/8/8 w - - 0 53,g6e6 f5d4 f3e3 d4e6 f4f5 e6c7,1822,75,100,526,crushing defensiveMove endgame fork long,https://lichess.org/sNNfZQ4w#105,
00ON5,8/k1p5/P7/3N4/3P2pp/3K2n1/6P1/8 w - - 1 47,d3e3 h4h3 e3f2 h3h2 f2g3 h2h1q,1825,76,87,143,advancedPawn crushing endgame knightEndgame long promotion,https://lichess.org/d71Ts3ff#93,
00lHu,8/p7/6P1/4p3/R4pK1/1r2k2P/8/8 b - - 0 47,f4f3 g6g7 b3b8 a4a3,1826,76,94,7963,advancedPawn crushing endgame rookEndgame short,https://lichess.org/kX9fNCdN/black#94,
00FND,8/1P6/8/7p/3P4/3k1p1P/4p3/3K4 w - - 0 49,d1e1 d3e3 h3h4 f3f2,1828,76,96,4003,advancedPawn endgame mate mateIn2 pawnEndgame short,https://lichess.org/C4mOV5Og#97,
00g9R,8/p4k2/2p3PP/2P2K2/8/2b5/P7/8 b - - 0 42,f7g8 f5e6 c3d2 h6h7,1829,77,93,894,advancedPawn bishopEndgame crushing endgame master short,https://lichess.org/dGdDx4Ku/black#84,
01kUF,6k1/R2RBp1p/2p1p1p1/p3b3/5P1P/8/P4PK1/1rr5 b - - 0 33,e5f4 e7f6 b1b8 d7f7,1829,77,93,575,advantage discoveredAttack endgame quietMove short,https://lichess.org/WeIgVUdT/black#66,
01Tr9,6k1/1p3pp1/2q4p/p3PQb1/2p1N3/2PrP2P/PP2R1PK/8 b - - 0 36,d3e3 e4g5 h6g5 e2e3,1829,75,87,273,capturingDefender crushing endgame intermezzo short,https://lichess.org/nt1hWJ8p/black#72,
00GiQ,5r2/1p3p1k/6pp/p1qp1P2/7Q/5N2/6PP/5N1K b - - 4 31,b7b5 f3g5 h7g7 f5f6 g7f6 g5e4,1830,76,94,890,attraction crushing discoveredCheck doubleCheck endgame long pin,https://lichess.org/XLwP4TgT/black#62,
00mRr,8/2Q2kpp/1p1p2r1/1PnN4/2P1n3/6P1/1r3PK1/8 b - - 6 41,f7e6 c7e7 e6f5 d5e3,1830,79,95,17020,endgame master mate mateIn2 short,https://lichess.org/0dpg8xr1/black#82,
00UTH,3r3r/q4pk1/p4N2/1p2PQp1/P4n2/3p1P1P/1P4P1/3RR1K1 w - - 0 32,g1h2 h8h3 f5h3 f4h3,1830,74,82,129,crushing middlegame short,https://lichess.org/X5eq2VgN#63,
0095W,8/pp1r2kp/q2P1ppb/4p3/2N1P3/1Q5P/PPR2PP1/6K1 w - - 3 32,c4e5 f6e5 c2c7 a6d6,1832,76,93,2580,advantage endgame hangingPiece short,https://lichess.org/CaL8Bl7F#63,
00NHK,r1b2rk1/1p2b1p1/pqn1p1P1/3pP3/1P1P4/P1N1P3/6P1/R2QK2R b KQ - 0 17,c6e5 h1h8 g8h8 d1h5 h8g8 h5h7,1832,76,96,4570,attraction fork long mate mateIn3 middlegame sacrifice,https://lichess.org/YWzSZGeb/black#34,French_Defense French_Defense_Advance_Variation
015Vc,q4r1k/5pbp/2Np1np1/3P2B1/pQb5/5B2/P4PPP/4R1K1 b - - 1 23,c4d5 g5f6 d5c6 f6g7 h8g7 b4c3,1835,78,90,1765,attraction crushing kingsideAttack long master middlegame,https://lichess.org/FNbRfhVX/black#46,
00NKk,2r2rk1/pp4q1/4Q3/3p4/3P4/P1P5/1P3PPP/4R1K1 b - - 0 25,g8h8 e1e3 c8c7 e3h3,1836,76,92,391,advantage endgame quietMove short,https://lichess.org/eKEoNNem/black#50,
00z22,r7/pRp2pkp/3p1pr1/4pQ2/3bP3/5PB1/P1q3PP/1R5K b - - 1 22,d4f2 b7b2 c2b2 b1b2,1837,74,86,703,advantage middlegame short,https://lichess.org/kIudbW7M/black#44,
00f2T,4r2k/p7/3p4/2pPbr1p/2P1RR2/2B3qP/P3Q3/7K w - - 1 33,f4f5 g3h3 h1g1 e8g8,1841,76,93,625,crushing fork middlegame short,https://lichess.org/XytFAWBD#65,
007en,rn3rk1/4pp1p/3p2pB/2q4P/3bP1b1/Pp2Q3/1P2B3/1K1R2NR w - - 0 20,e3d4 c5c2 b1a1 a8a3 b2a3 c2a2,1842,76,96,3997,long mate mateIn3 middlegame queensideAttack sacrifice,https://lichess.org/jzE2yKAk#39,
013zx,1r1q1rk1/1b2bppp/p7/1p1ppP2/3pP1Q1/P2P2P1/BPP4P/R1B2RK1 b - - 1 16,d5e4 c1h6 e7f6 h6g7 f6g7 f5f6 d8f6 f1f6,1842,78,93,3753,crushing middlegame pin sacrifice veryLong,https://lichess.org/XaFfvB93/black#32,Sicilian_Defense Sicilian_Defense_Closed
01CGR,r7/pppkq3/3b2Q1/8/5B2/8/PPn3PP/3R3K b - - 0 22,a8f8 f4d6 c7d6 g6c2,1842,77,92,1025,advantage middlegame short,https://lichess.org/yWAfHEnH/black#44,
008qL,r7/6pk/p2p4/2p1p1qp/1pP1PrP1/1P1Q1P1P/1P4K1/R4R2 w - - 0 25,d3d6 a8d8 d6d8 g5d8,1843,76,80,934,advantage endgame short,https://lichess.org/TUrSVmLC#49,
00dRh,1q5k/1b2Q1pp/pb3p2/1p6/1P2P3/PB3n2/5P1P/3RR1K1 w - - 0 25,g1g2 b8h2 g2f3 h2f2,1843,75,92,1488,crushing middlegame short,https://lichess.org/QvxqC3Zg#49,
00Ueq,r1b2rk1/pp4b1/n1pqp1Q1/4p3/2P2PP1/P2B4/1P6/R1B1K2R b KQ - 1 19,f8f6 h1h8 g8h8 g6h7,1843,74,98,1877,attraction kingsideAttack master mate mateIn2 middlegame pin sacrifice short,https://lichess.org/CWZLKGkj/black#38,
01ibl,2k5/pb2r3/1pn1R3/2p4q/2B5/2PP2Q1/PP3PP1/6K1 b - - 0 36,e7e6 c4e6 c8d8 g3d6,1845,76,93,712,crushing endgame master short,https://lichess.org/FF1vHRyx/black#72,
012wW,8/8/7p/7P/2k2Kp1/6P1/8/8 b - - 5 46,c4d5 f4f5 d5d4 f5g6,1846,79,94,10280,crushing endgame pawnEndgame short,https://lichess.org/LUerdvbI/black#92,
01kNt,1rr3k1/5p2/3p2p1/3PP2R/1p6/2p2P2/2Q3PP/6K1 w - - 0 32,h5h4 b4b3 c2c1 b3b2 c1h6 b2b1q g1f2 b8b2 f2g3 b1e1 g3h3 e1h4,1848,82,93,7397,advancedPawn crushing endgame promotion queenRookEndgame veryLong,https://lichess.org/MKPmOKMd#63,
00FPo,7R/1K3p2/6k1/PP4p1/8/6rp/8/8 b - - 2 47,g5g4 a5a6 h3h2 h8h2,1850,80,93,4932,crushing endgame rookEndgame short,https://lichess.org/6C03NLdu/black#94,
00umX,2k3rr/ppp2p2/3b1p2/2pP1q1p/2P2B2/2N2B1b/PP1Q1PP1/R3R1K1 w - - 4 19,f4d6 f5f3 e1e8 c8d7,1850,75,94,6097,crushing middlegame pin short,https://lichess.org/k9gpWj7k#37,
01Tlc,8/1p3k2/p1p3p1/P1P3K1/1P5P/8/8/8 w - - 9 60,g5h6 f7f6 h6h7 g6g5 h4g5 f6g5,1850,75,88,322,crushing endgame long pawnEndgame zugzwang,https://lichess.org/GFfDX9eL#119,
00eae,2r3kr/1pq1b1p1/p1n1p1P1/3p1pB1/3P3p/P3Q3/1PP1N3/1K4RR b - - 4 26,e7g5 e3e6 g8f8 g1g5,1851,80,93,651,crushing intermezzo kingsideAttack master middlegame short,https://lichess.org/MLbXS3BJ/black#52,
00fky,5rk1/ppqb1p1p/2p2Bp1/3p4/8/2P2Q2/PP3PPP/4R1K1 b - - 0 19,f8e8 e1e8 d7e8 f3e3 c7d6 e3e8,1851,76,93,1630,advantage endgame kingsideAttack long,https://lichess.org/XuK4pm8q/black#38,
00dwJ,2r5/2r3k1/p1q1b1pp/3pn3/3R4/4P1N1/PQ4PP/R5K1 b - - 7 32,c6c1 a1c1 c7c1 g3f1,1852,76,95,6367,advantage defensiveMove middlegame short,https://lichess.org/jAiL6A2t/black#64,
00p93,1k1r1b1r/n1p3p1/p5p1/1pn1P3/P2B2Pq/2P2Q1P/1PB1K3/R6R b - - 0 24,c5e6 d4a7 b8a7 a4b5 d8d2 e2d2,1852,74,94,13643,crushing long middlegame pin queensideAttack,https://lichess.org/TAw4No8T/black#48,
00zgl,3r1rk1/1b3ppp/p1p1p3/1pqNP1b1/5P2/3B4/PPP1Q1PP/3R1R1K w - - 0 18,d3h7 g8h7 f4g5 d8d5,1852,77,88,931,middlegame,https://lichess.org/lkvK26St#35,Sicilian_Defense Sicilian_Defense_Four_Knights_Variation
01idc,8/8/1r3k2/5p2/R5p1/5nP1/P4PK1/3R4 w - - 1 39,d1d5 b6b1 d5f5 f6f5 a4f4 f5g5 f4f3 g4f3,1853,75,88,404,endgame master,https://lichess.org/f9CR6chP#77,
01MNV,8/1p4k1/1p1p4/2p1p2K/P1P1P3/1P1P4/8/8 b - - 0 38,g7f6 h5h6 f6e6 h6g6 e6e7 g6g7,1853,74,87,1132,crushing defensiveMove endgame long pawnEndgame zugzwang,https://lichess.org/fFIG7SW1/black#76,
00Ksa,8/5p2/5pk1/8/4PP2/6r1/5K2/7R b - - 2 46,g3g4 f2f3 g4g5 f4g5,1857,77,86,100,crushing endgame rookEndgame short trappedPiece,https://lichess.org/WynrZVil/black#92,
016yu,4r1k1/p5pp/1p3n2/5Q2/1q3B2/5P2/PP3P1P/2R3K1 w - - 5 24,f5d3 b4f4 d3c4 f4c4,1860,76,92,456,advantage endgame hangingPiece master short,https://lichess.org/VPxWNzzq#47,
01IKl,k1r4r/2Qn1p1p/1p1Bpnp1/q7/2BP4/2P5/1PK2P1P/3R2R1 w - - 5 29,c7c8 h8c8 d1a1 c8c4 a1a5 b6a5,1860,74,94,6854,advantage hangingPiece long middlegame,https://lichess.org/ehmsGMwl#57,
01EQu,8/2n5/8/Pkp1K3/2N5/8/8/8 w - - 7 57,e5d6 b5c4 d6c7 c4b5 a5a6 b5a6,1861,78,91,610,crushing endgame knightEndgame long,https://lichess.org/PXioHcpt#113,
00IDw,4r3/pN3kpp/2N1b3/2R5/5b2/P7/1P3PPP/7K w - - 1 30,g2g3 e6h3 c5c1 f4c1,1862,75,86,184,advantage endgame quietMove short,https://lichess.org/KmTVU8Fo#59,
00NEO,4qr2/pR1b2pk/5p1p/4pPP1/3bB3/3P3Q/P1r4P/4BR1K b - - 0 24,d7c6 h3h6 h7g8 h6g7,1863,79,93,1823,mate mateIn2 middlegame pin short,https://lichess.org/43Kqr7qG/black#48,
00MDy,8/pp6/2p1k3/2Pp2pp/1P1P1p2/P2K1P2/6PP/8 w - - 0 42,g2g3 f4g3 h2g3 h5h4 g3h4 g5h4,1864,76,97,2732,crushing endgame long pawnEndgame,https://lichess.org/LQDmrg5w#83,
00dyB,2rq1r2/4pBkp/pn1P1bp1/1p2N3/3PR3/P4Q2/1P3PPP/3R2K1 w - - 1 25,f7e6 f6e5 d6e7 d8e7 f3e3 e7e6,1865,75,83,215,advantage long master middlegame,https://lichess.org/DAndMjSb#49,
00kDo,8/5ppk/6qp/P1p1p3/2B4Q/1P2PbP1/5P1P/6K1 w - - 1 37,a5a6 g6b1 c4f1 f3e2 h4h3 e2a6,1868,75,87,689,advantage endgame long pin,https://lichess.org/dYy9DNqE#73,
00fba,3r2k1/p3qp1p/6p1/P7/3r4/2Q4P/n4PP1/1RR2BK1 w - - 2 31,c3c7 d4d7 c7c5 a2c1 c5e7 d7e7,1870,75,94,8437,crushing long master middlegame,https://lichess.org/PuG50RPy#61,
00n9d,8/8/p5p1/1p3P1p/4K2P/k3P3/8/8 b - - 0 56,b5b4 f5f6 b4b3 f6f7 a3a2 f7f8q,1871,77,100,465,endgame,https://lichess.org/SUDR38Yd/black#112,
0195f,2b2rk1/2Q2ppp/p3pq2/1p6/6n1/PP3PN1/6PP/3R1BK1 b - - 0 24,g4e3 g3e4 f6h4 g2g3,1877,74,90,2310,advantage middlegame short,https://lichess.org/AQvgwH6B/black#48,
00bPT,2k2Q2/pp2pp2/3p1n2/2pP4/2P1P3/2q2PK1/8/5B2 b - - 1 33,c8d7 f1h3 d7c7 f8e7,1878,76,92,317,advantage deflection endgame short,https://lichess.org/SC9ZvmmO/black#66,
00QN3,r1b1B2k/pp4pp/2pb4/4q3/8/8/PPP3PP/R2Q1R1K w - - 1 17,g2g3 e5e4 d1f3 e4e8,1880,77,87,203,advantage fork middlegame short,https://lichess.org/uMpuXTye#33,Blackmar-Diemer_Gambit_Accepted Blackmar-Diemer_Gambit_Accepted_Euwe_Defense
00Rue,r2qkb1r/pp1nppp1/2p2n1p/3p1b2/3P4/BP2PN2/P1P2PPP/RN1QKB1R w KQkq - 2 7,c2c4 f5b1 a1b1 d8a5 b3b4 a5a3,1880,73,95,18906,advantage fork long opening,https://lichess.org/tgFzBrLu#13,Nimzo-Larsen_Attack Nimzo-Larsen_Attack_Classical_Variation
00hSW,2R5/4b1pk/1r5p/2pPN3/1p2P3/3P4/4K1PP/8 w - - 1 39,e5d7 b4b3 d5d6 e7d6 d7b6 b3b2 b6c4 b2b1q,1882,77,94,12511,advancedPawn advantage endgame master promotion sacrifice veryLong,https://lichess.org/56G5UTGb#77,
011N0,r5k1/p1pN1p2/1p1b2p1/3p1n2/3P4/2P3Pq/P2Q1P1P/1R2R1K1 w - - 3 23,e1e2 f5h4 d7f6 g8g7,1882,76,89,487,advantage defensiveMove middlegame quietMove short,https://lichess.org/Yf2OQhf9#45,
01F65,8/8/8/8/8/3K1p1k/5P2/8 b - - 3 63,h3h2 d3e4 h2g2 e4e3,1883,76,87,289,crushing endgame pawnEndgame short zugzwang,https://lichess.org/2vUQQCwY/black#126,
01H66,4r3/6K1/8/5RP1/1PpP4/P1P3k1/8/4b3 w - - 5 52,f5e5 e8e5 d4e5 e1c3 g7g6 c3e5 g6f5 c4c3 f5e5 c3c2 g5g6 c2c1q,1883,75,96,4463,advancedPawn crushing endgame pin promotion veryLong,https://lichess.org/ycrq3HDe#103,
01YlD,8/8/P6p/1N1b4/5k2/7K/3r4/R7 w - - 0 48,a6a7 d5e6 h3h4 d2h2,1883,77,96,1818,endgame mate mateIn2 short,https://lichess.org/fnki0BgO#95,
00yzf,3rk3/3N2R1/4P1pr/3pP3/2p5/6p1/PP6/2K5 b - - 3 29,g3g2 d7f6 e8f8 g7f7,1884,77,94,3744,endgame mate mateIn2 short vukovicMate,https://lichess.org/OIVHVypq/black#58,
01B8h,r1b1r3/1p1p2k1/pq1P2p1/3nP1B1/8/4R3/PP4PP/2R1Q1K1 b - - 2 26,d5e3 g5e3 e8e5 e3b6 e5e1 c1e1,1884,76,94,1137,advantage long middlegame,https://lichess.org/6aFTbkwq/black#52,
00bFH,4r1k1/1q3ppp/3B1n2/p2P4/8/Pp3Q1P/5PPN/1R4K1 w - - 0 27,f3b3 e8e1 b1e1 b7b3,1885,82,100,114,deflection equality middlegame short,https://lichess.org/E8lzVecv#53,
01a5v,4r2k/R7/1p6/5ppp/3P1P1K/4P3/PP2QPq1/2R5 w - - 0 32,f4g5 g2h2,1885,81,83,806,endgame mate mateIn1 oneMove,https://lichess.org/NLOK8h0L#63,
01gjj,2r5/6k1/R7/P3p3/4P3/KP1qB3/1P3P2/8 b - - 0 37,c8c5 a6a7 g7f6 e3c5,1887,76,93,836,crushing endgame short,https://lichess.org/7onzRGb1/black#74,
01Vmt,6k1/3p1p1p/2n1p1p1/3q4/4N3/r3PP2/2Q1K1PP/1R6 b - - 2 22,g8g7 c2b2 c6d4 b2d4 d5d4 e3d4,1887,77,91,1270,advantage endgame fork long,https://lichess.org/5s5sChtc/black#44,
01GAH,2n1k3/p7/1q1b1p2/n3pP2/b2pP3/1p1P4/1P1BN3/3QNB1K b - - 1 26,b6c7 d1a1 c7d7 d2a5,1889,74,87,747,advantage master middlegame short,https://lichess.org/NwwqQHc2/black#52,
001uD,6k1/1p3pp1/1p5p/2r1p3/2n5/r3PN2/2RnNPPP/2R3K1 b - - 1 32,f7f6 f3d2 c4d2 c2d2 c5c1 e2c1,1890,79,92,989,advantage long middlegame,https://lichess.org/2qkVLUl6/black#64,
00qD8,8/1Q3Rkp/p5p1/1p2q3/2p5/P6P/1b2r1P1/7K b - - 0 37,g7h6 f7h7 h6g5 h3h4 g5f5 b7f3,1890,77,100,251,advantage endgame long,https://lichess.org/tardCB5L/black#74,
00xNH,r2qr1k1/p4ppp/2p2n2/3p2B1/6b1/2NQ1N1P/PPP2bP1/2KR3R b - - 0 14,e8e3 g5e3 f2e3 d3e3,1890,75,88,1002,crushing middlegame short,https://lichess.org/69SEvfvy/black#28,Sicilian_Defense Sicilian_Defense_Old_Sicilian
01Qia,1k4rr/pp3p2/b3p1q1/3p4/6R1/Q6P/PPP2PP1/4R1K1 b - - 4 27,g6c2 a3g3 e6e5 g4g8 h8g8 g3g8,1890,74,96,3763,crushing long middlegame pin,https://lichess.org/JJboyzp6/black#54,
01Rl0,r2qr1k1/ppp3bp/3p2p1/2n3P1/8/2PBPQ2/P1P1KP2/R6R b - - 0 17,e8f8 d3c4 d6d5 c4d5 d8d5 f3d5,1893,76,88,380,crushing kingsideAttack long middlegame,https://lichess.org/e6tLMWBw/black#34,Indian_Defense Indian_Defense_Other_variations
019uR,8/4r2k/6p1/8/4qP1p/1P2pR1P/P3Q1PK/8 w - - 0 49,g2g4 e4f3 e2f3 e3e2 f3c3 e2e1q c3e1 e7e1,1894,77,93,838,advancedPawn crushing endgame promotion sacrifice veryLong,https://lichess.org/bDHhoBNV#97,
00798,6K1/4k3/4P3/6pp/6rP/4R1P1/8/8 w - - 0 60,g8g7 g5h4 g7h6 h4g3,1895,77,88,553,crushing discoveredAttack endgame rookEndgame short,https://lichess.org/4DOjQjiM#119,
00Qm5,r2q1rk1/p3b1pp/2p5/4ppB1/4p1nP/2N5/PPP1QPP1/3R1RK1 b - - 8 15,d8c7 e2c4 g8h8 c3d5 c6d5 c4c7,1896,77,93,8943,crushing long middlegame,https://lichess.org/8fF68Ntt/black#30,Queens_Pawn_Game Queens_Pawn_Game_Morris_Countergambit
017qg,8/5R1P/3k2p1/4p3/4P1P1/8/p4p1K/r7 w - - 0 46,h7h8q a1h1 h2h1 a2a1q h1g2 a1g1,1896,78,94,1129,advancedPawn attraction crushing endgame exposedKing long promotion queenRookEndgame,https://lichess.org/n2AOBjIy#91,
00JqT,2r2rk1/pp2R3/5p2/3p1q2/3P4/4QPPp/PP3R1P/6K1 w - - 2 30,g3g4 f5b1 f2f1 b1b2 e3e6 g8h8,1897,75,98,751,crushing deflection endgame long,https://lichess.org/HwVtqWsg#59,
01Wnj,5rk1/p4ppp/1pQ5/2b1P3/8/P4N2/1Pq2PPP/4R1K1 w - - 1 28,c6b5 c5f2 g1f1 f2e1,1897,75,89,928,crushing endgame fork master short,https://lichess.org/pqbezA5x#55,
00cxg,r2qk2r/1p2bpp1/p2pp3/8/4b2P/4B3/PPPQB3/2K3RR b kq - 1 17,g7g6 d2d4 e4h1 d4h8 e8d7 h8d8,1900,75,95,2627,advantage fork long middlegame,https://lichess.org/gegRTD5O/black#34,Sicilian_Defense Sicilian_Defense_Najdorf_Variation
01M1X,4r3/4bpkp/3p2pN/4P1P1/1p2qn1P/5N2/1P1Q1P2/3R2K1 w - - 0 30,e5d6 e4f3 d2d4 f7f6,1900,77,93,4696,crushing hangingPiece middlegame short,https://lichess.org/7Ybap0Fs#59,
01jBT,2r3k1/pp3ppp/5n2/3p4/3P4/1P3QP1/PB3RB1/4q1K1 w - - 3 23,g1h2 e1f2 f3f2 f6g4 h2g1 g4f2,1901,79,93,570,advantage attraction fork long middlegame sacrifice,https://lichess.org/uLZlrjWQ#45,
01FId,2rr4/1Q3p1k/6pp/p4q2/8/2P1R1R1/P4PK1/8 b - - 5 38,d8d2 e3f3 d2b2 b7b2,1902,74,94,5711,crushing endgame short,https://lichess.org/8yPoEYjy/black#76,
0018P,5R2/1p6/p1p5/2P1rk2/2K3p1/2P1p1P1/1P5P/8 b - - 1 44,f5e6 f8e8 e6f5 e8e5 f5e5 c4d3 e5d5 d3e3 a6a5 e3f4 d5c4 f4g4,1903,77,91,246,crushing endgame exposedKing rookEndgame veryLong,https://lichess.org/Xg1Gtfjr/black#88,
00SIq,r3r1k1/1Q3ppp/8/pP6/2q5/7P/3R2P1/5R1K w - - 0 30,f1f7 c4f7 b7f7 g8f7,1903,75,83,247,crushing endgame short,https://lichess.org/WCK83FsZ#59,
01UH3,2r1kb1r/ppq2ppp/2n1p3/3pPn2/N2P4/4BN2/PP2QPPP/2R2RK1 w k - 9 14,c1c2 c6d4 f3d4 f5d4 e3d4 c7c2 e2b5 c2c6,1904,75,95,10165,crushing fork master middlegame veryLong,https://lichess.org/E4vbCZEr#27,French_Defense French_Defense_Advance_Variation
014K4,8/7p/5kpP/p4p2/8/2bR4/P2p1PP1/6K1 w - - 4 44,d3d6 f6e5 d6d3 e5e4,1905,76,92,505,crushing defensiveMove endgame short,https://lichess.org/Nsm0s8cz#87,
00plb,8/1p6/p1p3r1/1kP5/7R/5P1P/5K2/8 w - - 0 54,h4g4 g6g4 f3g4 b5c5,1908,76,89,698,crushing endgame rookEndgame short,https://lichess.org/5wrsvEX6#107,
01Rax,6k1/1p6/p2p1N2/P1pPp3/2P1Pbp1/1P6/6K1/8 b - - 0 42,g8g7 f6e8 g7f8 e8d6,1908,75,95,13665,crushing endgame short,https://lichess.org/szQCm5Dn/black#84,
01WwV,8/8/8/3KPk2/p7/1pP5/1P6/8 w - - 0 45,d5d6 a4a3 e5e6 a3b2 e6e7 b2b1q,1908,75,95,1863,advancedPawn crushing endgame long pawnEndgame promotion,https://lichess.org/D9oY4dkR#89,
00CXr,r2k2nr/pp2qBb1/3p3p/Q5p1/3n1B2/2N2R2/PPP3P1/R5K1 b - - 1 18,b7b6 a5d5 d4f3 g2f3 a8c8 f4d6,1909,75,91,1795,advantage long middlegame sacrifice,https://lichess.org/sr8OoFsx/black#36,Kings_Gambit_Accepted Kings_Gambit_Accepted_Fischer_Defense
00nAo,8/p2k4/2p5/8/Q7/2B2p2/PP1K1q2/8 w - - 0 40,d2d3 f2e2 d3d4 f3f2 a4a7 d7e6,1909,81,92,204,advancedPawn crushing defensiveMove endgame long,https://lichess.org/r4wGrlgZ#79,
01PIs,r7/6kp/5rp1/K2Bn3/4P3/2P3b1/PP1B2P1/R6R w - - 1 33,a5b4 f6b6 b4c5 g3f2 d2e3 f2e3,1909,75,88,596,long mate mateIn3 middlegame,https://lichess.org/cGPyOmEJ#65,
00zI4,r2q1rk1/pb3ppp/1p2p3/2nn4/8/P1N1PN2/1P1Q1PPP/1BR1K2R b K - 1 13,c5b3 d2c2 g7g6 c2b3,1911,75,96,2676,crushing opening short,https://lichess.org/z6EaD3I9/black#26,Queens_Gambit_Declined Queens_Gambit_Declined_Other_variations
01AEw,5r2/p1p2p1k/5p1p/3Qp3/1b2P3/1P3P2/P1P1q2P/2KR2R1 w - - 3 26,d5c4 b4a3 c1b1 e2c4 b3c4 f8b8 b1a1 a3b2,1911,76,91,776,advantage endgame queensideAttack veryLong,https://lichess.org/hrqeWyLX#51,
008Sk,8/6pp/3Bp2k/p2pP2P/P2bp1PK/8/r7/5R2 b - - 2 37,d4f2 f1f2 g7g5 h4g3 a2f2 g3f2,1912,79,94,15161,crushing endgame long,https://lichess.org/rah6MiKa/black#74,
00H87,6k1/2q1pp2/p5pB/2p4n/3pP1Q1/P2P3P/1r4P1/5RK1 b - - 1 30,c7g3 g4c8 g8h7 f1f7 h5g7 f7g7 h7h6 c8h8 h6g5 g7g6 g5g6 h8g8 g6f6 g8g3,1912,76,88,422,attraction crushing deflection endgame sacrifice skewer veryLong,https://lichess.org/hQEAqclb/black#60,
00kSx,r1bq3k/pppnp2r/5nQb/3p4/8/3B1N2/PPPP1PPP/RNB1K2R w KQ - 2 11,f3g5 d7e5 g6h6 h7h6,1912,75,83,146,advantage opening short trappedPiece,https://lichess.org/cOCnU5Ub#21,Duras_Gambit Duras_Gambit_Other_variations
00m47,rn1r2k1/pp2qppp/4pn2/6B1/2B1b2N/8/PPP1QPPP/2KR3R b - - 7 15,e4c6 h4f5 d8d1 h1d1,1913,75,88,196,crushing middlegame short,https://lichess.org/NdpM8N8n/black#30,Scandinavian_Defense Scandinavian_Defense_Main_Line
01HAa,r1bq3r/1np1k1b1/pp1p3p/3Pp2B/2P1Pp1Q/2N5/PP1N2PP/R4RK1 b - - 5 19,e7d7 h4g4 d7e7 g4g7,1913,78,86,288,fork mate mateIn2 middlegame short,https://lichess.org/duha46pd/black#38,
01Z4Y,2r2rk1/3b1p1p/3p3P/p2Np1q1/1p2Q3/8/PPP5/1K1R3R b - - 1 23,d7f5 e4f5 g5f5 d5e7 g8h8 e7f5,1913,79,92,6291,attraction crushing fork long middlegame sacrifice,https://lichess.org/lewmaBBy/black#46,
017qV,2Q5/1p4pk/p6p/2P5/P5KP/1q4P1/8/8 w - - 2 52,c5c6 b3a4 g4h3 a4c6,1916,75,91,662,crushing endgame queenEndgame short,https://lichess.org/e3kBUIph#103,
01G5k,8/b6p/P1K2k2/2p3p1/6P1/8/1P3P2/8 b - - 1 49,f6e5 c6b7 e5d6 b7a7 d6c7 b2b3 h7h6 f2f3,1916,74,86,376,bishopEndgame crushing defensiveMove endgame quietMove trappedPiece veryLong zugzwang,https://lichess.org/1wwwMKcH/black#98,
00rhJ,2r2rk1/pb3ppp/1p4q1/4P3/3P4/P7/BP2Q1PP/4RR1K w - - 1 21,e5e6 c8c2 e6f7 g8h8,1918,75,88,291,advantage defensiveMove middlegame short,https://lichess.org/MpURgVDM#41,
00e7H,8/7p/p1p4k/1p1p4/3Qpq2/2P2NpP/PP4K1/8 w - - 0 44,f3d2 c6c5 d4c5 f4d2,1919,75,94,14297,advantage deflection endgame master masterVsMaster short,https://lichess.org/DTE43D0V#87,
017u3,r2qk2r/4bppp/p3bn2/1p2N3/5B2/2N5/PP3PPP/R2QR1K1 b kq - 1 19,e8g8 e5c6 d8e8 c6e7 e8e7 f4d6 e7d8 d6f8,1919,75,94,10538,advantage kingsideAttack opening skewer veryLong,https://lichess.org/zSJZUzqR/black#38,Caro-Kann_Defense Caro-Kann_Defense_Exchange_Variation
006om,1r3k2/5p1p/2p1pp2/P2n4/2r1N3/P4PK1/2R2P1P/2R5 b - - 9 29,c4a4 e4c5 a4a5 c5d7 f8g7 d7b8,1921,74,95,9357,crushing endgame fork long master,https://lichess.org/BMIgw1OR/black#58,
017Wg,2r5/pp3pkp/5np1/1q6/2N5/1P5P/PQ3PP1/2R3K1 w - - 3 28,c1d1 c8c4 d1d6 c4f4,1922,77,89,230,advantage endgame short,https://lichess.org/gCZYiLpw#55,
01h1x,7r/p5pp/2p1b3/N2k4/3p4/8/Pr3PPP/2R1R1K1 b - - 1 26,c6c5 a5c4 b2a2 e1e5 d5c6 e5e6,1923,75,92,345,advantage deflection endgame long,https://lichess.org/yvyXkZ5v/black#52,
00rHa,2kr3r/pp2nppp/4p3/2PpP3/bn1N2Q1/q1N5/2PB1PPP/1K1R1B1R w - - 4 14,f1b5 a4c2 d4c2 a3b3 b1a1 b4c2,1924,76,80,159,deflection fork long mate mateIn3 middlegame sacrifice,https://lichess.org/e3RK92Rx#27,French_Defense French_Defense_Winawer_Variation
00zOQ,2r3k1/p7/7p/1p4p1/6R1/3B1q1P/2P4P/2B3RK w - - 6 35,g1g2 c8e8 c1d2 f3d1 g2g1 d1d2,1925,75,90,781,advantage deflection endgame long quietMove,https://lichess.org/SQjfd0KV#69,
00WVK,k7/7R/p1P5/4K3/1P6/r6p/8/8 b - - 2 51,a3b3 h7h8 a8a7 c6c7,1926,75,88,376,advancedPawn crushing endgame master rookEndgame short,https://lichess.org/CMbwiChz/black#102,
00zDb,8/1pk1q3/1n3p2/2r2Pp1/p2QP2p/PB3P2/KP4P1/3R4 w - - 0 36,b3a4 c5c4 d4d3 c4a4,1926,78,89,266,advantage endgame interference master masterVsMaster short,https://lichess.org/QzK6TTSA#71,
0116f,r3k1r1/2pq1p2/p2p1R2/4p1np/P1B1P1b1/2NPP3/2P3PP/R3Q1K1 w q - 1 19,h2h4 g5f3 g1f1 f3e1,1927,76,84,148,advantage kingsideAttack middlegame short,https://lichess.org/daJy5C0V#37,
012uN,8/p2n1k2/5P2/5KPP/2P5/8/n7/8 b - - 1 49,a2c3 g5g6 f7f8 h5h6,1929,75,88,336,crushing endgame knightEndgame short,https://lichess.org/wCxVSTya/black#98,
013Kj,2r2rk1/pp2qp2/4p3/3p2P1/3P4/P1N4Q/1PP5/1R4K1 b - - 0 30,e7g5 g1h1 g5g6 b1g1 g8g7 g1g6,1929,75,94,9894,advantage clearance defensiveMove endgame long master pin,https://lichess.org/4AEbIHFo/black#60,
01Qs6,6k1/1N3ppp/p1PK4/8/4p3/7P/8/1r6 b - - 0 43,e4e3 c6c7 b1d1 d6c6 h7h6 c7c8q,1933,77,89,507,advancedPawn advantage defensiveMove endgame long promotion,https://lichess.org/PobTSlWC/black#86,
00eak,4r1k1/5pp1/5n1p/P5r1/7q/1QP1p1PP/1P3P2/R3RBK1 w - - 0 27,g1h2 f6g4 h2g2 g4f2,1937,78,92,2126,crushing middlegame pin short,https://lichess.org/FQ3hbxjY#53,
01H6V,8/RR4pk/6r1/7p/P3KP1P/4P1P1/1pr5/8 w - - 0 50,e4f3 c2c7 b7b2 c7a7,1938,76,94,3544,advantage endgame master rookEndgame short,https://lichess.org/rHuUZ772#99,
01ifd,3bB1k1/1q1P1p1p/6p1/p3B3/Pp2n3/2r4P/4QPP1/3RR1K1 w - - 1 33,e2f3 c3f3 g2f3 e4g5,1938,75,80,189,crushing middlegame short,https://lichess.org/ffSXfkk2#65,
01IZP,6k1/pp1b2pp/2p1p3/3pq3/4P3/3B1r1P/PPPQ4/2K1R3 b - - 0 20,d5e4 d3e4 e5f4 e4f3 f4d2 c1d2,1939,75,80,115,advantage endgame long,https://lichess.org/dwmbWkIJ/black#40,
00v6q,2Q1k3/4qpp1/2pr4/2Np4/3P4/7P/P1P3P1/6K1 b - - 4 34,e7d8 c5b7 d8c8 b7d6 e8d7 d6c8,1940,77,88,218,crushing endgame fork long master sacrifice,https://lichess.org/EWyPP874/black#68,
00FF5,r3k3/ppp1qp2/1b1p3p/4p2r/2B1P1b1/P1PP1P2/1P4PQ/RN3R1K b q - 2 18,e7h4 c4f7 e8e7 f7h5,1942,77,92,4698,attackingF2F7 crushing middlegame short,https://lichess.org/YBDgjNpz/black#36,Italian_Game Italian_Game_Giuoco_Pianissimo
00hUl,2kr4/1pq2p2/p3p1p1/2b1n2p/Q1P2B2/7P/P3BPP1/1R4K1 b - - 1 24,c5d6 c4c5 c7c6 a4c6,1942,74,88,1079,crushing middlegame queensideAttack short,https://lichess.org/YyZRpbZ3/black#48,
01UsT,r3r1k1/pp2qp1p/3b2p1/3p4/3P2n1/1PN5/PBP1BPPP/R2QK2R w KQ - 6 15,h2h3 g4f2 e1f2 e7e3 f2f1 d6g3,1942,78,94,12287,advantage attackingF2F7 attraction defensiveMove long middlegame sacrifice,https://lichess.org/WC1zB0Po#29,Zukertort_Opening Zukertort_Opening_Nimzo-Larsen_Variation
01Yo5,4rrk1/p5p1/1p3n1p/2pPB1q1/2P1Q3/7P/P4PP1/4RRK1 w - - 1 27,e4d3 e8e5 f2f4 g5f5 d3f5 e5f5,1943,74,91,554,advantage long middlegame,https://lichess.org/2GHMoSuS#53,
00Yuf,5rk1/n1q2ppp/1p1bpn2/1B1p1b2/NP1P4/P3PN2/3B1PPP/3Q1RK1 w - - 0 19,b5e2 f5c2 d1a1 c2a4,1945,72,95,17477,advantage interference middlegame short,https://lichess.org/1vvu6Sdh#37,Slav_Defense Slav_Defense_Quiet_Variation
01AcF,8/6k1/4pRP1/3pPp2/2r2K2/2P5/8/8 w - - 1 43,f4g3 c4g4 g3f3 g4g6,1946,75,100,1004,crushing endgame rookEndgame short,https://lichess.org/w0lYZRoX#85,
01k6e,r3kb1r/pq1b1ppp/Bp1Bp1n1/3pn3/QP6/2P2N2/P4PPP/RN3RK1 w kq - 0 15,a6b7 e5f3 g2f3 d7a4,1946,77,92,689,advantage middlegame short,https://lichess.org/eXwVK7kS#29,French_Defense French_Defense_Advance_Variation
00UI2,2r3nr/p5pp/b3kp2/3p4/4p3/BP3P2/P1PN2PP/2KR3R b - - 0 18,f6f5 f3e4 f5e4 d2e4 d5e4 d1d6 e6f7 d6a6,1947,75,94,6359,clearance crushing fork middlegame sacrifice veryLong,https://lichess.org/eellQ95m/black#36,Nimzo-Larsen_Attack Nimzo-Larsen_Attack_English_Variation
00nxI,r3kbnr/p2n2pp/2pp2q1/4P2b/2P1Pp2/P1N2N1P/4BP1R/1RBQK3 b kq - 0 21,d7e5 f3e5 g6g1 e1d2 g1d1 e2d1,1948,75,86,750,advantage long middlegame,https://lichess.org/37X7my2n/black#42,
0068D,7r/pppk4/2pb1r2/8/2NP2p1/2P5/PP2RPP1/4R1K1 w - - 2 26,c4d6 f6h6 f2f4 g4g3 e2e7 d7d6 g1f1 h6h1,1949,77,92,731,crushing endgame veryLong,https://lichess.org/WNAZgV2o#51,
00slx,8/6r1/3kpRp1/6Pp/3K1P1P/8/8/8 b - - 0 61,d6e7 d4e5 g7g8 f6e6 e7f7 f4f5,1949,75,93,12387,crushing endgame long rookEndgame,https://lichess.org/usaxh789/black#122,
009XT,rn1qk2r/pp3ppp/3bp1b1/3p4/3Pn2N/3BB3/PPP2PPP/RN1Q1RK1 w kq - 4 10,h4g6 d6h2 g1h1 h7g6,1950,72,93,16855,crushing intermezzo opening short,https://lichess.org/bf23N8Ng#19,Caro-Kann_Defense Caro-Kann_Defense_Exchange_Variation
00UJF,2kr2r1/3q1p2/pp1b1n1p/2pP4/2Pp1B2/PQ1P3P/4B1PK/R4R2 w - - 2 21,f4d6 d7d6 h2g1 g8g2 g1g2 d8g8 e2g4 f6g4,1950,78,92,615,attraction crushing middlegame veryLong,https://lichess.org/IIkRogjy#41,
00lUJ,8/4k3/5pK1/1p2p2P/2p2b2/5P2/1PB5/8 b - - 3 34,e7e6 h5h6 f4h6 g6h6,1952,76,87,410,bishopEndgame crushing endgame short,https://lichess.org/1ROfM0IO/black#68,
016b0,r5k1/p2Q1pp1/1p2P1rp/2p5/P1Pp4/5q2/1P3P1P/3RRK2 b - - 0 31,g6g2 d7f7 f3f7 e6f7 g8f7 f1g2,1952,75,96,2100,advancedPawn advantage endgame kingsideAttack long,https://lichess.org/C1u2znVn/black#62,
00aa9,6k1/7p/6p1/5p2/5PP1/7P/1p6/1K6 w - - 0 42,b1b2 f5g4 h3g4 h7h5 g4h5 g6h5,1953,78,93,1362,crushing endgame long pawnEndgame,https://lichess.org/AEsi0Sed#83,
01aI3,r1q1r1k1/1b1p1p1p/p1nBp1p1/1p4P1/4B2P/2PQ2P1/P1P5/R4RK1 b - - 0 19,c6e7 d3f3 e7f5 e4b7,1953,79,91,1839,crushing middlegame short,https://lichess.org/RDPtH98N/black#38,Sicilian_Defense Sicilian_Defense_Pin_Variation
00ynV,3r3r/1p3pk1/1q3NpR/p7/2B5/2P2Q2/1PK2PP1/8 b - - 0 30,h8h6 f6e8 g7h8 f3f7 d8d2 c2d2,1954,75,100,221,endgame,https://lichess.org/oQvJjKHd/black#60,
01kKD,2k3rr/pp1q1p2/3p1p2/1p1N4/1P1QP2p/P4b2/2P2PPP/R4RK1 w - - 2 20,g2g3 d7h3 d4c3 c8b8 c3c7 b8a8 c7d8 g8d8,1957,78,95,3968,crushing defensiveMove middlegame veryLong,https://lichess.org/NU6fOwPQ#39,
01TDT,r3r1k1/ppqN2p1/2pb1p1p/5b2/3PRP1B/2P4P/PPQN2P1/R5K1 b - - 0 18,f5e4 d7f6 g7f6 d2e4 e8e4 c2e4,1957,77,90,223,advantage intermezzo kingsideAttack long middlegame,https://lichess.org/MMJHlgLj/black#36,French_Defense French_Defense_Exchange_Variation
00YjD,8/8/2p5/5k2/3R2p1/1P1P2K1/2r5/8 w - - 0 38,d4c4 c2c4 d3c4 c6c5 b3b4 c5b4,1958,76,100,638,crushing endgame long quietMove rookEndgame,https://lichess.org/LDzUjuLQ#75,
01Cry,3r2k1/1pq2pbp/3r2p1/1QnB4/8/4P2P/PP3PP1/1RBR2K1 w - - 3 24,b5c4 b7b5 c4c2 d6d5 d1d5 d8d5,1958,81,92,532,advantage long middlegame,https://lichess.org/lpZHNbz6#47,
01g9c,r4rk1/ppq3pp/8/3pn1B1/8/3B1N1b/PP2NKPb/2RQR3 w - - 0 19,c1c7 e5g4 f2f1 f8f3,1961,76,95,3773,deflection mate mateIn2 middlegame pillsburysMate pin short,https://lichess.org/3lzZihNd#37,
00VNr,5rk1/npp3p1/p3pr1p/2b5/3NR3/4B2P/PPP2PP1/R5K1 w - - 5 22,e4e6 c5d4 e6f6 d4f6 e3a7 b7b6,1962,74,93,2704,crushing defensiveMove long middlegame,https://lichess.org/fNuigLTb#43,
00xDW,7k/5Bp1/3p3p/8/4P1n1/r1rP4/6PP/1R1R2K1 b - - 0 36,c3d3 d1d3 a3d3 f7g6,1963,76,92,3101,crushing defensiveMove endgame short,https://lichess.org/wblYR1Kt/black#72,
01312,8/pp6/8/2pp1k1P/8/2P3K1/PP6/8 b - - 0 39,d5d4 c3d4 c5d4 g3f3,1964,82,91,927,crushing defensiveMove endgame pawnEndgame short,https://lichess.org/9U62VOsr/black#78,
00A5m,8/1p6/p1p2p2/P3b3/1PK3P1/2PBk3/8/8 b - - 3 60,e3d2 d3f5 e5c7 f5c8 b7b6 a5b6 c7b6 c8a6,1965,77,90,636,bishopEndgame crushing endgame quietMove veryLong,https://lichess.org/Y4Ftfosz/black#120,
015qm,r2q3r/5k2/R2Pp3/1pbR2pp/8/1P4B1/1P2QPPP/6K1 b - - 0 22,e6d5 a6a8 d8a8 e2e7 f7g6 e7e6,1969,76,80,248,advantage exposedKing long master middlegame,https://lichess.org/ZaaeYWsF/black#44,
00xyk,3r1rk1/1b1n1qn1/pp1Q2p1/2p3Pp/P1P1Pp1N/2P2B1P/5B1K/R4R2 b - - 1 25,d7e5 d6e5 d8e8 e5d6,1970,75,84,234,advantage hangingPiece middlegame short,https://lichess.org/tXpGxaU8/black#50,
00yyG,8/4p1k1/p2pRq2/3P1p2/6r1/1P4Q1/4PP2/6K1 w - - 4 39,e6f6 g4g3 g1h2 g7f6 h2g3 f6e5,1970,75,88,248,crushing endgame intermezzo long master,https://lichess.org/VKkNCGtE#77,
001kG,rnbq3r/1p2bkpp/p4n2/8/2pNP3/2N5/PPP3PP/R1BQ1RK1 b - - 1 11,e7c5 d1h5 f7g8 h5c5,1974,76,93,1232,advantage opening pin short,https://lichess.org/xXAEaVto/black#22,Sicilian_Defense Sicilian_Defense_Najdorf_Variation
005f3,r5k1/2p1pp2/pp4p1/1q1r4/5P2/2QP2R1/PP6/1K4R1 b - - 0 32,d5h5 g3g6 f7g6 g1g6 g8f7 c3g7 f7e8 g7g8 e8d7 g8e6 d7d8 g6g8,1974,73,95,16410,crushing endgame sacrifice veryLong,https://lichess.org/Prb24UzR/black#64,
008lc,7k/pb1qn2n/1p2R2Q/2p2p2/2Pp4/3B4/PP3PrP/4RK2 b - - 1 27,g2g7 h6g7 h8g7 e6e7 d7e7 e1e7,1974,79,93,2220,attraction crushing exposedKing fork long middlegame,https://lichess.org/UdZXrVA5/black#54,
00dTd,3r4/ppp1Q3/1b2kP2/8/4qp2/P1Pr4/1P3P2/1K2N3 b - - 5 31,e6d5 e7d8 d5c6 e1d3,1976,86,90,1051,advantage endgame hangingPiece short,https://lichess.org/UVi7iEcB/black#62,
00eTD,r1bq1r2/2p2p1k/pb1p1pnp/1p2p2Q/1P2P2N/P1PP1N2/B4PPP/R4RK1 w - - 6 17,a2f7 g6f4 f7g6 h7g7 h4f5 c8f5,1977,78,91,937,advantage defensiveMove long middlegame,https://lichess.org/KMvmskSd#33,Italian_Game Italian_Game_Giuoco_Pianissimo
009hH,k3r3/p3q3/1pp5/3pnB2/1P1Q4/1KPP4/P4R2/8 w - - 0 41,f2e2 e5f3 e2e7 f3d4 c3d4 e8e7,1980,74,92,342,advantage endgame long,https://lichess.org/LEg5X8PU#81,
01hEW,r1b2rk1/pp2Bpb1/2p3pp/3p1p2/3P4/2q5/P4PPP/R2QRBK1 b - - 1 19,g7d4 a1c1 d4f2 g1f2,1981,75,89,129,advantage middlegame short,https://lichess.org/ubcncpTf/black#38,Pirc_Defense Pirc_Defense_Other_variations
01XoC,8/1q4p1/6kp/3BQ3/5pP1/6b1/4p1K1/8 b - - 17 47,e2e1n g2h3 b7d5 e5d5,1981,75,87,170,crushing defensiveMove endgame master short,https://lichess.org/S7Z0kgOk/black#94,
00Ezc,rnb1k2r/ppp4p/3b1qp1/3P1pBQ/4p2N/2N5/PPP2PPP/R3R1K1 b kq - 1 13,f6f7 c3e4 f5e4 e1e4,1982,75,89,1387,crushing middlegame short,https://lichess.org/DlEjvVuJ/black#26,Russian_Game Russian_Game_Italian_Variation
01KiF,r3kb1r/p1p1qppp/bp2p3/1N1pN3/3P4/PQ6/1P3PPP/R3K2R b KQkq - 0 13,c7c5 b3a4 a6b5 a4b5 e8d8 e5c6 d8c7 c6e7,1982,76,88,213,advantage fork middlegame veryLong,https://lichess.org/d1ijJecI/black#26,Queens_Gambit_Declined Queens_Gambit_Declined_Other_variations
00q6t,q2r2k1/5pbp/p5p1/1p6/2pP1P2/P1N1P1Pb/1P1B1R1P/1Q4K1 b - - 4 21,d8d4 e3d4 g7d4 b1e4 a8e4 c3e4,1989,75,88,207,crushing long middlegame,https://lichess.org/elTDSfzq/black#42,
00JsQ,r1b1k1nr/pp1np2p/2q1Npp1/2P1p3/2B5/2N3B1/PPPR1PPP/2K4R b kq - 2 14,d7c5 d2d8 e8f7 d8f8,1990,78,83,393,mate mateIn2 middlegame short,https://lichess.org/5HP9frAd/black#28,Indian_Defense Indian_Defense_Other_variations
002Ds,8/1pp5/p2p4/P2Pk2p/1PP1p2P/2n1K2P/3N4/8 b - - 0 45,b7b6 b4b5 c3d1 e3e2 a6b5 a5a6,1992,76,90,119,crushing endgame knightEndgame long,https://lichess.org/2SrvOtZN/black#90,
01XDC,r2q1rk1/pp2ppbp/6p1/n1p1N3/2bP1P2/3B4/PP1B2PP/R3QRK1 w - - 0 15,e5c4 a5c4 d3c4 d8d4 f1f2 d4c4,1992,75,84,422,advantage fork long middlegame,https://lichess.org/TXs8oJwt#29,Indian_Defense Indian_Defense_Other_variations
00x5X,7r/Bp1k1ppp/b7/4P3/1b1N4/8/PP3rPP/R2K3R w - - 0 19,d4c2 f2d2 d1c1 h8c8 h1d1 c8c2,1993,75,93,2403,crushing long middlegame pin,https://lichess.org/3zRv22af#37,
00WTN,8/7R/B2k4/2pnp3/P7/3KP3/1r6/8 w - - 1 43,a6c4 e5e4 d3e4 d5f6,1994,75,95,7745,attraction crushing endgame master short,https://lichess.org/BRK2G49n#85,
01AxK,3r4/2kr2qp/pp1pRNp1/n1pP1n2/P1P5/7Q/2P2PPP/4R1K1 b - - 10 26,d7e7 h3f5 g6f5 e6e7 g7e7 e1e7,1994,87,85,176,advantage fork long middlegame,https://lichess.org/QH4PNif5/black#52,
01d0S,5R2/1pQ3pk/1p1p3p/4q3/3pP3/3P3P/1PP3P1/r5K1 w - - 1 23,g1f2 e5g5 f8h8 h7h8 c7c8 h8h7,1994,80,92,1135,crushing endgame long,https://lichess.org/QKS4eZ7Q#45,
00eSU,5r2/p2R4/1p3pk1/PQ4p1/4p1q1/4P1P1/6PK/8 w - - 3 34,a5b6 f8h8 h2g1 g4g3,1996,77,88,172,crushing deflection endgame short,https://lichess.org/RCXs5UcQ#67,
01gUF,2r2rk1/pQ1b1pp1/5n2/6p1/3N4/4P3/P4PPP/2R3K1 w - - 1 26,c1c7 c8c7 b7c7 f8c8 c7c8 d7c8,1998,79,92,827,advantage clearance long master middlegame,https://lichess.org/vte7TFHA#51,
004Ax,8/8/4R1kp/p7/5rPK/8/7P/8 b - - 2 42,g6f7 e6h6 f4f6 h6h7 f7g6 h7a7,1999,81,92,654,crushing endgame exposedKing long rookEndgame,https://lichess.org/x2mMwVJD/black#84,
00baa,1r1qr1k1/p1p2ppp/1p1b1n2/8/3Q4/1PN3P1/PBP1PPKP/R3R3 w - - 1 15,c3d5 d6e5 d5f6 d8f6 d4c4 e5b2,2001,77,94,997,advantage long middlegame skewer,https://lichess.org/6toE70as#29,Zukertort_Opening Zukertort_Opening_Vos_Gambit
00iQH,2r2r2/p4p1k/4q2N/3pn1p1/4p1RQ/2P1P2P/PP4P1/5RK1 w - - 1 27,h6f7 g5h4 f7g5 h7h6 g5e6 f8f1 g1f1 e5g4,2001,78,90,1730,advantage kingsideAttack middlegame veryLong,https://lichess.org/aa99iASm#53,
00OLF,k1r5/n1p3p1/Q2pN3/P2Pp2p/q3Pp1P/2RK4/5PP1/8 w - - 4 36,e6c7 c8c7 c3c7 a4d1 d3c3 d1c1 c3b3 c1c7,2005,77,92,685,crushing endgame sacrifice skewer veryLong,https://lichess.org/REkdb3WG#71,
00MZr,1k5r/ppp5/2p5/3n4/5pQ1/3P1P1r/PPP2K2/5R2 w - - 2 26,f1g1 h3h2 g1g2 d5e3,2007,79,90,1441,crushing endgame short,https://lichess.org/LITlSDhw#51,
0177Y,1r5k/p3p1rp/4R1p1/4Qp2/3P4/1q2P2P/6P1/5RK1 b - - 1 28,b8b7 f1c1 b3e6 e5e6,2007,76,89,221,crushing endgame quietMove short,https://lichess.org/s5gEde7G/black#56,
00Feu,4R1k1/p4r1p/1pp2rp1/8/5B1q/4QP1P/P1P2PK1/8 b - - 2 28,f7f8 f4g5 h4g5 e3g5,2011,77,99,297,crushing endgame fork short,https://lichess.org/IEDYgK0q/black#56,
01Xw1,r2q1r2/3b1pk1/p2p1n2/npp1pPN1/4P1PQ/PBPP3P/2P5/R4RK1 b - - 2 19,f8h8 g5e6 d7e6 h4g5 g7f8 f5e6,2016,81,94,2102,clearance crushing intermezzo long middlegame sacrifice,https://lichess.org/BCbwyihv/black#38,
00K7b,7k/1p4p1/pP1r4/4qp2/P2Nn3/1Q5P/2N3K1/3R4 w - - 4 48,g2f1 e5f4 b3f3 f4f3 d4f3 d6d1,2018,77,94,1467,advantage exposedKing long middlegame,https://lichess.org/svUJgRqK#95,
01iF8,5r1k/1p4pp/p5r1/3P4/3Bb2b/2Q5/PP4PP/R4B1K w - - 11 27,a1e1 f8f1 e1f1 e4g2 h1g1 g2f3,2018,77,90,835,discoveredAttack discoveredCheck fork long mate mateIn3 middlegame pillsburysMate,https://lichess.org/N2fOcxqm#53,
016MG,3r1rk1/2pb1pp1/1pn4p/3Q4/4p1q1/2P3P1/PP2PPBP/R1BR2K1 w - - 1 19,d5e4 d7f5 d1d8 f5e4 d8f8 g8f8,2019,75,89,399,advantage long middlegame,https://lichess.org/AJs536up#37,
01Amj,8/8/8/2p1K3/p7/Bk6/8/8 w - - 1 54,a3c1 a4a3 c1a3 b3a3 e5d5 a3b4,2019,76,95,6875,bishopEndgame crushing defensiveMove endgame long,https://lichess.org/iXkrIxi8#107,
01hsz,r4rk1/pp3ppp/8/2P1q3/1Q1n4/1P2p3/b1PN1PPP/2KR1B1R w - - 0 17,d2c4 d4e2 f1e2 e5a1,2021,77,86,243,clearance mate mateIn2 middlegame queensideAttack sacrifice short,https://lichess.org/VdlMjcA3#33,French_Defense French_Defense_Exchange_Variation
00afi,3r2k1/1p5p/pbbqpr2/3PR3/P5p1/2B2N1P/1PQ2P1P/3R3K b - - 0 26,f6f3 e5g5 g8f8 c2h7 d6h2 h1h2 f3h3 h7h3,2022,77,94,3523,crushing deflection middlegame veryLong,https://lichess.org/VcPyc8y8/black#52,
00j9Q,rnb2r1k/2q2p1p/p2p1bp1/1p2pN2/4P1QN/3B3R/PPP2PPP/R5K1 b - - 1 19,g6f5 h4f5 c8f5 g4f5,2022,77,92,3687,advantage middlegame short,https://lichess.org/SalKpiT9/black#38,Sicilian_Defense Sicilian_Defense_Kan_Variation
00KNK,r3r1k1/p1p4p/3b4/4p1qN/8/1P1b1Q2/P2P1PP1/B5KR b - - 2 22,e5e4 h5f6 g8f8 f6h7 f8e7 a1f6 g5f6 f3f6,2022,83,92,741,advantage deflection discoveredCheck doubleCheck fork middlegame veryLong,https://lichess.org/L8oTZ2cM/black#44,
01fsb,3q1rk1/1R3ppp/r5b1/p1bN4/6P1/5N1P/P1P2P2/3QR1K1 w - - 1 18,b7d7 d8d7 d5f6 a6f6 d1d7 f6f3,2027,74,94,3181,advantage hangingPiece long master middlegame,https://lichess.org/8n74QdMs#35,French_Defense French_Defense_Schlechter_Variation
00lJm,5r1k/ppp1nBp1/3pN3/7p/3P3P/2P2RK1/PP3QP1/1q5r b - - 6 26,f8f7 f3f7 b1d3 f2f3,2032,84,90,1932,advantage hangingPiece middlegame short,https://lichess.org/iXsE09XZ/black#52,
01aM3,2k4r/B1p2p2/1p1b1pb1/P6p/1PB1P1P1/2P2Q1P/1q1r1PK1/R6R w - - 1 23,a5b6 d2f2 f3f2 g6e4 g2g1 b2a1,2036,76,87,127,advantage deflection fork interference long middlegame pin sacrifice,https://lichess.org/EGpArMRn#45,
00C3O,r2qkbnr/pp4pp/2p2p2/4n2b/2B1P3/2N2N2/PPP3PP/R1BQ1RK1 w kq - 0 10,d1e2 h5f3 g2f3 d8d4,2037,80,92,1648,crushing kingsideAttack opening short,https://lichess.org/F4Vo1eZG#19,Kings_Gambit Kings_Gambit_Other_variations
00UqU,2k4r/q5p1/p2rpn1p/8/1RQP4/2P1P3/1P4PP/R5K1 b - - 0 25,a7c7 a1a6 c7c4 b4c4 c8d7 a6a7,2039,76,98,459,advantage exposedKing long middlegame queensideAttack,https://lichess.org/TjspGxP2/black#50,
00A1H,2r3k1/4brp1/2p3b1/2Pp1q1p/3B3P/2P2N2/PP3P1K/R2Q2R1 w - - 1 31,f3g5 f5f4 h2g2 e7g5,2041,84,82,204,crushing middlegame short,https://lichess.org/GeoPB5fa#61,
00hVE,1K6/1p6/2k5/p7/P1p5/2P5/1P6/8 b - - 3 47,b7b5 b8a7 b5b4 a7a6,2041,74,90,304,crushing endgame master pawnEndgame short,https://lichess.org/Joug17uX/black#94,
01jTV,2k4r/ppp3r1/3b1B2/4R3/1P2N1P1/P2P1p2/2P1n2P/5R1K b - - 4 31,d6e5 f6e5 h8h2 e5h2,2043,74,93,7170,crushing master middlegame short,https://lichess.org/7xrSiXWD/black#62,
01Vce,2r4r/6b1/8/1b1pPQ1k/2p2P2/4P3/PP1B3q/2K5 b - - 7 33,h5h4 d2e1 h2g3 f5g5 h4h3 g5g3,2043,73,95,13106,long mate mateIn3 middlegame pin,https://lichess.org/90JQSZJo/black#66,
00p5I,2r4r/1b4k1/2q1p1p1/2p5/1p1pR1QP/pP1P1PP1/P1P5/4R1K1 b - - 0 30,h8h6 e4e6 c6f3 e6e7 g7f8 e1f1 f3f1 g1f1 f8e7 g4g5 e7d7 g5h6,2044,75,94,13070,advantage fork master masterVsMaster middlegame pin veryLong,https://lichess.org/GErJ3bwZ/black#60,
000h0,5rk1/p5p1/3bpr1p/1Pp4q/3pR3/1P1Q1N2/P4PPP/4R1K1 w - - 4 22,e4e6 f6f3 g2f3 h5h2 g1f1 h2h3 f1e2 h3e6,2048,78,89,202,advantage interference kingsideAttack middlegame veryLong,https://lichess.org/OWe6M5dF#43,
00Qog,1r3rk1/pP2qppp/1b3n2/1Q2p3/4P3/2NP1bP1/PP2NP1P/R1B2RK1 w - - 1 15,c1g5 e7e6 e2f4 e5f4,2049,78,92,3658,crushing middlegame short,https://lichess.org/5wfin3S4#29,English_Opening English_Opening_Carls-Bremen_System
0109Y,r3r2Q/p3kpn1/5q2/3p4/1p5P/3B1PR1/PPP2nP1/1K2R3 b - - 6 27,e7d7 d3b5 d7d6 b5e8 a8e8 e1e8,2050,78,90,331,advantage long middlegame skewer,https://lichess.org/VLvS4i1J/black#54,
00GWg,1r1r2k1/pp4pp/2nNb3/2R2p2/2P1p3/8/P4PPP/3BR1K1 w - - 1 26,d6b7 b8b7 c5c6 b7b1 g1f1 d8d1 e1d1 b1d1 f1e2 e6d7,2051,83,91,1130,crushing middlegame veryLong,https://lichess.org/M7Dta3mv#51,
01Lvt,r5k1/pp2p1bp/6p1/8/4N1P1/1q5P/4QP2/3R2K1 b - - 0 25,b3h3 e2c4 g8h8 e4g5 h3g4 c4g4,2052,81,91,2276,crushing endgame long master,https://lichess.org/m1lWojI9/black#50,
0055Y,r1b2rk1/p3pp2/2B4b/2Qpq3/3N2pp/4P3/2P2PPP/1R2K2R b K - 1 23,h6e3 f2e3 e5e3 e1d1,2055,76,80,150,advantage defensiveMove middlegame short,https://lichess.org/7Jpwzowt/black#46,
00aZ3,8/6k1/1n6/1K2p1p1/P5P1/1B3r2/1PP5/8 b - - 1 36,b6d5 b3d5 f3f4 a4a5 e5e4 a5a6 e4e3 a6a7,2055,84,88,748,advancedPawn crushing endgame hangingPiece quietMove veryLong,https://lichess.org/0yMvFk5C/black#72,
00JZk,7k/1q5p/3Q2p1/8/P3p3/1p2B2P/1br3P1/R5K1 b - - 0 32,b7f7 a1f1 f7f1 g1f1,2055,81,91,2355,crushing endgame short,https://lichess.org/YuyVHFxe/black#64,
001aK,6k1/5p2/4p3/P1B5/2P4P/4Pnp1/Rb1rN3/5K2 b - - 1 33,d2e2 f1e2 g3g2 e3e4 f3d4 e2f2,2056,75,91,974,crushing endgame hangingPiece long quietMove,https://lichess.org/Epr0AiEh/black#66,
00YYk,2kr2r1/1p1q3p/p1nb4/2p1p3/2N1R3/3P1QP1/PPP5/R1B3K1 b - - 4 22,d8f8 f3f8 g8f8 c4b6 c8c7 b6d7,2061,75,86,904,advantage fork long middlegame sacrifice,https://lichess.org/zIkElcfI/black#44,
01MhR,4r2k/8/p1p3Qp/6p1/1qB3b1/2N3N1/1P4PP/R3r2K w - - 2 31,c4f1 e8e6 a1e1 e6g6,2061,74,88,399,advantage master middlegame pin short,https://lichess.org/Qr4qMzRK#61,
00mF3,1r6/6k1/b2p1p2/2qP1Pp1/1pP1P1P1/3Q4/3BK3/7R w - - 4 38,d3h3 c5c4 e2f2 c4e2 f2g1 e2d1,2062,74,94,2337,crushing endgame exposedKing fork long,https://lichess.org/MmowlWby#75,
00s9T,8/8/p5pp/2k5/2p4P/2K2P2/P5P1/8 w - - 0 41,g2g4 g6g5 h4g5 h6g5,2062,81,89,1199,crushing endgame pawnEndgame short,https://lichess.org/7CRQFCUf#81,
01X47,1r2kr2/4b2p/2p3p1/p2QP3/8/6P1/PPq2BKP/R4R2 w - - 0 34,d5a5 b8b2 a5a8 e7d8,2063,83,82,120,crushing defensiveMove middlegame short,https://lichess.org/oBX4V8iB#67,
014eN,r5k1/1pp3pp/2np3q/p3p3/6n1/1P2PNN1/PBP2PBr/R2Q2K1 w - - 4 19,f3h2 h6h2 g1f1 g4e3 f2e3 a8f8,2065,90,91,1474,advantage kingsideAttack long middlegame,https://lichess.org/i2SoBtXC#37,Russian_Game Russian_Game_Three_Knights_Game
00ziz,8/p1p2k1p/Pp5P/1PPP1K2/3P4/8/8/2b5 b - - 0 45,c1h6 d5d6 c7d6 c5b6,2066,76,90,848,bishopEndgame crushing deflection endgame short,https://lichess.org/wdStyvNQ/black#90,
01cxS,8/8/8/1Pb5/P1k3p1/4p1P1/4K3/4B3 w - - 0 49,e2d1 c4d3 d1c1 d3e2,2067,78,92,211,bishopEndgame crushing endgame short,https://lichess.org/8vbDaFye#97,
00qhV,3r4/1p2k3/2p2pn1/N3p1p1/P3P1Pp/2Pn1P2/1P2K2P/R1B5 w - - 1 21,a5b7 d3c1 a1c1 g6f4,2070,75,80,193,advantage endgame master masterVsMaster short,https://lichess.org/tCkPnOr2#41,
00zrq,7R/6P1/p3p2P/1p2k3/4p3/2Pp4/r5r1/3R3K b - - 2 40,e4e3 g7g8q g2g8 h8g8 e3e2 d1e1,2071,75,82,225,advancedPawn crushing endgame long promotion,https://lichess.org/KXvGlWhK/black#80,
016e7,6r1/p6p/1p1ppk1r/4Np2/2PPnp2/7P/PP2RPPK/3R4 w - - 0 31,e5d3 f4f3 g2f3 e4g5,2071,77,92,1129,advantage endgame master short,https://lichess.org/bLngQf8j#61,
01epa,r2qr1k1/pb2b3/1p2Q1p1/6Bn/2Pp4/8/PP3PPP/3RR1K1 b - - 0 20,g8f8 g5h6 h5g7 e6g6 e7f6 e1e8 d8e8 g6f6,2072,75,87,227,crushing discoveredAttack exposedKing master middlegame pin veryLong,https://lichess.org/E3wWYLrs/black#40,
01QV2,8/pp6/4k3/P4p2/1PP2K2/8/8/8 w - - 1 50,b4b5 e6d6 f4f5 d6c5 f5e6 c5c4 b5b6 a7b6,2072,77,92,1332,crushing endgame master pawnEndgame veryLong,https://lichess.org/74ngzUtJ#99,
0104o,6rk/2QR3p/p5q1/1p6/4n1P1/PP3P2/8/6K1 b - - 0 41,e4g5 c7c3 g6g7 d7g7,2073,84,91,498,advantage endgame master short,https://lichess.org/OYnoP8U4/black#82,
010WS,6k1/p2Q4/3p2p1/8/3qPn2/5P2/PPR3PP/6K1 w - - 2 37,c2f2 f4e2 g1h1 d4d1 f2f1 d1f1,2073,76,100,973,endgame long mate mateIn3 pin,https://lichess.org/WNpzh8ee#73,
00Ty2,r5k1/ppp4p/2n3r1/3P4/4P3/B1P5/P1Q1K3/6N1 w - - 1 31,d5c6 g6g2 e2d3 a8d8 d3c4 g2c2,2075,82,91,246,advantage endgame exposedKing fork long,https://lichess.org/UL4sB8OJ#61,
011GG,1R1Q4/5ppk/7p/4Pb2/1P6/2b5/3r3P/1K1R4 w - - 3 36,b1c1 d2c2 c1b1 c2b2 b1a1 b2h2,2076,84,89,153,discoveredAttack discoveredCheck doubleCheck endgame exposedKing long mate mateIn3 morphysMate,https://lichess.org/VzSTV2sV#71,
01gpx,4k3/7r/p1PPK3/4P2p/1p6/8/7P/8 b - - 0 51,b4b3 d6d7 e8d8 e6d6 h7h6 e5e6 h6e6 d6e6 d8c7 e6e7,2077,86,91,974,advancedPawn crushing defensiveMove endgame rookEndgame veryLong,https://lichess.org/TG0Tay8m/black#102,
01PVq,5b1N/p1pkq1pp/b3p3/3p4/3P4/1RB1P3/P1Q2KPP/8 w - - 3 21,c2h7 e7f6 f2e1 f6f1 e1d2 f1e2 d2c1 a6d3 h7d3 e2d3,2077,80,91,1862,advantage middlegame veryLong,https://lichess.org/TdnLNoRn#41,
011LP,8/2k4p/p3Pp2/1p6/1P1Kp3/P7/6PP/8 b - - 1 36,f6f5 g2g4 f5g4 d4e4,2080,82,91,2089,crushing deflection endgame master pawnEndgame short,https://lichess.org/dTjUhKxj/black#72,
01FSC,4r3/5Qkp/p5pN/8/6P1/6KP/P1P1r3/8 b - - 0 34,g7h6 g4g5 h6h5 f7f3 h5g5 f3f4 g5h5 f4h4,2083,82,88,502,endgame mate mateIn4 queenRookEndgame veryLong,https://lichess.org/efFWEKnd/black#68,
016vg,4r1k1/2R3p1/p3r2p/1p2p3/1q3P2/1P4P1/P3Q2P/4R1K1 w - - 0 31,f4e5 e6e5 e2e5 e8e5 e1e5 b4d4 g1f1 d4e5,2084,76,95,891,attraction crushing endgame fork veryLong,https://lichess.org/h2gQMWMU#61,
01WD0,2rr2k1/4b1pp/p2pp3/1p4PP/4P1Q1/PNN1pP2/KPP4R/5q2 b - - 2 25,d8e8 g4e6 g8h8 h5h6 g7g6 e6f7,2084,85,91,1949,crushing kingsideAttack long middlegame,https://lichess.org/sEYFOEyl/black#50,
00qJM,2R5/p4ppk/1p6/6Q1/8/7P/q4PPK/4r3 b - - 0 35,a2e6 g5h5 e6h6 h5f7,2085,75,88,619,crushing deflection endgame short,https://lichess.org/vYicdpKj/black#70,
003aS,8/8/5k1p/6p1/1R4PP/1p2KP2/8/1r6 w - - 0 43,h4h5 b3b2 b4b6 f6e5 f3f4 g5f4,2086,83,93,396,advancedPawn crushing defensiveMove endgame long rookEndgame,https://lichess.org/I7ZktFeR#85,
00pWF,8/8/p3k3/1p1pP3/5P2/1P6/6K1/8 w - - 0 53,g2f3 a6a5 f3e3 a5a4 b3a4 b5a4 e3d4 a4a3 d4c3 d5d4 c3d4 a3a2,2086,75,94,2088,advancedPawn crushing endgame pawnEndgame quietMove veryLong,https://lichess.org/ToFAnFTM#105,
01Npb,8/8/2p3p1/2P2p1b/3Bk2K/4P3/7P/8 w - - 15 41,h4g5 f5f4 e3f4 e4d4 f4f5 g6f5,2089,77,81,249,bishopEndgame crushing deflection endgame long,https://lichess.org/Q1lmmoFb#81,
00xOm,5rk1/7p/p2R2p1/1p2n1P1/2q1Q1P1/PBP5/KP5r/8 b - - 4 40,h2b2 a2b2 f8f2 e4c2 f2c2 b2c2,2090,78,90,648,advantage hangingPiece long middlegame pin,https://lichess.org/TM04eo9o/black#80,
01E12,2k5/1pp1r1bQ/pr2p3/3p1p2/q2P4/P2NP3/1PP3PP/K3RR2 b - - 0 25,g7d4 h7e7 d4b2 d3b2,2093,77,92,1675,crushing hangingPiece middlegame short,https://lichess.org/H8ePJ8ba/black#50,
016Ju,4Rbk1/p4p1p/6p1/8/1PQ5/2P3NP/2rq1PP1/6K1 w - - 1 31,g3e4 c2c1 g1h2 d2f4 g2g3 f4f3 e8f8 g8f8 c4c5 f8g8,2094,78,92,7075,crushing defensiveMove endgame veryLong,https://lichess.org/l9CpsKKt#61,
00y3g,8/4Qpk1/p3p2p/1p1b3r/7P/3B4/2P3PK/4r3 b - - 4 44,e1d1 d3e2 h5h4 e7h4,2096,75,86,1379,advantage endgame fork short,https://lichess.org/8yjVFUQ7/black#88,
00QjF,8/8/1pr1p1kp/pbPp2pN/3Pp1P1/1P2K3/P6P/2R5 b - - 0 29,e6e5 c5b6 c6c1 b6b7 c1e1 e3d2,2097,76,86,705,advancedPawn crushing endgame long master sacrifice,https://lichess.org/oPvDBkpv/black#58,
00Ac7,8/2p1pk1p/Pp4p1/8/p1P2P2/3r2P1/3PR2P/3K4 b - - 1 33,a4a3 a6a7 d3d8 e2e3 a3a2 e3a3,2099,77,93,3082,advancedPawn advantage endgame long rookEndgame,https://lichess.org/SIcsTksL/black#66,
00JtR,1rbk3r/3qp1b1/p3p1Bp/1N1P2p1/8/P5P1/1P2Q1P1/R3K2R w KQ - 2 23,d5e6 d7b5 e2d2 d8c7 a1c1 c7b7 g6e4 b7a7,2099,75,92,4156,crushing defensiveMove middlegame veryLong,https://lichess.org/eQy3tkuB#45,
01Jnn,8/1Pk5/5p1p/1P4p1/4p3/7P/5PP1/5K2 b - - 2 40,c7b7 g2g4 f6f5 g4f5,2100,80,91,430,crushing endgame pawnEndgame quietMove short,https://lichess.org/KEEL5ALC/black#80,
00lRC,8/3k1p1p/8/3Pp3/4K3/3P2P1/1pB4P/b7 b - - 1 36,d7d6 c2b1 f7f5 e4f5,2101,77,91,486,bishopEndgame crushing endgame quietMove short,https://lichess.org/TLhjLF8g/black#72,
00vuv,r3r3/2q1b1pk/p3P1Np/5Qp1/8/3p4/PPp2P2/2R1R1K1 b - - 1 30,d3d2 g6f8 h7g8 f5h7 g8f8 h7h8,2103,77,94,4813,discoveredCheck doubleCheck long mate mateIn3 middlegame sacrifice,https://lichess.org/SJRbBrel/black#60,
00MBF,7k/np2b1pp/p1b2p2/2P1pq2/PPQ4P/5PP1/1B5K/3BN3 b - - 0 29,c6d7 d1b3 f5h3 h2g1 d7e6 c4e6 h3e6 b3e6,2104,76,86,103,advantage middlegame quietMove veryLong,https://lichess.org/qknEpIjx/black#58,
01Brx,5rk1/p1r3b1/1p1pR3/3b1n1q/3PNp2/2P2N2/PP2BPQP/R6K w - - 5 23,e4f6 f8f6 e6f6 f5h4 f3h4 d5g2 h4g2 h5e2,2105,89,89,868,advantage kingsideAttack middlegame sacrifice veryLong,https://lichess.org/Nvg7dPRn#45,
00kHM,3r1rk1/pp2npp1/1q2b2p/3p4/4n3/PBP2N1P/1P1N1PP1/R2Q1RK1 w - - 4 16,d2e4 d5e4 f3d4 d8d4,2106,75,93,3171,crushing middlegame short,https://lichess.org/com04Zfp#31,Caro-Kann_Defense Caro-Kann_Defense_Hillbilly_Attack
01hy9,3r4/p4kp1/8/1pP1r3/4N2P/1P2KP2/P7/6R1 b - - 0 38,d8c8 e3d4 c8c5 e4c5,2106,75,86,271,crushing endgame master short,https://lichess.org/6KAd7bDI/black#76,
00XbN,6k1/R4p1p/6P1/3p4/8/2b5/1r2rBPP/5RK1 b - - 0 26,e2f2 g6f7 g8f8 a7a8,2109,75,92,2174,advancedPawn advantage endgame short,https://lichess.org/RsJhaWfC/black#52,
01PlY,r5k1/p4p1p/1p1R2nQ/4p3/1P2qn2/P7/1B3PP1/R5K1 w - - 0 24,h6g5 h7h6 g5g4 f4e2 g4e2 e4e2,2110,78,92,6281,crushing long middlegame,https://lichess.org/lRX5WZlw#47,
00SiY,8/8/3p2N1/3Pp1n1/4Pp1p/3k1P1P/6K1/8 w - - 8 57,g6h4 d3e2 h4f5 g5f3,2111,80,91,2583,crushing endgame knightEndgame master short zugzwang,https://lichess.org/nqOd6mWK#113,
00J5r,r4rk1/1p4p1/p1p1n1Pp/q3p3/4P3/2N1QP2/PPP5/2KR3R w - - 0 21,h1h6 g7h6 e3h6 a5c7,2112,76,85,102,crushing defensiveMove master middlegame short,https://lichess.org/1DzEGAx8#41,
019gx,1r6/6R1/3p4/1P1Rp3/K1r1P3/2k2P2/8/8 w - - 1 45,a4a5 c4a4 a5a4 b8a8 g7a7 a8a7,2115,83,86,295,attraction endgame long mate mateIn3 rookEndgame sacrifice,https://lichess.org/pCBDwbPH#89,
00dWq,2r1kb2/5p1p/p3p3/1p2P1Q1/1Pq5/P1p3P1/2P4P/2KR1R2 w - - 0 28,g5f4 f8h6 c1b1 h6f4,2120,74,93,4384,advantage endgame pin short,https://lichess.org/sRKDDbRV#55,
00P81,6k1/5p2/4p2p/3pPP2/1R5P/7r/2B5/2b2K2 b - - 0 46,h3c3 b4b8 g8h7 f5e6 c3c2 e6e7,2122,77,93,7950,advancedPawn crushing discoveredAttack discoveredCheck endgame long sacrifice,https://lichess.org/SIETCqbJ/black#92,
00iQC,1k1r1b1r/4q3/QBpp4/4p3/4P2p/5p2/P5PP/4R1K1 b - - 0 28,d8d7 e1b1 d7b7 b6a7 b8c8 a6c6 e7c7 c6e8,2123,79,91,1200,crushing discoveredAttack exposedKing middlegame queensideAttack quietMove veryLong,https://lichess.org/Yg1J59NW/black#56,
01L4j,r2q1rkb/pb4Np/1n3p1P/3pn1p1/6P1/P1NBBP2/1P1Q4/R3K2R w KQ - 0 22,d3e2 b6c4 d2d4 c4e3,2123,89,91,805,crushing middlegame short,https://lichess.org/hFb6tU26#43,
01Prl,r1bqn1k1/4prbp/p1p3p1/3p4/5P2/1BN5/PPP3PP/R1BQR1K1 b - - 1 14,d8c7 c3d5 c6d5 d1d5 e7e6 d5a8,2125,74,93,8462,crushing long opening,https://lichess.org/2sPwGlma/black#28,Sicilian_Defense Sicilian_Defense_Dragon_Variation
01R41,4rr1k/6bp/p1bp2p1/1p2q3/1P2PN2/2N2QP1/1BP2n1P/2K1R2R b - - 4 26,f8f4 g3f4 e5d4 c3d1,2125,73,92,8588,crushing middlegame short,https://lichess.org/6y6sdouc/black#52,
01K6c,1r2r1k1/p1p3pp/6q1/2nb4/Q7/5P2/PPP3PP/RNB2RK1 w - - 1 19,a4a7 d5f3 f1f3 e8e1 f3f1 e1f1,2126,84,90,706,crushing fork long middlegame pin sacrifice,https://lichess.org/M5YkSRcA#37,
00LZl,r2qkb1r/ppp2ppp/2n5/3pPb2/3n1B2/2NB1N2/PP3PPP/R2QK2R b KQkq - 3 9,f8b4 f3d4 c6d4 d1a4 d4c6 d3f5,2128,80,93,8234,advantage deflection fork long opening,https://lichess.org/jBb2kj01/black#18,Kings_Pawn_Game Kings_Pawn_Game_Macleod_Attack
00vUf,3R4/p4pkp/2p5/6p1/1P1B4/r3PP2/2r3PP/5K2 b - - 6 31,g7g6 d8d6 f7f6 d6f6 g6g7 f6c6,2129,76,95,2613,crushing discoveredAttack discoveredCheck endgame long,https://lichess.org/87kUHyPW/black#62,
00lvf,4rbk1/pp1qr1p1/2pN3p/4P2b/3P4/6Q1/PP3RPP/5RK1 w - - 0 30,d6e8 e7e8 g3b3 d7d5 b3d5 c6d5,2130,85,91,285,advantage long middlegame,https://lichess.org/K3wOnVJy#59,
01YOL,r4r1k/ppp3pp/3bb1q1/3Q2B1/2P1N1n1/5N2/PP2P1B1/R3R1K1 w - - 8 17,d5b7 a8b8 e4d6 b8b7,2130,75,86,758,crushing middlegame short,https://lichess.org/DrmFS8hY#33,Indian_Defense Indian_Defense_Budapest_Defense
00ZSu,8/2R5/1r2k1pp/1P6/K3pp2/7P/5PP1/8 b - - 0 43,e4e3 f2e3 f4e3 c7c3,2132,88,91,175,advantage endgame rookEndgame short,https://lichess.org/mQNWFJqN/black#86,
00D12,8/6pp/8/3kP3/1p1P2P1/rPpK3P/4R3/8 b - - 1 39,a3b3 e5e6 c3c2 d3c2 b3c3 c2d2,2133,87,90,1331,crushing endgame long rookEndgame,https://lichess.org/iC0vC5to/black#78,
00Kd8,3R4/3P4/8/5p2/5kPp/8/3r1KP1/8 w - - 1 64,f2g1 f4g3 g1f1 f5g4,2133,75,80,281,advantage endgame rookEndgame short,https://lichess.org/loJK0sJF#127,
00QyM,8/3k4/1pp3p1/4Pp1p/2PK1P1P/pP6/P7/8 b - - 1 35,d7e6 b3b4 e6e7 b4b5 c6b5 c4b5,2138,86,91,1578,crushing endgame long pawnEndgame quietMove zugzwang,https://lichess.org/DcRRuwOx/black#70,
00YHj,5k2/1p6/8/4p2B/1R2Pp1p/3r1KpP/8/8 w - - 1 50,f3e2 d3e3 e2f1 f4f3 h5f3 e3f3,2140,85,91,8912,crushing endgame long,https://lichess.org/BqUcvzk5#99,
00OPc,1k1rr3/ppp1q3/8/4nQNp/8/2P4P/PP4P1/2K1R2R w - - 0 25,g5f3 e5d3 f5d3 d8d3 e1e7 e8e7,2141,76,94,1647,advantage fork long middlegame,https://lichess.org/43yrfr28#49,
00DKr,3r1k2/2p1R3/p2p2n1/1p6/1P1P2Q1/7P/5qPK/3R4 w - - 2 42,d1e1 g6e7 e1e4 f8e8,2142,82,91,974,advantage defensiveMove endgame short,https://lichess.org/mYdqj7UD#83,
00gpa,r1b2rk1/qp3pp1/p3p2p/8/8/P5P1/1PBB2P1/2RQ3K b - - 0 21,f8d8 d2e3 d8d1 c1d1 g8f8 e3a7 a8a7 d1d8 f8e7 d8c8,2147,80,86,279,advantage fork middlegame sacrifice veryLong,https://lichess.org/tgE8FK8D/black#42,
00IFk,r1b4r/ppk2ppp/2p5/3n2B1/2P5/6P1/P1P1B2P/2KR3R b - - 0 16,d5c3 g5f4 c7b6 c4c5 b6c5 f4e3,2150,75,87,131,attraction crushing long middlegame,https://lichess.org/aDBJY27j/black#32,Philidor_Defense Philidor_Defense_Lion_Variation
00WoW,8/4kppR/r1p1p2p/p3P2P/4P1P1/1pP1KP2/6B1/8 w - - 0 29,e3d2 a5a4 g2f1 a4a3 f1a6 a3a2,2158,79,91,1296,advancedPawn advantage endgame long master quietMove sacrifice,https://lichess.org/cuQl3aZ8#57,
01DwE,6k1/5pb1/p1p1p1pp/P1Bq4/2bP1Q2/1rP1RN1P/5PP1/6K1 b - - 0 23,d5f5 f4f5 g6f5 f3d2 f5f4 e3f3,2158,77,92,1498,advantage clearance fork long middlegame,https://lichess.org/pOyJVJho/black#46,
01Pn6,3r3k/p5qp/Qp1bPp2/3P2p1/1P4N1/P6P/6P1/2B3K1 b - - 2 35,f6f5 a6e2 g7a1 e2b2 a1b2 c1b2,2158,78,90,177,advantage endgame long quietMove,https://lichess.org/QWOXzXkT/black#70,
0125B,8/1p6/1Pr2P2/1Rp3K1/3p4/4k3/8/8 b - - 0 44,c6f6 g5f6 c5c4 b5e5,2159,78,92,2281,crushing endgame hangingPiece rookEndgame short,https://lichess.org/x10SD0Y1/black#88,
01gep,1r2qrk1/7p/3pp2P/1np2pPN/1pN2P2/pPnP1Q2/P1P2B1K/5R2 b - - 8 29,c3a2 h5f6 f8f6 g5f6 a2c3 f1g1 g8h8 g1g7,2161,79,86,222,advantage fork master middlegame veryLong,https://lichess.org/4FlpqYQT/black#58,
00vf5,r1b1kbnr/1pqp1ppp/p1n1p3/8/2BNP3/P1N5/1PP2PPP/R1BQK2R b KQkq - 0 7,g8e7 d4b5 a6b5 c3b5 c7b8 b5d6,2162,83,90,1452,crushing long opening sacrifice,https://lichess.org/DaGWQ4jB/black#14,Sicilian_Defense Sicilian_Defense_Closed
018eM,r3kb1r/1p1b1pp1/pq3p1p/3p4/3P4/2N2N2/PPP1QPPP/R3K2R b KQkq - 1 11,f8e7 e2e7 e8e7 c3d5 e7d6 d5b6,2162,76,94,2312,advantage attraction fork long middlegame sacrifice,https://lichess.org/l9vJlF2a/black#22,Caro-Kann_Defense Caro-Kann_Defense_Other_variations
00TEQ,r3k1nr/1bq2ppp/p2p4/1p2p1NQ/3nP3/1BN4P/PP3PP1/R2R2K1 b kq - 2 15,g8f6 h5f7 c7f7 g5f7,2164,94,90,1124,advantage attackingF2F7 middlegame short,https://lichess.org/1ix6qpqS/black#30,Sicilian_Defense Sicilian_Defense_Smith-Morra_Gambit_Accepted
000qP,8/7R/8/5p2/4bk1P/8/2r2K2/6R1 w - - 7 51,f2f1 f4f3 f1e1 c2c1 e1d2 c1g1,2167,76,94,2029,crushing endgame exposedKing long skewer,https://lichess.org/r4xUR6fC#101,
008nF,2rq1rk1/7p/1n4pb/1R2p3/pPpP1P2/P1B5/3NQ1PP/2R3K1 w - - 0 31,e2e5 f8e8 e5e8 d8e8,2168,86,90,848,crushing master middlegame short trappedPiece,https://lichess.org/tYO5rrIU#61,
003md,r1b1k2N/ppp3pp/2n5/2bp4/7q/1B4n1/PPPP1P1P/RNBQ1RK1 w q - 0 10,f1e1 g3e4 e1e4 d5e4 d1h5 h4h5 b3f7 h5f7,2171,77,85,216,crushing defensiveMove middlegame veryLong,https://lichess.org/ALtR2fxT#19,Russian_Game Russian_Game_Italian_Variation
01BG7,r4nk1/2q2p1p/6p1/1p4Q1/p1pPp1N1/2P3R1/6PP/6K1 b - - 1 25,a4a3 g4h6 g8g7 h6f5,2171,88,90,1496,advantage endgame master pin short,https://lichess.org/Hyjuq9Hr/black#50,
00luO,2r2rk1/p4pp1/1p2p2p/4N3/q2P2PP/P7/1PnQ1P2/1K1R2R1 w - - 1 26,g4g5 a4b3 g1g3 c2a3 b1a1 a3c2,2173,77,84,106,crushing long master middlegame pin queensideAttack,https://lichess.org/O9HXyn6b#51,
00TuA,8/6p1/8/pp2k1p1/2p2p2/2P1KPPP/PP6/8 w - - 0 37,e3f2 f4g3 f2g3 e5f5,2173,92,91,1360,crushing defensiveMove endgame pawnEndgame short,https://lichess.org/qtped91w#73,
00kZO,3Q4/4rRbk/p1qp2p1/1p2r2p/2p1P1bP/6N1/PP4P1/1B3R1K b - - 11 37,c6d7 d8f8 e7f7 f1f7 d7f7 f8f7,2174,87,89,177,advantage long middlegame pin,https://lichess.org/8DbGNqW8/black#74,
01jVT,r2Q1b1N/6pp/p1kn2q1/2pp4/5B2/2P2bP1/PP1N3P/R2K4 w - - 0 23,d2f3 g6d3 d1e1 d3e4,2174,88,91,1749,crushing fork middlegame short,https://lichess.org/vRSwvGdV#45,
0091A,1r3rk1/q4ppp/p3Pb2/3nN3/P2P4/7Q/1B4PP/1R3RK1 b - - 0 24,b8b2 e6f7 f8f7 h3c8 f7f8 c8e6,2177,75,93,1127,advancedPawn advantage kingsideAttack long middlegame,https://lichess.org/XYVC46Km/black#48,
00bvs,8/6p1/4pk2/P2n1p1Q/2pP1Pr1/2P5/2qB1RbP/R5K1 w - - 0 33,f2g2 g4g2 g1g2 d5f4 g2g1 f4h5,2179,77,86,156,attraction crushing long middlegame pin,https://lichess.org/AcCssS9H#65,
00JMV,8/1p4pk/pPp4b/P1P1P3/3pq1b1/2Q5/6PP/2B2RK1 w - - 0 32,c3e1 e4e1 f1e1 h6c1,2180,89,90,416,advantage endgame short,https://lichess.org/DRP46kUW#63,
00UJP,1r2q1k1/R1p4p/3pNp2/3P4/1p3pbb/1BP5/1P3PPK/Q4R2 w - - 2 28,a7c7 h4g3 h2g1 e8h5 c7g7 g8h8 f2g3 f4g3 f1f3 h5h2,2180,87,89,664,crushing middlegame sacrifice veryLong,https://lichess.org/qkY18hUD#55,
00ZvN,8/8/8/4kppp/8/4KPPP/8/8 b - - 0 35,f5f4 g3f4 g5f4 e3d3 e5f6 h3h4,2183,74,92,2083,crushing defensiveMove endgame long pawnEndgame,https://lichess.org/IxlFLAaM/black#70,
002LF,7r/p2q1pk1/1pp3p1/8/6P1/4Q3/PP1R1P1r/5KN1 b - - 0 38,d7g4 e3e5 f7f6 e5c7 g7h6 c7h2,2185,82,91,618,advantage endgame interference long,https://lichess.org/md88dHiL/black#76,
00sJb,Q1b2r1k/p2np2p/5bp1/q7/5P2/4B3/PPP3PP/2KR1B1R w - - 1 17,d1d7 a5e1 d7d1 e1e3 c1b1 e3b6,2188,82,91,955,advantage fork long middlegame,https://lichess.org/kiuvTFoE#33,Sicilian_Defense Sicilian_Defense_Dragon_Variation
01WWp,r4r2/5pkp/p4npN/2bbB3/7Q/Pq1B1P1P/6P1/R6K b - - 2 26,c5e7 h6f5 g6f5 h4g5,2190,85,91,957,advantage middlegame sacrifice short,https://lichess.org/bKXCAfi4/black#52,
01Dor,8/3k2P1/3Pb3/p1q2p2/1p6/1P4r1/P1P1Q3/1K1R4 w - - 1 39,e2e6 d7e6 d6d7 g3g2 g7g8b g2g8,2192,80,91,3231,crushing endgame hangingPiece long master,https://lichess.org/0MUqBgJG#77,
01RKd,8/8/r3p1R1/4K2p/5P2/5kP1/8/8 b - - 6 40,a6b6 f4f5 b6b5 e5e6,2193,78,94,2201,advantage endgame rookEndgame short,https://lichess.org/QBJ03nGZ/black#80,
012LI,6k1/p4p1p/4bp2/1p2p3/3r4/KP1nQPN1/P5B1/8 w - - 0 33,g2f1 d4a4 b3a4 b5b4,2194,78,95,3231,endgame master mate mateIn2 sacrifice short,https://lichess.org/ITMhkGpD#65,
01DKG,8/7p/p7/P1K2p1k/3B1P2/6P1/p3b2P/8 w - - 6 45,c5b4 h5g4 b4a3 g4h3,2196,86,90,338,bishopEndgame crushing endgame master short,https://lichess.org/tbE3egW7#89,
01e8p,8/8/8/1P6/1rP3kp/p7/P1R3K1/8 w - - 3 52,g2h1 b4b1 h1h2 b1b2 c2g2 g4f3,2197,76,84,106,crushing endgame long rookEndgame,https://lichess.org/3iPUzA6r#103,
00oxX,r2q1rk1/1R1b1pp1/2n2n1p/3p1B2/2pP1B2/5N2/2Q2PPP/1R4K1 b - - 4 22,d8c8 f5d7 f6d7 b7c7,2198,76,94,167,advantage middlegame short,https://lichess.org/PRVGHACq/black#44,
013U2,r1b2k2/p2pbP2/1pn3pr/1P5p/2B5/P1B3N1/2P3PP/1K2R3 b - - 0 23,c6d8 e1e7 f8e7 c3b4 d7d6 b4d6,2199,77,94,7282,attraction crushing exposedKing long middlegame sacrifice,https://lichess.org/5k5xgjEM/black#46,
019PB,5rk1/5p1p/1qp2p2/p2pb2Q/Pr6/1P5P/4R1P1/4RN1K b - - 2 32,b4b3 e2e5 f6e5 h5g5 g8h8 g5f6,2199,89,91,4470,advantage long middlegame sacrifice,https://lichess.org/HlEcGBSh/black#64,
00J5q,8/5Qpk/4p3/1p6/p7/1q1bB2P/5PP1/6K1 b - - 0 32,a4a3 e3d4 e6e5 f7b3,2201,86,89,100,crushing endgame short,https://lichess.org/GpZfwLfY/black#64,
01TxI,2k2r1r/pp2q3/2p1b3/7p/1P1pPBn1/3B4/P3Q1PP/1RR4K w - - 4 22,e2d2 f8f4 d2f4 h8f8 f4f8 e7f8,2201,78,81,195,clearance crushing long middlegame sacrifice,https://lichess.org/2rdwsQOE#43,
00x6f,8/3q1pkp/p5p1/1pPB2Q1/1P1b3P/P5P1/6K1/8 w - - 1 30,h4h5 h7h6 c5c6 d7d6 g5g4 d6d5,2205,88,90,1212,crushing endgame long,https://lichess.org/EHEXHrku#59,
00x47,3r4/p5kp/1p1q4/4p3/P1P1p1Qb/1PB1P3/5rPP/R5K1 b - - 1 25,g7f8 g4h4 f2f5 c3b4 d6b4 h4d8,2206,79,86,178,crushing deflection hangingPiece long middlegame pin,https://lichess.org/oExVQQ0V/black#50,
00ZEW,r1b5/pppqNkp1/3p3p/6rn/1PP2p1N/P5P1/4Q2P/4RRK1 b - - 3 22,g5e5 e2h5 e5h5 f1f4 f7e8 e7g6,2206,91,90,1839,advantage discoveredAttack discoveredCheck long middlegame pin sacrifice,https://lichess.org/cjMxj5uZ/black#44,
00nsa,6k1/1p1R3p/pB4p1/P3bpK1/4r2P/6P1/2P2P2/8 w - - 3 34,b6c5 e4g4 g5h6 g4h4 g3h4 e5f4,2207,76,94,1162,deflection endgame long mate mateIn3 sacrifice,https://lichess.org/5vB71xSl#67,
00PgQ,3r4/P1R5/7P/4p3/8/4p3/2p1K3/1k6 w - - 1 55,e2e3 c2c1q c7c1 b1c1 e3e4 d8e8,2208,76,87,173,advancedPawn crushing defensiveMove endgame long master promotion,https://lichess.org/6ByRjehu#109,
01To6,1b6/k3Rp2/pr4pp/3p4/3P1p2/5P1q/PPQ2P2/6K1 b - - 1 29,b6b7 c2c5 a7a8 c5c6 h3c8 c6c8,2208,86,89,750,advantage endgame long pin,https://lichess.org/EqTv5MmL/black#58,
008LT,r4rk1/6p1/b3p1nN/p1pp4/1p3P1q/3P1Q1B/PPP2PK1/R6R b - - 0 26,g8h8 h6f7 f8f7 h3e6,2209,80,90,1380,crushing kingsideAttack middlegame pin sacrifice short,https://lichess.org/vnxisKeU/black#52,
00z9K,4B3/1b5p/p5k1/3p3R/6P1/1P6/KPrn1r2/7R b - - 2 34,g6g7 h5h7 g7f8 h7b7,2209,89,90,716,advantage master middlegame short skewer,https://lichess.org/slx46h53/black#68,
01kVV,2r5/1Qpq1k1p/1p1p2p1/4pn2/3r4/4N2P/P1P2PP1/R4RK1 b - - 11 27,d4d2 e3c4 d2c2 c4b6 c8b8 b7b8,2209,77,93,5252,advantage long middlegame,https://lichess.org/zSTasuHn/black#54,
00U2C,8/8/6RP/2p5/p1k1pP2/4P3/np1K4/8 w - - 0 48,g6b6 a2b4 b6b4 c4b4 d2c2 b4a3 h6h7 a3a2,2213,86,90,1651,crushing defensiveMove endgame master quietMove veryLong,https://lichess.org/ZQ9GNX6h#95,
01MsO,5rk1/2p3b1/3pq3/P4rp1/1PP1p1Q1/4B2P/5P1K/2R2R2 w - - 0 36,e3g5 e6e5 f2f4 e4f3,2214,76,80,261,crushing discoveredAttack discoveredCheck enPassant middlegame short,https://lichess.org/spc2b08F#71,
01JEA,5rkr/1QN5/4R3/p7/P1Pp4/1B1q3P/1P4P1/6K1 w - - 1 44,c4c5 f8f1 g1h2 h8h3 g2h3 f1f2 b7g2 f2g2 h2g2 d3b3,2216,79,93,8959,advantage middlegame sacrifice veryLong,https://lichess.org/rcwW2M7E#87,
00UHs,r4rk1/ppp3pp/4p3/2P4P/1nNP2q1/P3QP2/1Pb2K2/R4B1R b - - 0 22,c2e4 c4e5 b4d5 e5g4 d5e3 f2e3,2219,81,91,594,crushing long middlegame,https://lichess.org/wLdDSwHk/black#44,
01eIm,3rn1k1/p4pbp/1p2p1p1/q1r1P3/2P5/1R3BP1/P1Q1RP1P/B5K1 b - - 3 23,g7e5 e2e5 c5e5 a1c3 a5c5 b3b5 c5c4 b5e5 d8d3 e5e3 d3e3 f2e3,2221,77,82,172,middlegame,https://lichess.org/medu7ImI/black#46,
00LRq,1k6/1p1q4/P2p3p/1NpPpn1Q/5b2/2P3r1/1P2B1P1/R6K b - - 3 28,g3g7 a6a7 b8a8 b5c7 d7c7 h5e8 c7b8 a7b8q,2222,80,92,2250,advancedPawn discoveredCheck doubleCheck mate mateIn4 middlegame promotion queensideAttack sacrifice veryLong,https://lichess.org/i9yxFCW9/black#56,
01P1X,r1b2rk1/pp2ppbp/5np1/2qP4/1n2P3/2N2N2/PP1B1PPP/R2QKB1R w KQ - 0 11,a2a3 f6e4 c3e4 b4c2 d1c2 c5c2,2223,81,89,310,advantage fork long opening sacrifice,https://lichess.org/MoQo8XAN#21,Grunfeld_Defense Grunfeld_Defense_Three_Knights_Variation
00dt1,Q7/8/3B4/2p5/Krkn4/8/8/8 w - - 1 54,a4a3 d4b5 a3a2 b5c3 a2a1 b4b1,2224,79,95,17617,arabianMate endgame exposedKing fork long master mate mateIn3,https://lichess.org/AQkAsoMX#107,
00bQA,r7/6k1/2b1R1n1/1p3nR1/1P1p3p/3P1PpP/2N3P1/6K1 b - - 0 40,f5e7 e6e7 g7f6 g5g6 f6e7 g6c6 e7d7 c6c5,2225,78,87,606,crushing exposedKing master middlegame pin skewer veryLong,https://lichess.org/1NlzMdB5/black#80,
01B5q,r4rk1/1pp1np1p/p4Qp1/3P3P/P2Nq3/8/1B4R1/5B1K b - - 0 36,e7d5 f6g7 g8g7 d4f5 g7g8 f5h6,2227,74,94,10780,attraction discoveredCheck doubleCheck long mate mateIn3 middlegame pin sacrifice,https://lichess.org/seEUcuvw/black#72,
01i0h,r4rk1/1ppbqpNp/7P/3P4/2PBP1p1/6b1/3Q2P1/2R2K1R b - - 6 28,e7e4 g7h5 g3e5 d2g5 e4g6 g5e5,2228,75,83,180,crushing deflection kingsideAttack long middlegame,https://lichess.org/YLdDEAwS/black#56,
00oOp,5rk1/p3ppbp/bq3np1/3p4/3P4/1BN2Q2/PrPB1PPP/R3K2R w KQ - 4 15,c3d5 f6d5 f3d5 g7d4,2231,82,90,862,crushing discoveredAttack middlegame short,https://lichess.org/hkM4TRId#29,Caro-Kann_Defense Caro-Kann_Defense_Other_variations
00ct0,4rrk1/pp4pp/2p1b3/4q3/4Bb2/1PPQ4/P4PP1/R1B2R1K w - - 3 22,c1f4 f8f4 e4h7 g8h8 h1g1 f4h4 f2f4 e5c5,2232,77,86,182,crushing middlegame veryLong,https://lichess.org/LbmI3g6K#43,
00hNY,8/p7/1p3k2/8/n1K1P3/3N4/P7/8 b - - 0 44,a4c5 d3c5 b6c5 c4d5,2234,81,82,158,crushing endgame knightEndgame short,https://lichess.org/MGfDzlcO/black#88,
00eGy,8/6k1/pp2p3/3pPpp1/PPpP1n2/2P3KP/2R5/8 w - - 2 39,h3h4 f4h5 g3f2 g5g4,2236,77,81,135,advantage defensiveMove endgame master short,https://lichess.org/6A7qLhc2#77,
01HQ8,r4rk1/pp2qppp/2pp4/4p1B1/2BnP3/P2P1b2/1PP2P2/R1Q2RK1 b - - 1 15,e7f6 g5f6 d4e2 g1h2 e2c1 f1g1,2236,78,94,5080,advantage clearance long middlegame pin,https://lichess.org/5WPd9cpZ/black#30,Philidor_Defense Philidor_Defense_Other_variations
01UYy,3k4/1K1p4/4p2p/2P1Pp2/B4n2/8/7P/8 w - - 0 51,a4d7 f4d3 d7b5 d3c5 b7c6 c5e4,2236,84,90,460,crushing defensiveMove endgame long master,https://lichess.org/Cr2bsbhv#101,
017Ou,r3k1r1/pp3pP1/1qp1p3/6Bb/4P2P/3Q4/PpP2PB1/1K2R3 b q - 0 23,b6f2 d3d6 f2e1 b1b2,2238,76,94,661,crushing master middlegame sacrifice short,https://lichess.org/C7v3p5U8/black#46,
01aGQ,1Q4k1/p7/2q4p/1p4p1/4R3/2P3P1/r6P/6K1 b - - 1 36,g8g7 e4e7 g7g6 b8g8 g6h5 g8f7 h5g4 h2h3 g4g3 e7e3 g3h4 f7a2,2238,94,90,1192,crushing endgame fork veryLong,https://lichess.org/nT9AptbY/black#72,
011EP,1r2k3/2q1npp1/p3p1p1/3pP1P1/1p1NnP1r/1P2Q3/P1P1N3/1K1RR3 b - - 0 23,e8d7 d4f3 d7e8 f3h4,2241,82,84,227,advantage middlegame short,https://lichess.org/kVorefr5/black#46,
00mca,1Q5r/p3nkpp/3p2q1/3P4/4P3/B1r2B1b/P4PPP/R4RK1 w - - 2 20,b8h8 c3f3 g2g3 f3a3,2242,78,86,328,crushing middlegame pin short,https://lichess.org/EIg6vKLO#39,
00vZ1,2r3k1/6p1/R3p1r1/8/3PPp2/2P2P1p/P1R3P1/6K1 w - - 0 36,a2a4 c8b8 g1h2 h3g2,2244,87,88,129,advancedPawn advantage endgame pin quietMove rookEndgame short,https://lichess.org/PwiyhVrB#71,
003Ec,3r4/p4R2/1pb2Pp1/n1p1Q1kp/8/P2q4/1P4PP/6RK b - - 2 32,d3f5 e5e3 f5f4 h2h4 g5f5 e3h3,2245,76,89,310,crushing long middlegame pin,https://lichess.org/qnd2dxXz/black#64,
01aP9,r2q1rk1/1b1n2b1/p5P1/1pp1pp1Q/4p3/2PPB2R/PPN3PP/R5K1 b - - 0 19,f8f6 h5h7 g8f8 e3h6 g7h6 h3h6,2245,78,90,364,advantage kingsideAttack long middlegame,https://lichess.org/YgryVpMg/black#38,
01YvD,3rr1k1/p4p2/2BBb1p1/4b2p/4P1qP/6P1/P2Q1P2/3R1RK1 w - - 3 23,f2f3 g4g3 d2g2 e5d6 g2g3 d6g3 c6e8 d8e8,2252,76,95,716,advantage deflection middlegame veryLong,https://lichess.org/Mkc4QOBd#45,
00bhw,8/2pR3p/1p1b3k/p2B2pP/P1P2rP1/5P2/4r3/5R1K b - - 0 31,f4d4 d5e4 d4e4 f3e4,2255,83,90,691,crushing endgame short,https://lichess.org/CVsMMWzy/black#62,
01K5t,rn3rk1/pp4pp/2pbbq2/3p1p1Q/3P3N/2NB4/PPP2PPP/3R1RK1 w - - 4 14,c3e2 e6f7 h5f5 f6h4,2255,78,84,243,crushing middlegame short,https://lichess.org/Ejwk4Hrw#27,French_Defense French_Defense_Knight_Variation
0092V,r2qk1nr/ppp3pp/2n5/1B1pp3/1b1P4/5Q1P/PP1B1PP1/RN2K2R b KQkq - 3 11,e5e4 b5c6 b7c6 f3h5 g7g6 h5e5,2259,81,85,1248,crushing exposedKing long opening,https://lichess.org/bW5LiCa5/black#22,Ponziani_Opening Ponziani_Opening_Other_variations
00pdW,4Q3/6pk/p7/4Pq1p/2r2P2/P5P1/1P5P/5RK1 w - - 2 36,e5e6 f5c5 f1f2 c4c2 e8h5 c5h5,2262,75,93,1711,crushing endgame long,https://lichess.org/EgxR1ng4#71,
00347,8/2p5/8/2pPk2p/8/4K2P/6P1/8 w - - 1 42,e3d3 h5h4 d3c4 e5d6,2264,75,87,125,crushing endgame pawnEndgame quietMove short,https://lichess.org/xFM0YP9S#83,
00OR6,2r4k/5Q1p/p7/1pq5/4p2N/2P3bP/PP4P1/4R2K b - - 0 34,g3e1 f7f6 h8g8 h4f5 c5f5 f6f5,2265,79,81,120,advantage endgame long quietMove,https://lichess.org/kMLJ7GPV/black#68,
01fTa,3r2k1/6pp/p7/4Bb2/5N2/4RP2/PPr3PP/3K3R w - - 2 25,e3d3 f5d3 f4d3 c2g2 d1c1 d8d3,2265,79,80,133,advantage intermezzo long middlegame pin,https://lichess.org/eNDWgYGn#49,
01jRL,r5k1/4p1b1/p2qN1p1/1p1P3p/1Pp3b1/Q1N3P1/P4rBP/4R2K b - - 3 30,g7e5 c3e4 d6b6 e4f2 b6f2 e1e5 f2d2 a3e3,2265,76,91,4565,advantage discoveredAttack fork middlegame veryLong,https://lichess.org/Al6dfD6O/black#60,
01M2U,1k5r/pp4p1/7r/3p2p1/3P2R1/2P1pP1P/PP2Bb2/K6R w - - 0 38,e2f1 h6h3 f1h3 e3e2 h1b1 h8h3,2267,78,92,3869,advancedPawn advantage endgame long master sacrifice,https://lichess.org/L4WpZJZC#75,
01Vp7,r6k/2qn1Q1p/1p4p1/2pp2P1/P3rB2/1P5P/8/R4RK1 b - - 3 28,e4f4 f7f4 c7f4 f1f4,2275,75,83,125,advantage middlegame short,https://lichess.org/r3VL64m0/black#56,
004Op,2kr2r1/1bp4n/1pq1p2p/p1P5/1P3B2/P6P/5RP1/RB2Q1K1 w - - 3 26,e1f1 d8d1 f1d1 g8g2 g1f1 g2g1 f1e2 g1d1,2280,77,92,2837,crushing deflection kingsideAttack middlegame pin sacrifice skewer veryLong,https://lichess.org/tneg9Bzk#51,
00sys,r1bq1r2/pp2b1pk/2n1pp2/3p4/2pP3N/2P1P1P1/PP1N1PP1/R2QK2R b KQ - 0 13,d8e8 h4g6 h7g8 h1h8 g8f7 d1h5,2280,89,81,378,crushing discoveredAttack discoveredCheck long master opening,https://lichess.org/oeasr2cR/black#26,Indian_Defense Indian_Defense_London_System
00niA,6n1/6P1/6N1/8/1p6/1k5P/5K2/8 w - - 3 58,h3h4 b3c3 h4h5 b4b3 g6e5 b3b2,2283,85,90,118,advancedPawn crushing endgame knightEndgame long,https://lichess.org/sMnyoWHK#115,
00EJb,6k1/5pp1/2R1p2p/8/P1B5/1P4P1/1q3Q1P/3r2K1 w - - 1 35,g1g2 d1d2 c6c8 g8h7 c4d3 f7f5 c8c2 d2f2,2288,81,87,450,advantage endgame pin veryLong,https://lichess.org/ki9WEgCM#69,
01CmR,5r1k/2p3p1/p1pp3p/8/Pb1PP3/1Q3P2/1P2RK1q/R1B5 w - - 3 25,f2e3 f8f3 e3f3 h2h3 f3f2 h3b3,2288,78,86,186,advantage attraction long middlegame sacrifice skewer,https://lichess.org/iNxnHQeK#49,
00E4Z,1r4k1/p4p1p/6p1/3rb3/K7/2PpB3/1P1R1PPP/7R w - - 1 25,h1d1 d5d6 b2b4 e5c3 e3c5 d6a6,2290,81,84,164,advantage endgame long master masterVsMaster quietMove,https://lichess.org/YRE2uOtG#49,
010rQ,r3kb1r/1p1b1p2/p2ppp1p/n1q2P1B/3NP3/2N3R1/P1PQ2PP/1R4K1 b kq - 0 19,a5c4 d2f2 e6e5 d4e6 c5f2 g1f2,2295,90,89,1159,advantage long middlegame pin quietMove,https://lichess.org/vbymThWp/black#38,Sicilian_Defense Sicilian_Defense_Najdorf_Variation
01cxM,8/4k3/2p3p1/1pP1ppP1/1P1P1P2/3K4/8/8 w - - 0 58,d3e3 e5f4 e3f4 e7e6 f4f3 e6d5,2295,79,90,987,crushing endgame long pawnEndgame,https://lichess.org/ZrdsDYHM#115,
0072T,3q1nk1/1bN2rpp/pp1P4/1N6/4n2b/8/PPP2PPP/R1BQ1RK1 w - - 1 16,b5d4 h4f2 f1f2 e4f2,2304,79,87,524,advantage kingsideAttack master middlegame short,https://lichess.org/aqhibPRF#31,Philidor_Defense Philidor_Defense_Lion_Variation
00fxc,4r2k/1pQ2p2/p4N1p/5P2/1P6/P1Pn1K2/4r3/6R1 w - - 1 36,c7f7 e8e3 f3g4 d3e5 g4h5 e2h2,2305,77,96,2499,endgame exposedKing fork long mate mateIn3,https://lichess.org/cFwPoNNu#71,
01PIP,8/8/6pR/3P2P1/1kn5/1p2P3/3K4/8 w - - 4 45,d2c1 b4c3 h6h2 b3b2 h2b2 c4b2,2305,77,88,128,advancedPawn crushing endgame exposedKing long,https://lichess.org/2F4GTcOr#89,
01Mp3,8/8/2p4p/3kp1p1/2qp4/6P1/Q4PKP/2N5 w - - 14 47,f2f3 c4a2 c1a2 d5c4 g2f2 c4b3,2308,76,91,3240,crushing endgame long,https://lichess.org/XVqNulDH#93,
00uL7,4r1k1/p2Qqpp1/1bp5/5p1p/1P5P/8/PBP2PP1/3R2K1 w - - 0 24,d7c6 b6f2 g1f2 e7e3 f2f1 e3e2 f1g1 e2d1,2309,76,98,524,attraction crushing endgame fork sacrifice veryLong,https://lichess.org/ckCYnumF#47,
00Nhl,5r1r/pR5p/k1ppb1n1/4p1Q1/N3P3/1P1P4/P1P3PP/6K1 w - - 1 23,b7h7 g6f4 g5f4 e5f4 h7h8 f8h8,2310,79,93,2825,advantage long middlegame,https://lichess.org/BEOTFmYh#45,
00fXf,6k1/5p2/3bbq2/p2p2pp/N2Pn3/P3PN1P/4BPP1/2Q3K1 w - - 0 31,a4c5 d6c5 d4c5 g5g4,2311,76,91,954,advantage master middlegame short,https://lichess.org/1Sr4mXWb#61,
01DT3,8/6bp/6p1/Nkp5/1p6/1Pn3P1/P4P1P/B5K1 w - - 1 28,a1c3 b4c3 a5c4 b5b4 c4e3 b4a3,2311,75,94,3880,crushing endgame long,https://lichess.org/uBA5k1uv#55,
00j6z,r4r2/ppp1qpk1/3p1n2/2bNp3/2B1P1pR/3P2B1/PPPK1P2/7R b - - 3 18,f6d5 h4g4 e7g5 g4g5,2316,77,85,235,crushing middlegame short,https://lichess.org/Q62gkDZE/black#36,Italian_Game Italian_Game_Giuoco_Pianissimo
01jCT,4r1k1/pp3ppp/8/4r3/2R5/2P2Q2/PPq2PPP/R4K2 w - - 3 23,c4c7 e5f5 f3e3 g8f8 c7c8 e8c8,2316,75,94,2167,advantage endgame long,https://lichess.org/tpCnn43s#45,
01StO,r2r2k1/pp6/2p1p2Q/4qp1R/2P5/5BPP/1P3P2/6K1 b - - 1 26,g8f7 h5g5 d8h8 f3h5 f7e7 g5g7 e5g7 h6g7,2316,77,91,2069,clearance crushing endgame veryLong,https://lichess.org/vdgMKtjk/black#52,
00DZe,8/5k2/7p/p1P1bPpP/Pp2P3/1P1pBK2/8/8 w - - 1 47,e3f2 g5g4 f3e3 e5d4 e3d3 d4f2,2318,78,93,6249,bishopEndgame crushing deflection endgame long master skewer,https://lichess.org/MVHl8Zy9#93,
00M7w,r1b1k2r/ppp2ppp/2n5/2bBp3/2Pq4/3P1QP1/P2B1P1P/1R2K1NR b Kkq - 2 12,f7f6 g1e2 d4f2 f3f2 c5f2 e1f2,2323,87,90,2064,crushing long opening,https://lichess.org/rhyiYyX3/black#24,Scandinavian_Defense Scandinavian_Defense_Main_Line
00xrk,2kr4/2p2p2/p6p/1p2q1p1/2p2n2/2N1B2P/PPB1QPP1/6K1 w - - 2 24,e3f4 e5e2 c3e2 g5f4,2324,90,86,269,crushing endgame intermezzo short,https://lichess.org/B3n7V4as#47,
01Tpw,r3r1k1/p4ppp/8/3Q4/3P4/Ppp2N2/K1b2PPP/3R3R w - - 0 24,a2a1 b3b2 a1a2 c2d1 h1d1 c3c2,2326,77,92,5841,advancedPawn advantage long middlegame,https://lichess.org/iIhKzWva#47,
00SlL,r5k1/2p1qp1p/2b1p1pQ/pp5P/3P2P1/3P1r2/PP2N3/2KR3R b - - 0 23,f3d3 d1d3 c6h1 h5g6 f7g6 h6h1,2330,93,91,722,advantage discoveredAttack long middlegame,https://lichess.org/ktai3EiG/black#46,
00PIO,2k1r2r/1p2P3/p1b1p3/3p1npp/5q2/1N3N1Q/PP3PPP/2R2RK1 w - - 1 22,f3d4 f5d4 b3d4 f4d4 h3e6 c8c7,2332,82,87,789,crushing long middlegame,https://lichess.org/QcmS4aBG#43,
01JlU,4r2r/p4pk1/1pp3p1/6q1/2BP2P1/6Q1/PP2N1R1/6K1 w - - 8 35,g3c7 g5e3 g2f2 h8h1 g1h1 e3f2 c7f7 f2f7,2332,80,96,1327,crushing deflection exposedKing middlegame veryLong,https://lichess.org/GtVqTnhn#69,
00gEe,8/pp4bk/2q2npp/2P1Bp2/5P1P/1Q2p1P1/P3Pn2/3R1RK1 w - - 1 30,b3e3 f2h3 g1h2 f6g4 h2h3 g4e3,2334,97,90,630,crushing exposedKing fork long master middlegame,https://lichess.org/THqBcNDR#59,
00sKJ,8/1P2pk2/R7/N1b2pp1/8/3K2P1/1r4P1/8 b - - 2 40,c5d6 a6d6 e7d6 a5c6 b2b7 c6d8 f7f6 d8b7,2336,88,90,819,crushing endgame fork quietMove sacrifice veryLong,https://lichess.org/fldTxHoO/black#80,
00i8I,8/6kp/p4r2/1p6/4P3/P4R2/5KP1/8 w - - 1 48,f2e3 f6f3 e3f3 g7f6,2339,92,90,257,crushing defensiveMove endgame rookEndgame short,https://lichess.org/RTBYdREp#95,
00u3b,rn2kb1r/pbqp1ppp/1p2p3/3nP3/2BP4/5N2/PP2QPPP/RNB1K2R w KQkq - 0 9,b1c3 d5c3 b2c3 b6b5 a1b1 b5c4,2339,86,90,1354,crushing long opening,https://lichess.org/hg1xugvX#17,Sicilian_Defense Sicilian_Defense_Alapin_Variation
01T3Y,4k3/p2b1p2/4pPr1/q7/2pP1Q2/8/P1P2PPP/1R4K1 b - - 0 24,d7c6 f4d6 g6g2 g1f1 g2f2 f1f2 a5d2 f2f1,2339,82,89,545,crushing defensiveMove endgame veryLong,https://lichess.org/NDKxc48s/black#48,
00RvC,3r2k1/pp4q1/6P1/7Q/8/bP5P/P5P1/5R1K w - - 1 30,f1f7 g7a1 h1h2 a3d6 g2g3 d6g3 h2g2 d8d2,2340,78,80,305,crushing endgame veryLong,https://lichess.org/zj6fSS7Y#59,
010pI,r5k1/1bpNb1qp/p3p3/1p4pp/3P1P1Q/2P5/PP5P/3R1RK1 w - - 0 25,f4g5 e7g5 h4g3 h5h4,2343,91,90,336,crushing middlegame short,https://lichess.org/8aKfhH2K#49,
008EC,6k1/4rpp1/p6p/7P/q1pP1R2/2Pb2Q1/P4RP1/6K1 w - - 9 31,f4f7 e7f7 g3b8 g8h7 f2f7 a4d1 g1f2 d1f1 f2g3 f1f7,2344,75,91,592,advantage endgame skewer veryLong,https://lichess.org/q5CqLXP5#61,
00ZK8,r1bq1b1r/pp3kpp/3p1n2/3Q4/2n1P3/5N2/PP3PPP/RNB1K2R b KQ - 1 10,c8e6 f3g5 f7g6 d5e6,2346,81,84,349,advantage deflection opening short,https://lichess.org/NOQlRyAF/black#20,Sicilian_Defense Sicilian_Defense_Old_Sicilian
01GHp,r4r1k/ppp4p/2n5/2b5/8/6N1/PPPP2PP/R1B2RK1 w - - 7 18,g1h1 f8f1 g3f1 a8f8 f1g3 f8e8,2347,92,87,620,advantage clearance defensiveMove long middlegame,https://lichess.org/xBiZzLMA#35,Kings_Gambit Kings_Gambit_Other_variations
00VlM,1k6/1p2rp1p/1p4b1/1N1B4/2P2p2/3p3P/P2Rr3/2K2R2 w - - 4 34,f1f4 e2e1 c1b2 e7e2 b2c3 e1c1 c3d4 e2d2,2348,78,93,1334,advantage clearance deflection exposedKing middlegame veryLong,https://lichess.org/bUns6omN#67,
00tHm,q7/PP6/K7/8/5k2/8/6p1/8 b - - 0 58,a8e8 b7b8q e8e5 a7a8q g2g1q b8f8,2352,99,88,408,advancedPawn crushing endgame long promotion queenEndgame,https://lichess.org/SK2haKeP/black#116,
01Mnd,6rk/3Q3p/p1r2q2/2Np4/3P4/P1K1P3/1P6/R1B5 w - - 15 36,d7d5 g8g5 d5g5 f6g5,2353,77,100,148,middlegame,https://lichess.org/wn9q3bzN#71,
00Ksk,6B1/ppp3p1/7k/7p/6q1/8/Pb1Q1P1P/5K2 b - - 7 34,g7g5 d2d3 h6g7 d3h7 g7f6 h7f7,2355,82,88,187,crushing endgame long quietMove,https://lichess.org/zzo4tACK/black#68,
01aC9,1r2q1k1/b1p2p1p/p4p2/2Pp1b2/2nP4/P1N2PP1/1B1Q2BP/5RK1 w - - 0 25,d2f4 b8b2 f4f5 b2g2,2355,94,90,1396,crushing hangingPiece middlegame short,https://lichess.org/iY0xf1rb#49,
00H2L,8/8/2p2p2/p4P1p/Pk5P/4K1P1/8/8 w - - 1 39,e3d3 c6c5 d3e2 c5c4 g3g4 h5g4,2360,91,90,660,crushing endgame long pawnEndgame quietMove,https://lichess.org/UMoEkwn0#77,
00k5U,6k1/pp6/3br2p/6pq/3R2R1/1P5P/P1P2KQ1/8 w - - 5 30,h3h4 h5f7 g2f3 e6f6 f3f6 f7f6,2362,78,90,351,advantage endgame long pin,https://lichess.org/PUiK4OHl#59,
00Mca,1k6/1Pp1rqp1/p1R5/6pp/Q6P/1P6/P4PBK/3r4 b - - 5 34,e7e6 a4c4 e6c6 c4f7,2366,81,90,4551,crushing endgame short,https://lichess.org/FcSCJACK/black#68,
00BZ6,1r1r1bk1/3n1p1p/1qp3p1/2N1p3/PpQ1P3/4BP2/4N1PP/1R3RK1 w - - 0 24,f1c1 f8c5 e3c5 d7c5,2367,77,91,709,advantage master middlegame short,https://lichess.org/whBlSZL2#47,
006XF,r5kr/pp1qb1p1/2p4p/3pPb1Q/3P4/2P1B3/PP4PP/R4RK1 b - - 1 17,f5e4 h5f7 g8h7 f1f6 e7f6 f7d7,2372,90,90,1929,advantage long middlegame pin,https://lichess.org/Ynra1LLE/black#34,Russian_Game Russian_Game_Italian_Variation
00UQj,6r1/pp1qbpk1/8/2pPp1r1/2P1Pp2/P1N2Qp1/3B2K1/R6R w - - 0 31,h1h3 d7h3 g2h3 g3g2,2375,91,89,1627,advancedPawn crushing master middlegame sacrifice short,https://lichess.org/uZNJ299M#61,
002mG,5r1k/B1p3pp/2Qb1p2/3Pq3/P6P/8/2P3K1/3R1R2 w - - 1 36,g2f2 f8e8 c6e8 e5e8,2377,82,88,205,advantage middlegame quietMove short,https://lichess.org/age2hanq#71,
01FAd,8/8/8/8/3R1pkP/1r6/6K1/8 w - - 1 46,h4h5 b3b2 g2f1 g4g3 d4d6 b2b1 f1e2 f4f3 e2e3 b1e1,2379,77,98,860,crushing endgame exposedKing rookEndgame veryLong,https://lichess.org/MNrpQKfz#91,
00Mf0,2kr3r/pp1b1pq1/2n1p3/2Pp4/5Np1/1QP3P1/P4PBP/R4RK1 b - - 4 19,g7h6 f1b1 h6h2 g1f1 c6a5 b3b4,2380,97,89,682,advantage long master middlegame quietMove,https://lichess.org/rkMC42R8/black#38,
00lex,8/8/1p6/p1p2kPp/P6P/5K2/8/8 b - - 2 43,b6b5 a4b5 a5a4 b5b6 a4a3 b6b7 a3a2 b7b8q a2a1q b8c8 f5g6 c8g8,2386,75,96,700,advancedPawn crushing endgame pawnEndgame promotion veryLong,https://lichess.org/IQdBiegF/black#86,
00APl,3b1k2/1p4r1/p3qp1Q/8/8/3B1bP1/PP3P1P/2R3K1 b - - 0 29,d8b6 d3c4 f3d5 c4d5 e6d5 h6f6,2390,78,89,261,advantage long middlegame,https://lichess.org/daJYZiK5/black#58,
01ANO,5Nk1/2q3p1/2p1Pp2/1p3P2/1PpP4/2P1n3/3b2Q1/5R1K w - - 1 32,g2h3 e3f1 f8g6 c7h2 h3h2 f1h2 h1h2 d2c3 g6e7 g8f8,2392,79,92,2532,crushing endgame exposedKing veryLong,https://lichess.org/pkCHmW5V#63,
00Pgk,r2q1rk1/pbp1bp2/1p2pn1Q/5nN1/8/P1NB4/1PP3PP/R4RK1 w - - 2 17,d3f5 d8d4 g1h1 e6f5,2393,85,85,161,advantage intermezzo middlegame short,https://lichess.org/pe4L6fzJ#33,French_Defense French_Defense_Henneberger_Variation
004Ys,r4rk1/3q1pbp/p1n1p1p1/2p3NP/1p3B2/3P3Q/PPP3P1/R3R1K1 b - - 2 19,d7d4 f4e3 d4f6 e1f1 f6e5 h5g6 e5e3 h3e3,2417,85,90,471,advantage defensiveMove middlegame veryLong,https://lichess.org/LcIJdugn/black#38,Sicilian_Defense Sicilian_Defense_McDonnell_Attack
01clX,8/8/2p2k2/1p2rp2/p2R2pP/P1P3P1/5PK1/8 b - - 2 47,e5d5 d4d5 c6d5 g2f1,2418,88,82,316,crushing defensiveMove endgame rookEndgame short,https://lichess.org/SEvRZOSC/black#94,
00XPh,2br3k/5p1p/ppn2Np1/2b1q1P1/2P1p2N/P7/1PQ1B1K1/R4R2 w - - 6 27,c2c1 c5d6 c1f4 e5f4 f1f4 d6f4,2426,76,81,382,crushing long middlegame,https://lichess.org/8CP4mZnr#53,
00sQw,8/8/2bk4/p3pB2/5P1p/P2KP3/8/8 w - - 1 40,d3c4 e5f4 e3f4 c6d7 f5d7 d6d7,2433,78,91,1345,bishopEndgame crushing endgame long,https://lichess.org/b3xSt9cD#79,
00pXW,r2qr1k1/3n1pp1/p2bp2p/1p1b2NQ/5P2/3BB3/PPP3PP/R4RK1 b - - 1 17,h6g5 f4g5 f7f5 g5f6 d7f6 f1f6,2434,90,90,386,advantage enPassant long middlegame,https://lichess.org/v1UUIAn8/black#34,Sicilian_Defense Sicilian_Defense_Najdorf_Variation
018Cs,6rr/pp1k1p2/1q2p1b1/2bpQ3/3n1B1P/2N2P2/PPP5/2KR2NR b - - 1 20,d4c2 c3d5 e6d5 d1d5 d7c6 d5c5 b6c5 e5c7 c6b5 a2a4 b5c4 b2b3 c4b3 c7c5,2435,76,84,172,advantage deflection middlegame sacrifice veryLong,https://lichess.org/v9zzUMTg/black#40,
00FGc,1r4k1/5p2/2q3bp/4R3/p1r5/P1N5/1PP1Q2P/1KR5 w - - 2 33,b1a2 c4c3 b2c3 f7f6,2438,84,86,137,advantage middlegame sacrifice short,https://lichess.org/N39SSpf9#65,
004sg,6k1/p3b2p/1p1pP3/2p3P1/1Pnp3B/P6P/3Q3K/8 w - - 0 38,b4c5 c4d2 c5c6 d6d5 g5g6 e7d6,2439,95,90,1394,advantage clearance endgame hangingPiece long quietMove,https://lichess.org/pSRIvt7K#75,
00lhJ,3q3k/3n4/3PQ2p/p3P1r1/P1P4b/2N1p2P/1r6/R5RK b - - 1 32,d7e5 e6h6 h8g8 h6h4 b2h2 h1h2 e5f3 h2h1 f3h4 g1g5,2446,79,84,180,crushing fork middlegame veryLong,https://lichess.org/kllp2DcO/black#64,
005ws,8/8/5pp1/3K3p/3N2kP/8/8/8 w - - 2 62,d5e6 g6g5 h4g5 f6g5 e6d5 h5h4 d5e4 h4h3 d4f3 g4g3,2448,78,93,2507,crushing endgame knightEndgame master masterVsMaster quietMove veryLong,https://lichess.org/LOwACSXb#123,
01A5W,4r1k1/pp3p2/3p1Ppq/5P2/4r3/6RP/PP3Q2/6RK b - - 2 39,e4e2 g3g6 f7g6 f6f7 g8f7 f5g6 f7e7 f2e2,2453,79,92,4590,advancedPawn attraction crushing discoveredCheck doubleCheck endgame interference intermezzo sacrifice veryLong,https://lichess.org/oykaypz8/black#78,
00Xop,r2q1rk1/2p2nbp/1B1p2p1/4p1N1/4P1P1/1bN4P/PP1Q1P2/2KR3R w - - 0 18,b6c7 d8c7 a2b3 f7g5,2466,91,87,1379,crushing hangingPiece master middlegame short,https://lichess.org/Bw3qJ0LJ#35,Queens_Pawn_Game Queens_Pawn_Game_Other_variations
01LYN,r1b2r2/pp3pk1/2p1p1p1/4qnBp/2B5/2P2Q2/PP3PPP/R4RK1 b - - 0 16,f5d6 g5f4 e5c5 b2b4 c5c4 f4d6,2472,99,90,838,advantage long middlegame,https://lichess.org/Y01wV3Vb/black#32,Sicilian_Defense Sicilian_Defense_Old_Sicilian
00gbj,8/8/8/3k2K1/6nP/6P1/8/8 b - - 4 57,g4e5 g5f5 e5c4 h4h5 c4d6 f5g6,2476,95,87,368,crushing defensiveMove endgame knightEndgame long quietMove,https://lichess.org/TwMT1En7/black#114,
00CbV,2r3k1/5p2/p3p1nQ/3pPP2/2qN4/2b3BP/7K/4R3 b - - 0 33,c3e1 f5f6 e1g3 h2g3 c4d3 d4f3 d3f3 g3f3 g6h4 h6h4,2479,78,92,1354,crushing middlegame veryLong,https://lichess.org/B294fXRo/black#66,
01Bxs,r2q1rk1/3b1pbp/pppQ4/2B2P2/6n1/1BN5/PPP3PP/R4RK1 w - - 0 17,c5d4 d8b8 b3f7 f8f7 d6b8 a8b8,2481,81,91,1030,advantage long middlegame,https://lichess.org/SklnG4s1#33,Scotch_Game Scotch_Game_Other_variations
00wau,r5k1/p2Q1pbp/1p4p1/8/5B2/1q5P/3R1PPK/8 b - - 1 26,g7c3 d7c6 c3d2 c6a8 g8g7 f4d2,2482,90,89,166,advantage endgame long,https://lichess.org/BcRkF8nS/black#52,
00q7B,Q6r/p1pqk1bp/3ppnp1/2n5/4P3/2N2N2/PB3PPP/R3R1K1 w - - 2 15,e4e5 h8a8 e5f6 e7f6 c3e4 f6f7 e4c5 d6c5,2483,90,80,141,advantage middlegame veryLong,https://lichess.org/Mkfu17FO#29,Danish_Gambit_Accepted Danish_Gambit_Accepted_Other_variations
01jGY,8/6p1/6pp/3RP3/2p3PP/2Pk4/6r1/4K3 b - - 0 54,d3c3 e5e6 g2g1 e1e2 g1g4 d5e5,2487,95,90,676,advantage defensiveMove endgame long rookEndgame,https://lichess.org/212CnKys/black#108,
01LSB,8/8/p3k1p1/Pp1pB3/3PnK2/1P6/6P1/8 w - - 2 38,b3b4 e4f2 e5c7 f2d3,2488,83,85,111,crushing endgame master masterVsMaster quietMove short,https://lichess.org/5JrKbdvP#75,
01JUS,8/2k4p/2P1Kpp1/8/5P2/8/7P/8 b - - 1 48,f6f5 e6d5 g6g5 f4g5 f5f4 d5e4 c7c6 e4f4,2489,80,91,1160,crushing endgame pawnEndgame veryLong,https://lichess.org/qSvjNJDM/black#96,
01QK3,r4rk1/p4p1p/2p1b2R/3q4/2P2Qp1/8/PP4PP/5R1K b - - 0 23,d5c5 f4e4 f7f5 e4e6 f8f7 h6h7,2490,78,91,552,crushing long middlegame pin,https://lichess.org/Nm6Tpy4t/black#46,
01Wye,8/7P/8/2k1b3/2P1Pp2/1p3K2/8/3N4 w - - 1 59,f3g4 c5c4 g4f5 c4d4 h7h8q e5h8,2492,77,93,1074,crushing endgame long,https://lichess.org/gH7SBeQk#117,
00bQR,2r4r/pp1k1ppp/1q2p3/3pP3/Pb1n4/1P1Q4/3B1PPP/RN3RK1 b - - 5 15,c8c2 a4a5 b6c5 d2b4 c5b4 a1a4,2502,88,85,145,advantage long middlegame,https://lichess.org/1RHiWlzj/black#30,French_Defense French_Defense_Advance_Variation
00H5n,8/5Rpk/3p3p/p1qPp3/P3n3/5N1P/1Q3PPK/2r5 b - - 0 35,e4f2 b2b7 c1h1 h2g3 f2e4 g3g4 e4f6 f7f6 c5b4 b7b4,2503,83,91,572,advantage endgame pin quietMove veryLong,https://lichess.org/84oSZ8O3/black#70,
01iTZ,r2b1r1k/p2bqppp/3N4/1N6/1P1nBP2/P1Pn3P/6P1/R2Q1RK1 w - - 0 24,c3d4 d7b5 d1h5 f7f5,2503,80,94,560,advantage opening short,https://lichess.org/hCijpZEs#47,
00GuG,2R5/7p/1K4k1/8/5p2/5n2/8/8 w - - 0 63,c8c6 g6f5 b6c5 h7h5,2511,93,91,1550,advantage defensiveMove endgame master short,https://lichess.org/6xU6SaA2#125,
00spT,1r4k1/2p1q1pp/pnQ5/4p3/2P5/N2B4/PP3rPP/2K1R2R w - - 0 20,h1f1 e7g5 c1b1 f2b2 b1a1 g5d2,2526,80,100,191,crushing long middlegame queensideAttack,https://lichess.org/TgJXGQdG#39,
00EUu,8/5P1P/1p4K1/8/6P1/8/2p5/k6r b - - 0 62,h1h6 g6h6 c2c1q g4g5 c1c6 h6g7,2529,99,91,3467,crushing defensiveMove endgame long,https://lichess.org/u5HjwjcV/black#124,
019vo,8/5ppp/8/5KPP/5P2/4k3/8/8 b - - 0 41,e3f3 h5h6 g7h6 g5h6 f3g3 f5g5,2530,81,94,784,crushing defensiveMove endgame long pawnEndgame zugzwang,https://lichess.org/R4mNzclw/black#82,
00Kip,8/6pp/8/3k4/2p2PPP/2K5/8/8 w - - 1 50,f4f5 d5e5 h4h5 h7h6 g4g5 h6g5,2531,82,93,507,crushing endgame long pawnEndgame quietMove,https://lichess.org/hcNxh7C3#99,
012Fl,2b2k1r/2q2p2/p1p2PpP/4p3/2r1B3/5Q2/P1P4P/R2R3K b - - 0 24,h8h6 f3e3 h6h2 h1h2,2537,79,81,205,crushing master middlegame short,https://lichess.org/A5XXEOaT/black#48,
00zu9,8/1p3p2/4p1k1/P2pPpPp/1p1P3K/1P5P/5P2/8 w - - 8 43,f2f3 f5f4 a5a6 f7f6 e5f6 b7a6,2540,85,92,774,crushing endgame long master pawnEndgame quietMove zugzwang,https://lichess.org/N8dGqspE#85,
00BKa,5rk1/p1Rb1ppp/2n1pn2/8/8/2P3P1/q4PBP/1rNQK2R b K - 2 16,f8c8 c7c8 d7c8 c1a2 b1d1 e1d1,2544,99,90,1569,advantage long middlegame,https://lichess.org/0bBHtpd4/black#32,French_Defense French_Defense_Winawer_Variation
006NL,1r6/k2qn1b1/p1b1p1p1/2PpPpN1/2nN1P1P/p4B2/1PP2Q2/1K1R3R w - - 0 32,d4c6 e7c6 b2b3 a3a2 b1a1 c4e5 f4e5 g7e5 a1a2 b8b5,2545,89,86,125,advancedPawn advantage middlegame pin veryLong,https://lichess.org/yA3M5Q6W#63,
002e8,r3nrk1/1b3pp1/4pb2/p3q3/1p1N4/3B2R1/PPPQN2P/1K4R1 b - - 1 23,a8d8 d2h6 g7g6 g3h3,2554,82,92,676,crushing defensiveMove master middlegame pin short,https://lichess.org/ygzu5djr/black#46,
01BBu,2r5/3R4/2P2p2/1P3P2/7k/6pp/1K6/8 w - - 2 48,d7h7 h4g4 c6c7 c8c7 h7c7 h3h2 b5b6 h2h1q,2558,87,92,580,advancedPawn crushing endgame promotion rookEndgame sacrifice veryLong,https://lichess.org/xI6LfrwV#95,
01icD,r4rk1/2p1q1p1/p7/Q2Rp2b/7P/2N1P1B1/PP3P2/2K5 b - - 1 24,a8d8 d5e5 e7d7 e5d5,2558,83,85,595,crushing fork master masterVsMaster middlegame short,https://lichess.org/S74huRTI/black#48,
00rnW,4r1k1/1rp2ppp/5q2/2p5/8/P2P4/R2Q1PPP/2R3K1 w - - 6 24,c1c5 b7b1 c5c1 e8e2 d2e2 b1c1,2560,99,90,296,crushing deflection endgame long pin,https://lichess.org/UpjEipzv#47,
019Ma,8/p1k5/P1P1ppp1/2K4p/5P1P/6P1/8/8 b - - 1 48,e6e5 c5d5 e5e4 d5e4 c7c6 f4f5,2575,98,91,963,crushing endgame long pawnEndgame,https://lichess.org/m3vIWZSu/black#96,
00UGu,7R/6rP/8/8/8/5p2/7K/5k2 w - - 5 67,h2h3 f3f2 h3h4 g7e7,2580,94,85,129,advancedPawn crushing endgame master rookEndgame short,https://lichess.org/pBD1nBPz#133,
00KgF,4r3/p5k1/1p5P/1P2P1K1/8/5N2/8/8 b - - 0 42,g7h7 g5h5 h7g8 f3g5 e8e5 h5g6 e5b5 h6h7,2589,79,100,118,advancedPawn crushing endgame quietMove sacrifice veryLong,https://lichess.org/o4AD9loc/black#84,
00Mei,8/6rk/6p1/1R3b1p/2pQ1P2/2P3P1/qP4PK/8 b - - 0 36,f5d3 d4d8 a2a7 b5b8 a7b8 d8b8,2591,86,83,216,advantage endgame long master quietMove,https://lichess.org/xvCSyLc3/black#72,
01HwG,r6k/1p2R1b1/3P2P1/8/b1B2p2/pKp2P1P/8/7R w - - 4 34,b3a3 a4d1 c4a6 c3c2,2600,99,91,713,advancedPawn advantage discoveredAttack discoveredCheck endgame master pin short,https://lichess.org/WWYKvTiO#67,
01D3S,6k1/pp4pp/r2P4/5q2/2PR4/B2RK1Pb/P6P/8 b - - 3 32,h3g2 d6d7 a6e6 e3d2 f5a5 d2c2,2605,81,84,335,advancedPawn advantage defensiveMove endgame long,https://lichess.org/XNZkP9zx/black#64,
01YTQ,8/6p1/2k4p/p1r5/3K4/1P1R1P1P/8/8 w - - 12 46,d3c3 c5c3 d4c3 g7g5,2607,83,100,205,crushing defensiveMove endgame rookEndgame short,https://lichess.org/dsfAPWbn#91,
01W7X,8/1R6/p1r1k3/2P2p2/1P6/1K6/3R4/r7 b - - 2 48,a6a5 d2e2 e6f6 b7b6,2612,90,91,1094,crushing endgame rookEndgame short,https://lichess.org/7tpihtDC/black#96,
00pny,3r2rk/p3b2p/2n2p2/2pnNPPq/1p1p3P/3P1Q2/PPP3B1/R1B1R1K1 b - - 0 24,h5h4 e5f7 h8g7 e1e4,2619,100,82,150,crushing fork master middlegame short,https://lichess.org/dxcSKEfa/black#48,
016ck,8/2k5/1p3p2/p1PBp1p1/P2bP1Pn/4BP2/5K2/8 w - - 1 55,c5b6 c7b6 f2e2 d4e3 e2e3 b6c5,2621,85,97,412,crushing endgame long,https://lichess.org/PVvyxG44#109,
00A8H,1k6/1pb2p2/p1p1p3/2P5/PP6/1KB5/4q3/1R1R4 b - - 1 38,c7e5 d1d8 b8a7 b1e1 e2e1 c3e1,2625,85,100,154,clearance crushing endgame long,https://lichess.org/rMR9LIY8/black#76,
002e5,r2q4/pp1n1kbp/3P2b1/6N1/6Q1/P3P3/6P1/4K2R b K - 1 21,f7g8 g4c4 g8h8 h1h7 g6h7 g5f7,2632,78,85,388,crushing long middlegame sacrifice,https://lichess.org/qaapuG48/black#42,
011jz,2rrk3/p1p2p2/1p3P2/2p1P1PR/7p/1P6/P5P1/6K1 b - - 0 32,d8d5 h5h8 e8d7 h8c8 d7c8 e5e6,2633,82,100,324,advantage endgame long rookEndgame,https://lichess.org/6KYnVEu8/black#64,
00sJ9,r3r1k1/p4ppp/2p2n2/1p6/3P1qb1/2NQR3/PPB2PP1/R1B3K1 w - - 5 18,e3g3 e8e1 g1h2 e1c1 a1c1 f4h6 h2g1 h6c1,2642,93,91,923,advantage attraction fork middlegame sacrifice veryLong,https://lichess.org/gyFeQsOE#35,French_Defense French_Defense_Exchange_Variation
00RPk,8/2p5/5ppp/1PkP4/p4PPP/P1K5/8/8 b - - 0 39,c5b5 c3d4 c7c5 d5c6 b5c6 d4c4,2644,86,92,1799,advantage defensiveMove enPassant endgame long pawnEndgame,https://lichess.org/vOFXdfEu/black#78,
01AO3,6k1/8/2p3p1/3pp2p/1P5P/2P2P2/6P1/6K1 w - - 0 34,g2g4 g6g5 h4g5 h5h4,2645,86,86,273,crushing defensiveMove endgame master pawnEndgame short,https://lichess.org/lrIgN0wg#67,
01cHu,4r1k1/2q1Ppp1/2pR1n2/p4NpP/8/PQ6/2P5/2K5 w - - 1 31,d6f6 g7f6 f5h6 g8h8 h6f7 h8g7 h5h6 g7g6,2647,81,94,398,advantage endgame hangingPiece veryLong,https://lichess.org/vjALO2rC#61,
00qFT,8/8/2B4p/3nk1p1/P3p3/7P/8/6K1 w - - 0 41,c6d5 e5d5 g1f2 h6h5 f2e3 g5g4 h3g4 h5h4 a4a5 h4h3 a5a6 d5c6 a6a7 c6b7 a7a8r b7a8,2669,88,85,268,crushing endgame quietMove veryLong,https://lichess.org/TQpdTR2b#81,
01WWa,6k1/pp3pbp/1qp3p1/8/8/2PB1Q1P/Pr3PP1/4R1K1 b - - 1 22,g7c3 d3c4 b2f2 e1e8 g8g7 f3c3,2670,82,82,221,advantage endgame long,https://lichess.org/NdZyCXD9/black#44,
01WXF,r1b2rk1/p4qbp/1p3pp1/2R5/2pBPP2/1P3Q1P/P1B3P1/5RK1 w - - 0 23,c5c6 f7d7 c6c4 b6b5 d4c5 b5c4,2674,95,91,950,advantage fork long middlegame,https://lichess.org/phuJnNqg#45,
01YsU,3r3k/1K2bQp1/4P2p/1Pp5/2P5/r7/8/8 b - - 7 43,d8a8 b5b6 e7d6 b7c6,2685,88,85,251,advantage endgame short,https://lichess.org/3CbNxgTj/black#86,
01Qnk,4Q3/2p2ppk/p2bb2p/4N3/3PPP1q/2P5/Pr4PP/RN3RK1 w - - 1 17,e5f7 h4g4 e8h8 h7g6 b1d2 b2d2 f7e5 d6e5,2690,93,92,541,crushing middlegame veryLong,https://lichess.org/K93YlVyz#33,Ruy_Lopez Ruy_Lopez_Berlin_Defense
00Oyf,8/1p6/7p/3k1pp1/1P5P/3K1P2/6P1/8 w - - 0 39,h4g5 h6g5 d3c3 d5e5 c3c4 e5f4 c4c5 f4g3,2696,89,83,199,crushing endgame pawnEndgame veryLong zugzwang,https://lichess.org/eysZBqWU#77,
00jdm,r3r1k1/ppp2ppN/3p4/2bq1b1Q/3p4/3B1P2/PPP4P/R1B3K1 b - - 2 22,g7g6 h7f6 g8g7 h5h4 e8h8 h4h8 a8h8 f6d5 f5d3 c2d3,2708,95,95,487,advantage fork middlegame veryLong,https://lichess.org/6snrVDus/black#44,
00CNA,rnbq1r2/pp1n2bk/3pB1p1/4P1N1/5P2/2p5/PPP3P1/R1BQK3 b Q - 1 13,h7h8 d1d3 d8g5 f4g5,2717,90,92,1131,crushing opening short,https://lichess.org/FSuTnQiL/black#26,Pirc_Defense Pirc_Defense_Austrian_Attack
01Isj,1kq1r2r/p1p2pp1/1pPb4/3P3p/Q1B2nb1/4B3/P2N1PPP/1R2R1K1 b - - 1 20,h5h4 c4a6 c8f5 e3b6 e8e1 b1e1 c7b6 c6c7 d6c7 e1e8 h8e8 a4e8 f5c8 a6c8,2728,99,80,107,advancedPawn crushing middlegame queensideAttack sacrifice veryLong,https://lichess.org/YoMn61lq/black#40,
00iXO,r6r/pp2kB2/1bpR1p2/4p1p1/6b1/1QP3p1/PP3PP1/4R1K1 w - - 2 23,d6d2 b6f2 d2f2 h8h1 g1h1 g3f2,2738,89,95,675,advancedPawn advantage fork long middlegame sacrifice,https://lichess.org/asLbpMTy#45,
01e9g,8/7p/1p4p1/p1kp1pP1/P4P1P/1PPK4/8/8 b - - 0 32,c5c6 d3d4 c6d6 c3c4 d5c4 b3c4 d6c6 d4e5 c6c5 e5f6 c5c4 f6g7,2740,86,85,391,crushing endgame pawnEndgame veryLong zugzwang,https://lichess.org/q6CYyMnO/black#64,
00eYd,rq3rk1/1p3ppp/p2p2n1/3Bp3/4P1R1/P3QPR1/1P3P2/7K b - - 0 24,b8c7 g4g6 h7g6 e3g5 c7d8 g5g6,2768,86,97,246,advantage long master middlegame pin sacrifice,https://lichess.org/6LoVaUuw/black#48,
00rjB,2r3k1/pb3qN1/1p2p2p/2b5/6n1/2Pp2B1/PPQ2PP1/1BR1R1K1 w - - 0 28,c2d2 c5f2 g3f2 f7c7 d2h6 g4h6,2790,99,100,166,advantage fork long middlegame sacrifice,https://lichess.org/g1JRNZ58#55,
01AyE,8/4k3/ppp2pKp/4p2P/PPP5/3P4/8/8 b - - 2 38,e7e6 g6h6 e6f7 b4b5 a6b5 c4b5 c6c5 a4a5,2791,90,99,371,crushing endgame pawnEndgame veryLong,https://lichess.org/oT5KavrO/black#76,
00jmD,8/1pp5/8/PP4p1/3k1pP1/8/1bbBB3/5K2 b - - 2 41,c2d3 e2d3 d4d3 d2e1 d3c4 a5a6 b7a6 b5a6 b2d4 e1f2,2933,99,98,458,bishopEndgame crushing endgame quietMove veryLong,https://lichess.org/KmRwxrg3/black#82,
